LP,DP
1891.98,1892.6
1891.96108,1893.2
1891.942161,1893.6
1891.923241,1894
1891.904322,1894.4
1891.885403,1894.8
1891.866484,1895.2
1891.847565,1895.8
1891.828647,1896.2
1891.809729,1896.6
1891.790811,1897
1891.771893,1897.4
1891.752975,1897.8
1891.734057,1898.2
1891.71514,1898.6
1891.696223,1899
1891.677306,1899.4
1891.658389,1899.8
1891.639473,1900.2
1891.620556,1900.6
1891.60164,1901
1891.582724,1901.4
1891.563808,1901.8
1891.544892,1902.4
1891.525977,1903
1891.507062,1903.4
1891.488147,1903.8
1893.776398,1904.2
1901.257461,1904.6
1908.738448,1905
1908.719361,1905.4
1908.700274,1905.8
1908.681187,1906.2
1908.6621,1906.6
1908.643013,1907
1908.623927,1907.6
1908.60484,1908.2
1908.585754,1908.8
1908.566669,1909.2
1908.547583,1909.6
1908.528497,1910
1908.509412,1910.4
1908.490327,1911
1908.471242,1911.6
1908.452157,1912
1908.433073,1912.4
1908.413989,1912.8
1908.394904,1913.2
1908.37582,1913.6
1908.356737,1914
1908.337653,1914.4
1908.31857,1914.8
1908.299487,1915.2
1908.280404,1915.6
1908.261321,1916
1908.242238,1916.4
1908.223156,1916.8
1910.487907,1917.2
1917.968802,1917.6
1925.449622,1918.2
1925.430368,1918.6
1925.411113,1919
1925.391859,1919.4
1925.372605,1919.8
1925.353352,1920.2
1925.334098,1920.6
1925.314845,1921
1925.295592,1921.4
1925.276339,1921.8
1925.257086,1922.2
1925.237833,1922.6
1925.218581,1923.2
1925.199329,1923.8
1925.180077,1924.2
1925.160825,1924.6
1925.141573,1925
1925.122322,1925.4
1925.103071,1925.8
1925.08382,1926.2
1925.064569,1926.6
1925.045318,1927
1925.026068,1927.4
1925.006818,1927.8
1924.987568,1928.2
1924.968318,1928.8
1924.949068,1929.4
1924.929818,1929.8
1926.804902,1930.2
1934.285634,1930.6
1941.766292,1931
1941.746874,1931.4
1941.727456,1932
1941.708039,1932.4
1941.688622,1932.8
1941.669205,1933.2
1941.649789,1933.6
1941.630372,1934
1941.610956,1934.4
1941.59154,1934.8
1941.572124,1935.2
1941.552708,1935.6
1941.533292,1936
1941.513877,1936.4
1941.494462,1936.8
1941.475047,1937.2
1941.455632,1937.6
1941.436218,1938
1941.416803,1938.6
1941.397389,1939
1941.377975,1939.4
1941.358561,1939.8
1941.339148,1940.2
1941.319734,1940.6
1941.300321,1941
1941.280908,1941.4
1941.261495,1941.8
1941.242083,1942.2
1943.17567,1942.6
1950.656239,1943
1958.136732,1943.6
1958.117151,1944.2
1958.09757,1944.8
1958.077989,1945.2
1958.058408,1945.6
1958.038827,1946
1958.019247,1946.4
1957.999667,1947
1957.980087,1947.4
1957.960507,1947.8
1957.940927,1948.2
1957.921348,1948.6
1957.901769,1949
1957.88219,1949.4
1957.862611,1949.8
1957.843032,1950.2
1957.823454,1950.6
1957.803875,1951
1957.784297,1951.4
1957.76472,1951.8
1957.745142,1952.2
1957.725565,1952.6
1957.705987,1953
1957.68641,1953.4
1957.666833,1953.8
1957.647257,1954.2
1957.62768,1954.6
1957.608104,1955
1959.575361,1955.4
1967.055765,1955.8
1974.536095,1956.2
1974.516349,1956.6
1974.496604,1957
1974.476859,1957.4
1974.457115,1957.8
1974.43737,1958.2
1974.417626,1958.6
1974.397881,1959
1974.378137,1959.4
1974.358394,1959.8
1974.33865,1960.2
1974.318907,1960.6
1974.299164,1961.2
1974.279421,1961.8
1974.259678,1962.2
1974.239935,1962.6
1974.220193,1963
1974.200451,1963.4
1974.180709,1963.8
1974.160967,1964.2
1974.141225,1964.6
1974.121484,1965
1974.101743,1965.4
1974.082001,1965.8
1974.062261,1966.2
1974.04252,1966.6
1974.02278,1967
1974.003039,1967.4
1975.713966,1967.8
1983.194209,1968.2
1990.674377,1968.6
1990.65447,1969
1990.634564,1969.4
1990.614657,1969.8
1990.594751,1970.2
1990.574845,1970.6
1990.554939,1971
1990.535034,1971.4
1990.515129,1971.8
1990.495223,1972.2
1990.475318,1972.6
1990.455414,1973
1990.435509,1973.4
1990.415605,1973.8
1990.395701,1974.2
1990.375797,1974.6
1990.355893,1975
1990.335989,1975.4
1990.316086,1975.8
1990.296183,1976.2
1990.27628,1976.6
1990.256377,1977
1990.236475,1977.4
1990.216572,1977.8
1990.19667,1978.2
1990.176768,1978.6
1990.156866,1979
1990.136965,1979.4
1991.61223,1979.8
1999.092314,1980.2
2006.572323,1980.6
2006.552257,1981
2006.532192,1981.4
2006.512126,1981.8
2006.492061,1982.2
2006.471996,1982.6
2006.451932,1983
2006.431867,1983.4
2006.411803,1983.8
2006.391739,1984.2
2006.371675,1984.6
2006.351611,1985
2006.331548,1985.4
2006.311484,1985.8
2006.291421,1986.2
2006.271358,1986.6
2006.251295,1987
2006.231233,1987.4
2006.211171,1987.8
2006.191109,1988.2
2006.171047,1988.6
2006.150985,1989
2006.130923,1989.4
2006.110862,1989.8
2006.090801,1990.2
2006.07074,1990.6
2006.050679,1991
2006.030619,1991.4
2007.367725,1991.8
2014.847652,1992.2
2022.327503,1992.6
2022.30728,1993
2022.287057,1993.4
2022.266834,1993.8
2022.246611,1994.2
2022.226389,1994.6
2022.206166,1995
2022.185944,1995.4
2022.165723,1995.8
2022.145501,1996.2
2022.125279,1996.6
2022.105058,1997
2022.084837,1997.4
2022.064616,1997.8
2022.044396,1998.2
2022.024175,1998.6
2022.003955,1999
2021.983735,1999.4
2021.963515,1999.8
2021.943295,2000.2
2021.923076,2000.6
2021.902857,2001
2021.882638,2001.4
2021.862419,2001.8
2021.8422,2002.2
2021.821982,2002.6
2021.801764,2003
2021.781546,2003.4
2023.233328,2003.8
2030.713095,2004.2
2038.192788,2004.6
2038.172406,2005
2038.152025,2005.4
2038.131643,2005.8
2038.111262,2006.2
2038.090881,2006.6
2038.0705,2007
2038.050119,2007.4
2038.029739,2007.8
2038.009358,2008.2
2037.988978,2008.6
2037.968598,2009
2037.948219,2009.4
2037.927839,2009.8
2037.90746,2010.2
2037.887081,2010.6
2037.866702,2011
2037.846323,2011.4
2037.825945,2011.8
2037.805567,2012.2
2037.785189,2012.6
2037.764811,2013
2037.744433,2013.4
2037.724056,2013.8
2037.703678,2014.2
2037.683301,2014.6
2037.662924,2015
2037.642548,2015.4
2039.159171,2015.8
2046.63878,2016.2
2054.118313,2016.6
2054.097772,2017
2054.077231,2017.4
2054.056691,2017.8
2054.03615,2018.2
2054.01561,2018.6
2053.995069,2019
2053.974529,2019.4
2053.95399,2019.8
2053.93345,2020.2
2053.912911,2020.6
2053.892372,2021
2053.871833,2021.4
2053.851294,2021.8
2053.830756,2022.2
2053.810217,2022.6
2053.789679,2023
2053.769141,2023.4
2053.748604,2023.8
2053.728066,2024.2
2053.707529,2024.6
2053.686992,2025
2053.666455,2025.4
2053.645918,2026
2053.625382,2026.6
2053.604845,2027.2
2053.584309,2027.8
2053.563774,2028.2
2055.93546,2028.6
2063.414901,2029.2
2070.894266,2029.8
2070.873558,2030.4
2070.852849,2031
2070.83214,2031.6
2070.811432,2032.2
2070.790724,2032.8
2070.770016,2033.4
2070.749308,2034
2070.728601,2034.6
2070.707893,2035.2
2070.687186,2035.8
2070.666479,2036.4
2070.645773,2037
2070.625066,2037.6
2070.60436,2038.2
2070.583654,2038.8
2070.562948,2039.4
2070.542243,2040
2070.521537,2040.6
2070.500832,2041.2
2070.480127,2041.8
2070.459422,2042.4
2070.438718,2043
2070.418542,2043.6
2070.397838,2044.2
2070.377134,2044.8
2070.35643,2045.4
2070.343676,2046
2076.552942,2046.6
2084.032176,2047.2
2091.511336,2047.8
2091.490421,2048.4
2091.469506,2049
2091.448591,2049.6
2091.427677,2050.2
2091.406762,2050.8
2091.385848,2051.4
2091.364934,2052
2091.344021,2052.6
2091.323107,2053.2
2091.302194,2053.8
2091.281281,2054.4
2091.260368,2055
2091.239456,2055.6
2091.218543,2056.2
2091.197631,2056.8
2091.176719,2057.4
2091.155807,2058
2091.146599,2058.6
2091.140476,2059.2
2091.119564,2059.8
2091.098653,2060.4
2091.077742,2061
2091.056831,2061.6
2091.035921,2062.2
2091.076298,2063
2091.148625,2063.8
2091.570793,2064.6
2099.049878,2065.4
2106.528887,2066.2
2114.007822,2067
2114.066952,2067.8
2114.149162,2068.6
2114.211892,2069.4
2114.254338,2070.2
2114.270691,2071
2114.249548,2071.6
2114.228406,2072.2
2114.207263,2072.8
2114.186121,2073.4
2114.16498,2074
2114.143838,2074.6
2114.122696,2075.2
2114.101555,2075.8
2114.080414,2076.4
2114.059273,2077
2114.072565,2077.8
2114.101477,2078.6
2114.1477,2079.4
2114.208762,2080.2
2114.230461,2081
2114.228276,2081.8
2114.24229,2082.6
2114.380898,2083.4
2114.545347,2084.2
2114.739581,2085
2114.954321,2086
2116.299264,2087
2123.778101,2087.8
2131.256863,2088.6
2138.73555,2089.6
2138.949351,2090.6
2139.145371,2091.6
2139.330859,2092.4
2139.512156,2093.2
2139.662039,2094
2139.854344,2094.8
2140.087917,2095.8
2140.30201,2096.8
2140.483648,2097.6
2140.657893,2098.4
2140.810112,2099.2
2140.964168,2100
2141.157069,2100.8
2141.411946,2101.8
2141.680577,2102.8
2141.967377,2103.8
2142.246232,2104.8
2142.51256,2105.8
2142.766669,2106.8
2143.126669,2107.8
2143.489137,2108.8
2143.857772,2109.8
2144.231935,2110.8
2144.604351,2111.8
2145.017835,2113
2145.443628,2114.2
2148.696046,2115.4
2156.174559,2116.6
2163.652997,2117.8
2171.131361,2119
2171.751534,2120.4
2172.382661,2121.8
2173.032373,2123.2
2173.810089,2124.6
2174.529532,2126
2175.252465,2127.4
2176.001817,2128.8
2176.642083,2130.2
2177.273791,2131.6
2177.933167,2133
2178.686241,2134.4
2179.458239,2135.8
2180.290887,2137.4
2181.11633,2139
2181.869197,2140.4
2182.568327,2141.8
2183.339666,2143.2
2184.160095,2144.8
2185.001467,2146.4
2185.821297,2148
2186.627341,2149.6
2187.38412,2151
2188.152318,2152.4
2188.976622,2154
2189.83209,2155.6
2190.597384,2157
2194.197667,2158.4
2201.675725,2159.8
2209.153708,2161
2216.631616,2162.2
2217.241007,2163.6
2217.83044,2164.8
2218.387554,2166
2218.910488,2167.2
2219.429727,2168.4
2219.941579,2169.6
2220.492523,2170.8
2221.127776,2172.2
2221.816706,2173.6
2222.54189,2175
2223.28463,2176.4
2224.028704,2177.8
2224.772084,2179.2
2225.561003,2180.6
2226.527501,2182.2
2227.499014,2183.8
2228.577636,2185.6
2229.64386,2187.4
2230.678436,2189.2
2231.627844,2190.8
2232.52259,2192.4
2233.435032,2194
2234.117897,2195.4
2234.762867,2196.8
2235.426721,2198.2
2236.079384,2199.6
2240.144732,2201
2247.622331,2202.4
2255.099854,2203.8
2262.577303,2205.2
2263.290098,2206.6
2263.95051,2208
2264.518121,2209.2
2264.923977,2210.4
2265.438195,2211.6
2265.967634,2212.8
2266.59503,2214.2
2267.263034,2215.6
2267.957376,2217
2268.610098,2218.4
2269.286519,2219.8
2269.981889,2221.2
2270.685529,2222.6
2271.382243,2224
2272.059177,2225.4
2272.613195,2226.6
2273.133192,2227.8
2273.650608,2229
2274.187181,2230.2
2274.727605,2231.4
2275.284945,2232.6
2275.838206,2233.8
2276.378658,2235
2276.909718,2236.2
2277.558307,2237.6
2278.194662,2239
2281.648967,2240.4
2289.126151,2241.6
2296.603259,2243
2304.080293,2244.2
2304.624883,2245.4
2304.922318,2246.4
2305.446836,2247.6
2305.993013,2248.8
2306.610501,2250.2
2307.265385,2251.6
2307.872925,2253
2308.452067,2254.2
2309.111806,2255.6
2309.876145,2257
2310.662566,2258.4
2311.397253,2259.8
2312.083949,2261.2
2312.695299,2262.6
2313.415452,2264
2314.136106,2265.4
2314.795292,2266.8
2315.457502,2268.2
2316.118996,2269.6
2316.732425,2271
2317.37416,2272.4
2318.094437,2273.8
2318.780861,2275.2
2319.573545,2276.6
2320.41512,2278.2
2321.280635,2279.8
2325.639862,2281.4
2333.116606,2283
2340.593274,2284.6
2348.069869,2286.2
2348.934923,2287.8
2349.804464,2289.4
2350.638334,2291
2351.418508,2292.4
2352.216543,2294
2353.124216,2295.6
2354.00557,2297.2
2354.81453,2298.8
2355.643072,2300.4
2356.501842,2302
2357.395747,2303.6
2358.385732,2305.2
2359.368063,2306.8
2360.223098,2308.4
2360.511882,2309.4
2361.053091,2310.6
2361.971066,2312.2
2363.035898,2314
2363.589895,2315.2
2364.487268,2316.8
2365.384026,2318.4
2366.270832,2320
2367.06288,2321.4
2367.23086,2322.2
2367.49089,2323.2
2367.676242,2324
2367.652565,2324.4
2372.599202,2324.4
2380.075476,2324.4
2387.551675,2323.2
2385.883307,2322.4
2383.325873,2320.6
2383.273625,2319.8
2383.249793,2319
2383.22596,2317.6
2383.202128,2317.6
2383.272011,2318.4
2383.608304,2319.4
2383.946269,2320.4
2384.262482,2321.4
2384.573147,2322.4
2384.886287,2323.4
2384.862438,2321.6
2385.059238,2322.6
2385.579734,2323.8
2386.440017,2325.4
2386.416153,2324.2
2386.392289,2322.6
2386.368425,2321.2
2386.344561,2321.2
2386.320698,2320.2
2387.389072,2322
2387.365198,2322
2387.341324,2321.8
2387.317451,2321.2
2387.293578,2321.6
2387.269705,2321.4
2387.245832,2320.6
2387.22196,2319.6
2387.198087,2319.4
2387.174215,2318.8
2387.150344,2318
2387.126472,2317.8
2387.102601,2317.6
2387.07873,2317.4
2387.054859,2316.8
2387.030989,2316.6
2387.007118,2317.2
2387.928079,2318.8
2388.930812,2320.6
2390.320224,2322.6
2391.680049,2324.6
2392.905446,2326.6
2393.788842,2328.2
2394.54297,2329.6
2395.164872,2331
2395.670525,2332.2
2396.252828,2333.4
2397.024874,2334.8
2397.780352,2336.2
2398.244563,2337.4
2398.22058,2338
2398.728868,2339.2
2398.993568,2340.2
2399.866896,2341.8
2400.879161,2343.6
2401.83767,2345.2
2405.762461,2346.8
2413.238403,2348.4
2420.714271,2350.2
2421.676627,2351.8
2422.515135,2353.4
2423.307483,2354.8
2424.039699,2356.2
2424.434153,2357.4
2424.409908,2358
2424.385664,2358.6
2424.563718,2359.4
2425.388166,2361
2426.101566,2362.4
2426.974455,2364
2427.507174,2365.2
2428.534086,2367
2429.62114,2368.8
2430.763399,2370.6
2431.853026,2372.4
2432.996455,2374.2
2434.093481,2376
2435.140512,2377.8
2436.162669,2379.6
2437.303513,2381.4
2438.478694,2383.2
2439.625342,2385
2440.734506,2386.8
2441.882227,2388.6
2443.03079,2390.4
2448.526356,2392.4
2456.001871,2394.2
2463.477311,2396
2470.952676,2397.8
2471.968528,2399.6
2472.445171,2400.8
2473.434712,2402.4
2475.442552,2405.2
2477.495915,2408
2479.473692,2410.6
2481.295529,2413.2
2483.138312,2415.8
2485.024686,2418.4
2487.054333,2421.2
2489.058897,2424
2491.00054,2426.6
2492.989966,2429.2
2494.935599,2431.8
2496.913117,2434.4
2498.959831,2437.2
2501.046066,2440
2503.069902,2442.8
2505.000826,2445.4
2506.783482,2447.8
2508.649743,2450.4
2510.513931,2453
2512.419094,2455.6
2514.228237,2458.2
2516.059552,2460.8
2518.522998,2463.4
2525.997813,2466
2533.472553,2468.6
2540.947218,2471
2548.421808,2473.2
2550.044778,2475.6
2552.032238,2478.2
2554.114891,2481
2556.416596,2484
2558.637119,2487
2560.765015,2489.8
2562.789056,2492.6
2564.901295,2495.4
2566.680699,2497.8
2568.928874,2500.8
2571.176696,2503.8
2573.072397,2506.4
2575.077217,2509.2
2577.247933,2512
2579.461295,2515
2580.883317,2517.2
2582.280403,2519.4
2583.548964,2521.4
2584.761854,2523.4
2586.071509,2525.4
2587.339844,2527.4
2588.568563,2529.4
2589.840061,2531.4
2591.226671,2533.4
2592.483886,2535.4
2593.54134,2537.2
2598.873547,2539
2606.347559,2540.8
2613.821495,2542.6
2621.295357,2544.4
2622.033031,2545.8
2622.955984,2547.4
2623.853671,2549
2624.622829,2550.4
2625.046611,2551.6
2625.436947,2552.6
2625.754446,2553.6
2626.006347,2554.6
2626.390865,2555.6
2626.620056,2556.6
2626.683825,2557.4
2626.876047,2558.4
2626.907134,2559.2
2626.92274,2560
2626.896471,2560.4
2626.870202,2561
2626.843933,2561.2
2626.872362,2562
2626.902258,2562.8
2626.886236,2563.4
2626.916445,2564.2
2627.05878,2565
2627.225174,2565.8
2627.340893,2566.6
2627.413519,2567.4
2627.387245,2568
2627.360971,2568.6
2634.452149,2569.2
2641.925805,2569.8
2649.399385,2570.4
2649.372891,2571
2649.346398,2571.4
2650.966761,2573.8
2652.696329,2576.2
2654.475533,2578.6
2656.285314,2581.2
2657.213121,2582.8
2657.936282,2584.2
2658.48615,2585.4
2659.070236,2586.6
2659.509471,2587.8
2659.82143,2588.8
2659.90318,2589.6
2659.876581,2590.2
2659.849982,2590.6
2659.823384,2590.8
2659.796786,2591
2659.770188,2591.2
2659.74359,2591.6
2659.716993,2590
2659.690395,2590.4
2660.21048,2591.6
2660.810571,2593
2661.367295,2594.2
2661.918412,2595.4
2662.403767,2596.6
2662.792701,2597.6
2667.891591,2598.8
2675.364912,2600
2682.838158,2601.2
2683.437192,2602.6
2684.030691,2604
2684.553748,2605.2
2685.113172,2606.4
2685.78312,2607.8
2686.34827,2609
2686.834108,2610.2
2687.248233,2611.4
2687.357007,2612.2
2687.55844,2613.2
2687.82421,2614.2
2688.141411,2615.2
2688.461726,2616.2
2688.861972,2617.4
2689.289376,2618.6
2689.677513,2619.6
2690.225187,2620.8
2690.849434,2622.2
2691.536705,2623.6
2692.173999,2625
2692.769376,2626.4
2693.327611,2627.6
2693.970447,2629
2694.605856,2630.4
2695.039194,2631.6
2695.464998,2632.8
2698.109796,2633.8
2705.582815,2634.8
2713.055759,2636
2720.528628,2637.2
2720.501423,2637.2
2720.474218,2637.2
2720.447013,2637.2
2720.419809,2637.2
2720.392604,2637.2
2720.365401,2637.2
2720.338197,2637.2
2720.310993,2637.2
2720.28379,2637.2
2720.256588,2637.2
2720.229385,2637.2
2720.202183,2637.2
2720.174981,2637.2
2720.147779,2637.2
2720.120577,2637.2
2720.093376,2637.2
2720.066175,2637.2
2720.038975,2637.2
2720.011774,2637.2
2719.984574,2637.2
2719.957374,2637.2
2719.930175,2637.2
2719.902975,2637.2
2719.875776,2637.2
2719.848578,2637.2
2719.821379,2637.2
2719.794181,2637.2
2719.766983,2637.2
2719.739785,2637.2
2719.712588,2637
2712.185391,2635.8
2704.658269,2634.2
2697.131222,2631.2
2689.604251,2630
2682.077355,2627.4
2674.550534,2626
2667.023789,2624
2659.497118,2622
2651.970524,2620.6
2644.444004,2619.6
2636.917559,2618.4
2629.39119,2617.2
2621.864896,2616.2
2614.338678,2615.2
2606.812534,2614.2
2599.286466,2613.4
2591.760473,2612.6
2584.234556,2612
2576.708713,2611.2
2569.182946,2611.2
2561.657254,2611.2
2554.131638,2611.2
2546.606096,2611.2
2539.08063,2611
2531.55524,2610.6
2524.029924,2610.6
2516.504684,2610.4
2508.979519,2610.2
2501.454429,2610.2
2493.929414,2610.2
2486.404475,2603
2478.879611,2595.8
2471.354822,2588.4
2463.830109,2581
2456.30547,2573.6
2448.780907,2566.2
2441.25642,2558.8
2433.732007,2551.4
2426.20767,2544.2
2418.683408,2536.8
2411.159221,2529.4
2403.635109,2522.2
2396.111073,2515
2388.587112,2507.6
2381.063226,2500.2
2373.539415,2492.8
2366.01568,2485.4
2358.49202,2478
2350.968435,2470.6
2343.444925,2463.2
2335.921491,2456
2328.398131,2448.8
2320.874847,2441.4
2313.351639,2434
2305.828505,2426.6
2298.305447,2419.2
2290.782464,2411.8
2283.259556,2404.4
2275.736723,2397
2268.213966,2389.6
2260.691284,2382.2
2253.168677,2374.8
2245.646145,2367.4
2238.123689,2360
2230.601308,2352.6
2223.079002,2345.2
2215.556771,2337.8
2208.034615,2330.4
2200.512535,2323
2192.99053,2315.6
2185.4686,2308.2
2177.946745,2300.8
2170.424966,2293.4
2162.903261,2286
2155.381632,2278.6
2147.860079,2271.2
2140.3386,2263.8
2132.817197,2256.4
2125.295868,2249
2117.774615,2241.6
2110.253438,2234.2
2102.732335,2226.8
2095.211308,2219.4
2087.690356,2212
2080.169479,2204.6
2072.648677,2197.4
2065.127951,2190.2
2057.607299,2183
2050.086723,2175.8
2042.566222,2168.4
2035.045797,2161
2027.525446,2153.6
2020.005171,2146.2
2012.484971,2138.8
2004.964846,2131.4
1997.444796,2124
1989.924822,2116.6
1982.404923,2109.2
1974.885099,2101.8
1967.36535,2094.4
1959.845676,2087
1952.326078,2079.6
1944.806555,2072.2
1937.287106,2064.8
1929.767734,2057.4
1922.248436,2050
1914.729213,2042.6
1907.210066,2035.2
1899.690994,2027.8
1892.171997,2020.4
1884.653075,2013
1877.134229,2005.6
1869.615458,1998.2
1862.096761,1990.8
1854.57814,1983.4
1847.059595,1976
1839.541124,1968.6
1832.022729,1961.2
1824.504408,1953.8
1816.986163,1946.4
1809.467993,1939
1801.949899,1931.6
1794.431879,1924.2
1786.913935,1916.8
1779.396066,1909.4
1771.878272,1902
1764.360553,1894.6
1756.84291,1887.2
1749.325341,1879.8
1741.807848,1872.4
1734.29043,1865
1726.773087,1857.6
1719.255819,1850.2
1711.738627,1842.8
1704.221509,1835.4
1696.704467,1828
1689.1875,1820.6
1681.670608,1813.2
1674.153791,1805.8
1666.63705,1798.4
1659.120383,1791
1651.603792,1783.6
1644.087276,1776.2
1636.570835,1768.8
1629.05447,1761.4
1621.538179,1754
1614.021964,1746.6
1606.505823,1739.2
1598.989758,1731.8
1591.473768,1724.4
1583.957854,1717
1576.442014,1709.6
1568.92625,1702.2
1561.41056,1694.8
1553.894946,1687.4
1546.379407,1680
1538.863944,1672.6
1531.348555,1665.2
1523.833242,1657.8
1516.318003,1650.4
1508.80284,1643
1501.287752,1635.6
1493.772739,1628.2
1486.257801,1620.8
1478.742939,1613.4
1471.228151,1606
1463.713439,1598.6
1456.198802,1591.2
1448.68424,1583.8
1441.169753,1576.4
1433.655341,1569
1426.141005,1561.6
1418.626743,1554.2
1411.112557,1546.8
1403.598446,1539.4
1396.08441,1532
1388.570449,1524.6
1381.056564,1517.2
1373.542753,1509.8
1366.029018,1502.4
1358.515357,1495
1351.001772,1487.6
1343.488262,1480.2
1335.974827,1472.8
1328.461467,1465.4
1320.948183,1458
1313.434973,1450.6
1305.921839,1443.2
1298.40878,1435.8
1290.895796,1428.4
1283.382887,1421
1275.870053,1413.6
1268.357294,1406.2
1260.844611,1398.8
1253.332002,1391.4
1245.819469,1384
1238.307011,1376.6
1230.794628,1369.2
1223.28232,1361.8
1215.770087,1354.4
1208.257929,1347
1200.745847,1339.6
1193.233839,1332.2
1185.721907,1324.8
1178.21005,1317.4
1170.698267,1310
1163.18656,1302.6
1155.674929,1295.2
1148.163372,1287.8
1140.65189,1280.4
1133.140484,1273
1125.629152,1265.6
1118.117896,1258.2
1110.606715,1250.8
1103.095609,1243.4
1095.584578,1236
1088.073622,1228.6
1080.562741,1221.2
1073.051936,1213.8
1065.541205,1206.4
1058.03055,1199
1050.519969,1191.6
1043.009464,1184.2
1035.499034,1176.8
1027.988679,1169.4
1020.478399,1162
1012.968194,1154.6
1005.458065,1147.2
997.9480101,1139.8
990.4380306,1132.4
982.9281263,1125
975.418297,1117.6
967.9085428,1110.2
960.3988637,1102.8
952.8892597,1095.4
945.3797308,1088
937.870277,1080.6
931.5256182,1073.2
931.516303,1065.8
931.5069878,1058.4
923.9976728,1051
916.4884328,1043.6
908.9792679,1036.2
901.4701781,1028.8
893.9611634,1021.4
886.4522238,1014
878.9433593,1006.6
871.4345698,999.2
863.9258555,991.8
856.4172162,984.4
848.9086521,977
841.400163,969.6
833.891749,962.2
826.38341,954.8
818.8751462,947.4
811.3669575,940
803.8588438,932.6
796.3508052,925.2
788.8428417,917.8
781.3349533,910.4
773.8271399,903
766.3194016,895.6
758.8117385,888.2
751.3041503,880.8
743.7966373,873.4
736.2891993,866
728.7818364,858.6
721.2745486,851.2
713.7673359,843.8
706.2601982,836.4
704.7782978,834
703.2468046,832.2
701.7315482,830
700.2410165,827.6
698.7173021,824.8
697.1413546,822.4
695.6504916,820.4
694.2281133,817.6
692.860827,816
691.4888387,814.4
690.0815919,812.6
689.6859405,810.4
689.6790436,808.6
689.6721469,806.2
689.6652501,804.6
689.6583535,803.2
689.6514569,801.6
689.6445604,799.4
689.6376639,797.4
689.6307676,794.8
689.6238712,793
689.616975,791.4
689.6100788,787.8
689.6031827,785.6
689.5962867,782.2
689.5893907,779.4
689.5824949,777.8
689.575599,776.2
689.5687033,774.4
689.5618076,772.6
689.554912,772
689.5480164,771.4
689.5411209,770.6
689.5342255,770
689.5273302,769.4
689.5204349,768.8
689.5135397,768.2
689.5066446,767.6
689.4997495,766.8
689.4928545,766.4
689.4859596,766
689.4790647,766
689.4721699,766
689.4652752,766
689.4583806,766
689.451486,766
689.4445915,766
689.437697,766
689.4308026,766
689.4239083,766
689.4170141,766
689.4101199,766
689.4032258,766
689.3963318,766
689.3894378,766
689.3825439,766
689.3756501,766
689.3687563,766
689.3618627,766
689.354969,766
689.3480755,766.4
689.341182,766.8
689.3342886,767.4
689.3273952,767.8
689.320502,768.2
689.3136088,768.8
689.3067156,769.2
689.2998226,769.6
689.2929296,770
689.2860366,770.6
689.2791438,771.2
689.272251,771.8
689.2653583,772.4
689.2584656,772.8
689.251573,773.2
689.2446805,773.6
689.2377881,774.2
689.2308957,774.8
689.2240034,775.4
689.2171111,776
689.210219,776.4
689.2033269,776.8
689.1964348,777.2
689.1895429,777.8
689.182651,778.4
689.1757591,779
689.1688674,779.4
691.7091424,779.8
699.2022253,780.2
706.6952333,780.6
706.6881663,781
706.6810994,781.6
706.6740326,782.2
706.6669659,782.8
706.6598992,783.2
706.6528326,783.6
706.6457661,784
706.6386996,784.6
706.6316332,785.2
706.6245669,785.8
706.6175007,786.4
706.6104345,786.8
706.6033684,787.2
706.5963023,787.6
706.5892364,788.2
706.5821705,788.8
706.5751047,789.4
706.5680389,790
706.5609732,790.4
706.5539076,790.8
706.5468421,791.2
706.5397766,791.8
706.5327112,792.4
706.5256459,793
706.5185806,793.4
706.5115155,793.8
706.5044503,794.2
709.2502186,794.6
716.7431261,795.2
724.2359587,795.8
724.2287163,796.4
724.221474,797
724.2142318,797.6
724.2069897,798
724.1997476,798.4
724.1925056,799
724.1852637,799.6
724.1780218,800.2
724.1707801,800.8
724.1635384,801.2
724.1562967,801.6
724.1490552,802
724.1418137,802.6
724.1345723,803.2
724.1273309,803.8
724.1200896,804.4
724.1128484,805
724.1056073,805.4
724.0983662,805.8
724.0911253,806.4
724.0838844,807
724.0766435,807.6
724.0694027,808.2
724.0621621,808.6
724.0549214,809
724.0476809,809.6
724.0404404,810.2
727.5533667,810.8
735.0460911,811.4
742.5387407,812
742.5313153,812.4
742.52389,812.8
742.5164647,813.2
742.5090396,813.8
742.5016145,814.4
742.4941895,815
742.4867645,815.6
742.4793397,816
742.4719149,816.4
742.4644901,817
742.4570655,817.4
742.4496409,818
742.4422164,818.6
742.434792,819.2
742.4273677,819.8
742.4199434,820.2
742.4125192,820.8
742.4050951,821.4
742.397671,822
742.390247,822.6
742.3828231,823.2
742.3753993,823.6
742.3679755,824
742.3605519,824.6
742.3531283,825.2
742.3457047,825.8
742.3382813,826.4
745.6191912,827
753.111735,827.6
760.6042039,828
760.5965979,828.6
760.5889919,829.2
760.581386,829.8
760.5737802,830.4
760.5661745,831
760.5585688,831.4
760.5509632,831.8
760.5433577,832.4
760.5357523,833
760.5281469,833.6
760.5205416,834.2
760.5129364,834.8
760.5053313,835.2
760.4977262,835.6
760.4901213,836.2
760.4825164,836.8
760.4749115,837.4
760.4673068,838
760.4597021,838.6
760.4520975,839
760.444493,839.4
760.4368886,840
760.4292842,840.6
760.4216799,841.2
760.4140757,841.8
760.4064715,842.4
760.3988675,842.8
763.8304302,843.2
771.3227918,843.8
778.8150786,844.4
778.8072905,845
778.7995024,845.6
778.7917144,846.2
778.7839265,846.6
778.7761386,847
778.7683509,847.6
778.7605632,848.2
778.7527756,848.8
778.7449881,849.4
778.7372006,850
778.7294132,850.4
778.721626,850.8
778.7138387,851.4
778.7060516,851.8
778.6982645,852.4
778.6904776,853
778.6826906,853.6
778.6749038,854
778.6671171,854.4
778.6593304,855
778.6515438,855.6
778.6437573,856.2
778.6359709,856.8
778.6281845,857.4
778.6203982,857.8
778.612612,858.2
778.6048259,858.8
781.7410398,859.4
789.2332224,859.8
796.7253301,860.2
796.7173628,860.6
796.7093957,861
796.7014286,861.4
796.6934616,861.8
796.6854946,862.2
796.6775278,862.8
796.669561,863.4
796.6615943,864
796.6536277,864.4
796.6456611,865
796.6376947,865.6
796.6297283,866.2
796.621762,866.8
796.6137958,867.4
796.6058297,868
796.5978636,868.4
796.5898976,869
796.5819317,869.6
796.5739659,870
796.5660002,870.6
796.5580345,871
796.5500689,871.6
796.5421034,872
796.534138,872.6
796.5261727,873.2
796.5182074,873.8
796.5102422,874.2
799.3952771,874.6
806.8872832,875
814.3792143,875.4
814.3710705,876
814.3629268,876.6
814.3547832,877.2
814.3466396,877.8
814.3384961,878.4
814.3303528,878.8
814.3222095,879.2
814.3140662,879.6
814.3059231,880.2
814.29778,880.8
814.2896371,881.4
814.2814942,882
814.2733513,882.4
814.2652086,882.8
814.257066,883.4
814.2489234,884
814.2407809,884.6
814.2326385,885.2
814.2244962,885.8
814.2163539,886.2
814.2082118,886.6
814.2000697,887
814.1919277,887.4
814.1837858,887.8
814.1756439,888.4
814.1675022,889
814.1593605,889.4
817.1443856,889.8
824.6362141,890.2
832.1279678,890.8
832.1196465,891.4
832.1113253,892
832.1030042,892.4
832.0946831,892.8
832.0863622,893.2
832.0780413,893.8
832.0697205,894.4
832.0613998,895
832.0530792,895.6
832.0447587,896
832.0364383,896.4
832.0281179,896.8
832.0197976,897.2
832.0114774,897.8
832.0031573,898.4
831.9948373,899
831.9865173,899.6
831.9781974,900
831.9698777,900.4
831.961558,900.8
831.9532384,901.4
831.9449188,902
831.9365994,902.6
831.92828,903.2
831.9199607,903.6
831.9116415,904
831.9033224,904.6
835.10967,905.2
842.6013189,905.8
850.0928929,906.4
850.084392,907
850.0758912,907.6
850.0673904,908.2
850.0588897,908.6
850.0503891,909.2
850.0418886,909.8
850.0333882,910.4
850.0248879,911
850.0163876,911.4
850.0078875,911.8
849.9993874,912.2
849.9908874,912.8
849.9823875,913.4
849.9738877,914
849.9653879,914.6
849.9568883,915.2
849.9483887,915.6
849.9398892,916
849.9313898,916.4
849.9228905,916.8
849.9143913,917.4
849.9058921,918
849.8973931,918.4
849.8888941,918.8
849.8803952,919.2
849.8718964,919.8
849.8633977,920.4
852.9777324,921
860.4692026,921.6
867.9605979,922.2
867.9519183,922.6
867.9432388,923
867.9345594,923.6
867.92588,924.2
867.9172008,924.8
867.9085216,925.4
867.8998425,926
867.8911635,926.4
867.8824846,926.8
867.8738058,927.4
867.865127,928
867.8564484,928.6
867.8477698,929.2
867.8390913,929.6
867.8304129,930
867.8217346,930.4
867.8130564,931
867.8043783,931.6
867.7957002,932.2
867.7870223,932.8
867.7783444,933.2
867.7696666,933.6
867.7609889,934
867.7523113,934.6
867.7436338,935.2
867.7349564,935.8
867.726279,936.4
870.4592684,936.8
877.9505638,937.2
885.4417843,937.6
885.4329299,938.2
885.4240756,938.8
885.4152213,939.4
885.4063672,939.8
885.3975131,940.2
885.3886591,940.6
885.3798053,941
885.3709515,941.6
885.3620977,942.2
885.3532441,942.8
885.3443906,943.4
885.3355371,943.8
885.3266838,944.2
885.3178305,944.6
885.3089773,945.2
885.3001243,945.8
885.2912713,946.4
885.2824183,947
885.2735655,947.4
885.2647128,947.8
885.2558601,948.2
885.2470076,948.6
885.2381551,949
885.2293027,949.4
885.2204504,949.8
885.2115982,950.2
885.2027461,950.6
887.6987274,951
895.1898504,951.6
902.6808985,952.2
902.6718717,952.8
902.662845,953.4
902.6538184,953.8
902.6447918,954.2
902.6357654,954.6
902.626739,955.2
902.6177128,955.8
902.6086866,956.4
902.5996605,957
902.5906345,957.4
902.5816086,957.8
902.5725828,958.2
902.5635571,958.6
902.5545314,959
902.5455059,959.4
902.5364804,960
902.5274551,960.4
902.5184298,960.8
902.5094046,961.2
902.5003795,961.8
902.4913545,962.4
902.4823296,962.8
902.4733048,963.2
902.46428,963.6
902.4552554,964
902.4462308,964.4
902.4372064,965
905.0078487,965.6
912.4987986,966.2
919.9896736,966.8
919.9804737,967.2
919.9712739,967.6
919.9620742,968
919.9528746,968.6
919.943675,969.2
919.9344756,969.8
919.9252763,970.4
919.916077,970.8
919.9068778,971.2
919.8976788,971.6
919.8884798,972.2
919.8792809,972.8
919.8700821,973.4
919.8608834,974
919.8516848,974.4
919.8424863,974.8
919.8332879,975.2
919.8240895,975.8
919.8148913,976.4
919.8056931,977
919.7964951,977.6
919.7872971,978
919.7780993,978.4
919.7689015,978.8
919.7597038,979.2
919.7505062,979.8
919.7413087,980.4
922.3434446,980.8
929.8342212,981.2
937.3249228,981.6
937.3155496,982
937.3061764,982.6
937.2968034,983.2
937.2874304,983.8
937.2780575,984.4
937.2686847,984.8
937.259312,985.2
937.2499395,985.6
937.240567,986.2
937.2311945,986.8
937.2218222,987.4
937.21245,988
937.2030779,988.4
937.1937059,988.8
937.1843339,989.2
937.1749621,989.8
937.1655903,990.4
937.1562187,991
937.1468471,991.6
937.1374756,992
937.1281043,992.4
937.118733,992.8
937.1093618,993.4
937.0999907,994
937.0906197,994.4
937.0812488,994.8
937.071878,995.2
939.7085073,995.6
947.1991102,996
954.6896382,996.6
954.6800913,997.2
954.6705445,997.8
954.6609978,998.4
954.6514512,998.8
954.6419047,999.2
954.6323582,999.6
954.6228119,1000.2
954.6132657,1000.8
954.6037196,1001.4
954.5941735,1001.8
954.5846276,1002.2
954.5750817,1002.6
954.565536,1003
954.5559903,1003.4
954.5464448,1003.8
954.5368993,1004.4
954.5273539,1005
954.5178087,1005.4
954.5082635,1005.8
954.4987184,1006.2
954.4891734,1006.8
954.4796285,1007.4
954.4700837,1008
954.460539,1008.6
954.4509944,1009
954.4414499,1009.4
954.4319055,1009.8
957.1520278,1010.4
964.6424563,1011
972.1328099,1011.6
972.1230886,1012
972.1133673,1012.4
972.1036462,1012.8
972.0939252,1013.4
972.0842042,1014
972.0744834,1014.4
972.0647626,1014.8
972.055042,1015.2
972.0453214,1015.6
972.035601,1016
972.0258806,1016.6
972.0161604,1017.2
972.0064402,1017.8
971.9967202,1018.4
971.9870002,1018.8
971.9772803,1019.2
971.9675605,1019.6
971.9578409,1020
971.9481213,1020.4
971.9384018,1020.8
971.9286824,1021.4
971.9189631,1021.8
971.9092439,1022.2
971.8995249,1022.6
971.8898059,1023.2
971.880087,1023.8
971.8703682,1024.4
974.4676495,1025
981.9579048,1025.4
989.4480852,1025.8
989.4381907,1026.2
989.4282963,1026.8
989.4184021,1027.4
989.4085079,1028
989.3986138,1028.6
989.3887198,1029
989.3788259,1029.4
989.3689321,1029.8
989.3590384,1030.4
989.3491448,1031
989.3392514,1031.6
989.329358,1032.2
989.3194647,1032.6
989.3095715,1033
989.2996784,1033.4
989.2897854,1034
989.2798925,1034.6
989.2699997,1035.2
989.260107,1035.8
989.2502144,1036.2
989.2403219,1036.6
989.2304295,1037
989.2205372,1037.6
989.210645,1038.2
989.2007529,1038.8
989.1908609,1039.4
989.1809689,1040
992.1662438,1040.4
999.6563221,1040.8
1007.146326,1041.4
1007.136254,1042
1007.126183,1042.6
1007.116111,1043.2
1007.10604,1043.8
1007.095969,1044.2
1007.085898,1044.6
1007.075827,1045.2
1007.065757,1045.8
1007.055686,1046.4
1007.045615,1047
1007.035545,1047.6
1007.025475,1048
1007.015404,1048.4
1007.005334,1049
1006.995264,1049.6
1006.985194,1050.2
1006.975124,1050.8
1006.965055,1051.4
1006.954985,1051.8
1006.944915,1052.2
1006.934846,1052.8
1006.924777,1053.4
1006.914707,1054
1006.904638,1054.6
1006.894569,1055.2
1006.8845,1055.8
1006.874431,1056.2
1010.504696,1056.8
1017.994591,1057.4
1025.484411,1058
1025.474156,1058.6
1025.463901,1059.2
1025.453647,1059.6
1025.443392,1060.2
1025.433138,1060.8
1025.422883,1061.4
1025.412629,1062
1025.402375,1062.6
1025.392121,1063.2
1025.381867,1063.8
1025.371613,1064.4
1025.36136,1065
1025.351106,1065.6
1025.340853,1066.2
1025.330599,1066.8
1025.320346,1067.4
1025.310093,1068
1025.29984,1068.6
1025.289587,1069.2
1025.279334,1069.8
1025.269081,1070.4
1025.258828,1071
1025.248576,1071.6
1025.238323,1072.2
1025.228071,1072.8
1025.217818,1073.4
1025.207566,1074
1030.687561,1074.6
1038.177254,1075.2
1045.666872,1075.8
1045.656415,1076.4
1045.645959,1077
1045.655168,1077.8
1045.665683,1078.6
1045.679533,1079.4
1045.700692,1080.2
1045.728105,1081
1045.759748,1081.8
1045.793725,1082.6
1045.900763,1083.4
1046.014441,1084.2
1046.149875,1085
1046.279977,1085.8
1046.404722,1086.6
1046.503884,1087.4
1046.593323,1088.2
1046.78182,1089
1046.95998,1089.8
1047.151839,1090.6
1047.331646,1091.4
1047.495009,1092.2
1047.652681,1093
1047.807212,1093.8
1048.015133,1094.8
1048.264582,1095.8
1048.510528,1096.8
1050.195034,1097.8
1057.684532,1098.6
1065.173955,1099.4
1072.663303,1100.2
1072.903169,1101.2
1073.138421,1102.2
1073.369892,1103.2
1073.582494,1104.2
1073.763676,1105
1073.934108,1105.8
1074.084595,1106.6
1074.301693,1107.6
1074.530931,1108.6
1074.785059,1109.6
1075.067557,1110.6
1075.328502,1111.6
1075.565499,1112.6
1075.79791,1113.6
1076.079711,1114.6
1076.396348,1115.6
1076.747652,1116.6
1077.098452,1117.6
1077.442975,1118.6
1077.764718,1119.6
1078.10413,1120.6
1078.502476,1121.6
1078.971599,1122.8
1079.457195,1124
1079.916978,1125.2
1080.457201,1126.4
1083.789319,1127.6
1091.278481,1128.8
1098.767568,1130
1106.256581,1131.4
1106.885086,1132.8
1107.519673,1134.2
1108.185403,1135.6
1108.861582,1137
1109.532618,1138.4
1110.211344,1139.8
1110.955178,1141.2
1111.71507,1142.6
1112.47476,1144
1113.191465,1145.4
1113.841987,1146.8
1114.471889,1148.2
1115.181287,1149.6
1115.954861,1151
1116.783694,1152.6
1117.621384,1154.2
1118.455542,1155.8
1119.273946,1157.4
1120.083172,1159
1120.891021,1160.6
1121.67072,1162
1122.515307,1163.6
1123.373919,1165.2
1124.281319,1166.8
1125.159549,1168.4
1126.033245,1170
1130.914994,1171.6
1138.403685,1173.2
1145.892301,1174.8
1153.380842,1176.4
1154.323578,1178
1155.221278,1179.6
1156.127637,1181.2
1157.127606,1182.8
1158.123979,1184.4
1159.149714,1186.2
1160.159332,1188
1161.172057,1189.8
1162.195613,1191.6
1163.272082,1193.4
1164.400044,1195.2
1165.535106,1197
1166.669211,1198.8
1167.806562,1200.6
1168.949463,1202.4
1170.033685,1204.2
1171.189428,1206
1172.36435,1207.8
1173.526125,1209.6
1174.615145,1211.4
1175.806659,1213.2
1177.004199,1215
1178.204483,1216.8
1179.494507,1218.8
1180.789745,1220.8
1182.067549,1222.8
1187.964682,1224.8
1195.452803,1226.6
1202.940848,1228.4
1210.428819,1230.4
1211.728222,1232.4
1213.094968,1234.4
1214.49874,1236.4
1215.877138,1238.4
1217.252224,1240.4
1218.629801,1242.4
1220.094838,1244.6
1221.573335,1246.8
1223.037066,1249
1224.496118,1251.2
1225.926514,1253.4
1227.303562,1255.4
1228.715069,1257.6
1230.202786,1259.8
1231.663091,1262
1233.106102,1264.2
1234.369132,1266.2
1235.508727,1268
1236.563644,1269.8
1237.630105,1271.6
1238.35944,1273
1239.366588,1274.8
1240.2681,1276.4
1241.055981,1277.8
1241.783015,1279.2
1242.635077,1280.8
1246.862635,1282.4
1254.350166,1284
1261.837623,1285.4
1269.325005,1286.8
1269.965839,1288.2
1270.689986,1289.6
1271.565877,1291.2
1272.454677,1292.8
1273.343581,1294.4
1274.150683,1296
1274.845032,1297.4
1275.38126,1298.6
1275.914429,1299.8
1276.484328,1301
1277.286347,1302.4
1278.10968,1304
1278.890103,1305.4
1279.638392,1306.8
1280.3989,1308.2
1281.307127,1309.8
1282.193783,1311.4
1283.031703,1313
1283.852503,1314.6
1284.734996,1316.2
1285.614342,1317.8
1286.588765,1319.4
1287.606461,1321.2
1288.59578,1322.8
1289.569535,1324.4
1290.449326,1326
1294.91828,1327.6
1302.405331,1329.2
1309.892307,1330.8
1317.379208,1332.4
1318.31124,1334
1319.206438,1335.6
1320.03391,1337.2
1320.840377,1338.8
1321.70462,1340.4
1322.564021,1342
1323.396583,1343.6
1324.185688,1345
1324.918895,1346.4
1325.614873,1347.8
1326.348738,1349.2
1327.070379,1350.6
1327.838543,1352
1328.566243,1353.4
1329.268819,1354.8
1329.980685,1356.2
1330.692664,1357.6
1331.464661,1359
1332.303741,1360.6
1333.250538,1362.2
1334.124071,1363.8
1334.910208,1365.2
1335.652391,1366.6
1336.394568,1368
1337.136736,1369.4
1337.878898,1370.8
1342.265743,1372.4
1349.75232,1374
1357.238823,1375.4
1364.72525,1377
1365.616018,1378.6
1366.567877,1380.2
1367.495084,1381.8
1368.384012,1383.4
1369.259663,1385
1370.192469,1386.6
1371.140397,1388.2
1372.073925,1389.8
1373.03776,1391.4
1374.143834,1393.2
1375.104908,1394.8
1375.753259,1396.2
1376.191253,1397.4
1376.933007,1398.8
1377.775565,1400.4
1378.701035,1402
1379.568919,1403.6
1380.432012,1405.2
1381.187102,1406.6
1382.150325,1408.2
1382.997115,1409.8
1383.879875,1411.4
1384.803023,1413
1385.74872,1414.6
1386.806363,1416.4
1387.920148,1418.2
1393.384864,1420
1400.87093,1422
1408.356922,1423.8
1415.842838,1425.6
1416.907257,1427.4
1417.846871,1429
1418.90605,1430.8
1419.967105,1432.6
1420.978359,1434.4
1421.938994,1436
1422.988288,1437.8
1424.105217,1439.6
1425.226913,1441.4
1426.3703,1443.2
1427.471427,1445
1428.543571,1446.8
1429.720897,1448.6
1430.918327,1450.4
1432.190996,1452.4
1433.53605,1454.4
1434.829676,1456.4
1436.032953,1458.4
1437.238049,1460.4
1438.456581,1462.4
1439.61463,1464.2
1440.747941,1466
1441.793096,1467.8
1442.861582,1469.6
1444.050615,1471.4
1445.389761,1473.4
1451.558693,1475.4
1459.044177,1477.4
1466.529587,1479.4
1474.014921,1481.2
1474.715432,1482.6
1475.761799,1484.4
1476.942735,1486.2
1478.139628,1488
1479.360158,1490
1480.57256,1492
1481.797986,1494
1483.067623,1496
1484.344368,1498
1485.607324,1500
1486.827136,1502
1487.993435,1503.8
1489.285371,1505.8
1490.679468,1507.8
1492.069524,1509.8
1493.405798,1511.8
1494.74168,1513.8
1495.920857,1515.6
1496.865065,1517.2
1498.142486,1519.2
1499.531468,1521.2
1500.48188,1522.8
1501.836747,1524.8
1503.117882,1526.8
1504.437161,1528.8
1505.847082,1531
1512.166986,1533
1519.651865,1535
1527.136668,1537
1534.621397,1539
1535.626165,1540.8
1536.776552,1542.6
1537.639445,1544.2
1538.700906,1546
1539.854191,1547.8
1541.013777,1549.6
1542.283521,1551.6
1543.77056,1553.8
1545.16138,1555.8
1546.462244,1557.8
1547.722218,1559.8
1548.929687,1561.8
1550.14506,1563.8
1551.454169,1565.8
1552.726088,1567.8
1554.022057,1569.8
1555.31305,1571.8
1556.428707,1573.6
1557.355348,1575.2
1558.524517,1577
1559.856176,1579
1561.236338,1581
1562.626254,1583
1564.012578,1585
1565.384804,1587
1566.917508,1589.2
1573.354788,1591.4
1580.839054,1593.6
1588.323246,1595.6
1595.807363,1597.4
1596.224333,1598.6
1596.513043,1599.6
1596.613724,1600.4
1596.637565,1601.2
1596.621599,1601.8
1596.605633,1602.4
1596.589666,1603
1596.573701,1603.6
1596.557735,1604.2
1596.541769,1604.8
1597.199767,1606.2
1597.906217,1607.6
1599.013137,1609.4
1600.087855,1611.2
1601.201734,1613
1602.275794,1614.8
1603.2397,1616.4
1603.632443,1617.4
1604.04349,1618.6
1604.407854,1619.6
1604.859271,1620.8
1605.293566,1622
1605.699967,1623.2
1605.973225,1624.2
1606.095002,1625
1606.176101,1625.8
1609.264234,1626.8
1616.748141,1627.8
1624.231974,1629.4
1631.715732,1631
1632.489442,1632.4
1633.104942,1633.8
1634.025031,1635.4
1635.235083,1637.4
1636.558166,1639.4
1637.905142,1641.4
1639.142953,1643.4
1640.269951,1645.2
1641.58615,1647.2
1642.932869,1649.2
1644.360549,1651.4
1645.781665,1653.6
1647.135013,1655.6
1648.330715,1657.4
1649.538242,1659.4
1650.551089,1661.2
1651.641594,1663
1652.383407,1664.4
1653.634021,1666.4
1654.969069,1668.4
1656.172597,1670.4
1656.63118,1671.6
1656.901756,1672.6
1657.768492,1674.2
1658.942047,1676
1658.925457,1676
1665.180022,1676.6
1672.66337,1679.2
1680.146644,1681.8
1687.629842,1684.6
1689.650713,1687.4
1690.795433,1689.2
1691.690775,1690.8
1692.492721,1692.4
1693.053583,1693.6
1693.306227,1694.6
1693.512669,1695.6
1693.551253,1696.4
1693.639375,1697.2
1693.88321,1698.2
1694.198027,1699.2
1694.638509,1700.4
1694.98491,1701.4
1695.24244,1702.4
1695.491071,1703.4
1695.841767,1704.4
1696.124867,1705.4
1696.355569,1706.4
1696.489394,1707.2
1696.583849,1708
1696.637979,1708.8
1696.70113,1709.6
1696.684163,1708.6
1696.667196,1709
1696.65023,1709.4
1696.633263,1709.8
1696.616297,1710.2
1703.192499,1711.2
1710.675467,1712
1718.158361,1712.8
1718.655374,1714
1719.828349,1715.8
1720.513748,1717.2
1721.111216,1718.4
1722.115204,1720.2
1723.106167,1721.8
1724.12573,1723.6
1725.16294,1725.4
1726.13853,1727
1727.044234,1728.6
1727.991055,1730.2
1728.858205,1731.8
1729.737795,1733.4
1730.621886,1735
1731.444974,1736.6
1732.175221,1738
1732.822647,1739.4
1733.392693,1740.6
1733.96672,1741.8
1734.04327,1742.6
1734.025929,1743.2
1734.008589,1743.8
1733.991249,1744.4
1734.32612,1745.4
1734.6151,1746.4
1734.977204,1747.4
1738.076025,1748.6
1745.558644,1749.8
1753.041189,1751.2
1760.523658,1752.6
1761.095484,1753.8
1761.767532,1755.2
1762.44692,1756.6
1763.074961,1758
1763.808323,1759.4
1764.580032,1760.8
1765.393923,1762.4
1766.166457,1763.8
1766.804783,1765.2
1767.30112,1766.4
1767.837465,1767.6
1768.385531,1768.8
1768.952786,1770
1769.500122,1771.2
1770.120715,1772.6
1770.73557,1774
1771.357569,1775.4
1771.992024,1776.8
1772.606941,1778.2
1773.12564,1779.4
1773.657062,1780.6
1773.908439,1781.6
1773.8907,1782.2
1773.872961,1782.4
1773.855223,1782.6
1773.837484,1782.6
1773.819746,1782.2
1775.865249,1781.2
1783.34749,1780.8
1790.829657,1780.4
1790.811748,1781
1790.79384,1781.6
1790.775932,1782.2
1790.758025,1782.6
1790.740117,1782.8
1790.72221,1783
1790.704302,1783.2
1790.686395,1783.6
1790.668488,1784
1790.650582,1784.4
1790.632675,1784.8
1790.614769,1785.2
1790.596863,1785.6
1790.578957,1786
1790.561051,1786.2
1790.543145,1786.4
1790.52524,1786.6
1790.507335,1787
1790.48943,1787.4
1790.471525,1787.8
1790.45362,1788.2
1790.435715,1788.6
1790.417811,1788.8
1790.399907,1789
1790.382003,1789.4
1790.364099,1789.8
1790.346195,1790
1790.328292,1790.2
1795.770341,1790.4
1803.252383,1790.6
1803.234351,1790.6
1803.216318,1788.2
1803.198286,1788.2
1803.180254,1788.2
1803.162222,1788.2
1803.144191,1788.2
1803.126159,1788.2
1803.108128,1788.2
1803.090097,1788.2
1803.072066,1788.2
1803.054035,1788.2
1803.036005,1788.2
1803.017974,1788.2
1802.999944,1788.2
1802.981914,1788.2
1802.963884,1787
1802.945855,1787
1802.927825,1787
1802.909796,1787
1802.891767,1787
1802.873738,1787
1802.855709,1786
1802.837681,1786
1802.819652,1786
1802.801624,1786
1802.783596,1786
1802.765568,1786
1802.747541,1786
1802.729513,1786
1802.711486,1786
1802.693459,1786
1802.675432,1786
1802.657405,1785.6
1802.639378,1784.8
1802.621352,1784.8
1802.603326,1784.8
1802.5853,1784.6
1802.567274,1784.2
1802.549248,1784
1802.531223,1783.6
1802.513197,1783
1802.495172,1783
1802.477147,1782.6
1802.459123,1782.4
1802.441098,1781.8
1802.423074,1781.6
1802.405049,1781.2
1802.387025,1780.8
1802.369001,1780.8
1802.350978,1778.8
1802.332954,1777.8
1802.314931,1777.8
1802.296908,1777.2
1802.278885,1777.2
1802.260862,1776.8
1802.242839,1776.8
1802.224817,1776.2
1802.206795,1776
1802.188773,1776
1802.170751,1776
1794.652729,1768.6
1787.134782,1761.2
1779.616911,1753.8
1772.099115,1746.4
1764.581394,1739
1757.063748,1731.6
1749.546178,1724.2
1742.028682,1716.8
1734.511262,1709.4
1726.993917,1702
1719.476647,1694.6
1711.959452,1687.2
1704.442332,1679.8
1696.925288,1672.4
1689.408319,1665
1681.891425,1657.6
1674.374606,1650.2
1666.857862,1642.8
1659.341193,1635.4
1651.8246,1628
1644.308082,1620.6
1636.791639,1613.2
1629.275271,1605.8
1621.758978,1598.4
1614.24276,1591
1606.726618,1583.6
1599.210551,1576.2
1591.694559,1568.8
1584.178642,1561.4
1576.6628,1554
1569.147033,1546.6
1561.631342,1539.2
1554.115725,1531.8
1546.600184,1524.4
1539.084718,1517
1531.569327,1509.6
1524.054012,1502.2
1516.538771,1494.8
1509.023606,1487.4
1501.508516,1480
1493.9935,1472.6
1486.478561,1465.2
1478.963696,1457.8
1471.448906,1450.4
1463.934192,1443
1456.419552,1435.6
1448.904988,1428.2
1441.390499,1420.8
1433.876085,1413.4
1426.361746,1406
1418.847483,1398.6
1411.333294,1391.2
1403.819181,1383.8
1396.305143,1376.4
1388.79118,1369
1381.277292,1361.6
1373.763479,1354.2
1366.249741,1346.8
1358.736079,1339.4
1351.222492,1332
1343.708979,1324.6
1336.195542,1317.2
1328.68218,1309.8
1321.168893,1302.4
1313.655682,1295
1306.142545,1287.6
1298.629484,1280.2
1291.116497,1272.8
1283.603586,1265.4
1276.09075,1258
1268.577989,1250.6
1261.065304,1243.2
1253.552693,1235.8
1246.040157,1228.4
1238.527697,1221
1231.015312,1213.6
1223.503002,1206.2
1215.990767,1198.8
1208.478607,1191.4
1200.966522,1184
1193.454512,1176.6
1185.942578,1169.2
1178.430718,1161.8
1170.918934,1154.4
1163.407225,1147
1155.895591,1139.6
1148.384032,1132.2
1140.872548,1124.8
1133.361139,1117.4
1125.849806,1110
1118.338547,1102.6
1110.827364,1095.2
1103.316255,1087.8
1095.805222,1080.4
1088.294264,1073
1080.783381,1065.6
1073.272573,1058.2
1065.761841,1050.8
1058.251183,1043.4
1050.740601,1036
1043.230093,1028.6
1035.719661,1021.2
1028.209304,1013.8
1020.699022,1006.4
1013.188815,999
1005.678683,991.6
998.1686258,984.2
990.6586442,976.8
983.1487376,969.4
975.6389061,962
968.1291497,954.6
960.6194684,947.2
953.1098622,939.8
945.6003311,932.4
938.0908751,925
930.5814942,917.6
923.0721884,910.2
915.5629577,902.8
908.053802,895.4
900.5447215,888
893.0357161,880.6
885.5267857,873.2
878.0179304,865.8
870.5091502,858.4
863.0004452,851
855.4918152,843.6
847.9832602,836.2
840.4747804,828.8
832.9663757,821.4
825.458046,814
817.9497914,806.6
810.4416119,799.2
802.9335075,791.8
795.4254782,784.4
787.9175239,777
780.4096447,769.6
772.9018406,762.2
765.3941116,754.8
757.8864577,747.4
750.3788788,740
742.871375,732.6
735.3639463,725.2
727.8565927,717.8
720.3493141,710.4
712.8421106,703
705.3349822,695.6
697.8279288,688.2
690.3209506,680.8
682.8140473,673.4
675.3072192,666
667.8004661,658.6
660.2937881,651.2
652.7871852,643.8
645.2806573,636.4
637.7742045,629
630.2678268,621.6
622.7615241,614.2
615.2552965,606.8
607.7491439,599.4
600.2430664,592
592.737064,584.6
585.2311366,577.2
577.7252843,569.8
570.2195071,562.4
562.7138049,555
555.2081777,547.6
547.7026257,540.2
540.1971486,532.8
532.6917467,525.4
525.1864197,518
517.6811679,510.6
510.1759911,503.2
502.6708893,495.8
495.1658626,488.4
487.6609109,481
480.1560343,473.6
472.6512328,466.2
465.1465063,458.8
457.6418548,451.4
450.1372784,444
442.632777,436.6
435.1283507,429.2
427.6239994,421.8
420.1197231,414.4
412.6155219,407
405.1113958,399.6
397.6073447,392.2
390.1033686,384.8
382.5994676,377.4
375.0956416,370
367.5918906,362.6
360.0882147,355.2
352.5846138,347.8
345.081088,340.4
337.5776372,333
330.0742614,325.6
322.5709606,318.2
315.0677349,310.8
307.5645843,303.4
300.0615086,296
292.558508,288.6
285.0555824,281.2
277.5527319,273.8
270.0499563,266.4
262.5472558,259
255.0446304,251.6
247.5420799,244.2
240.0396045,236.8
232.5372041,229.4
225.0348787,222
217.5326284,214.6
210.030453,207.2
202.5283527,199.8
195.0263275,192.4
187.5243772,185
180.022502,177.6
172.5207017,170.2
165.0189765,162.8
157.5173263,155.4
150.0157512,148
142.514251,140.6
135.0128259,133.2
127.5114757,125.8
120.0102006,118.4
112.5090005,111
105.0078754,103.6
97.50682534,96.2
90.00585027,88.8
82.50495021,81.4
75.00412517,74
67.50337512,66.6
60.00270009,59.2
52.50210006,51.8
45.00157504,44.4
37.50112503,37
30.00075002,29.6
22.50045001,22.2
15.000225,14.8
7.500075001,7.4
0,0
0,0
0,0
0,0
0,0
0,0
0,0
0,0
0,0
0,0
0,0
0,0
0,0
0,0
0,0
0,0
0,0
0,0
0,0
0,0
0,0
0,0
0,0
0,0
0,0
0,0
0,0
0,0
0,0
0,0
0,0
0,0
0,0
0,0
0,0
0,0
0,0
0,0
0,0
0,0
0,0
0,0
0,0
0,0
0,0
0,0
0,0
0,0
0,0
0,0
0,0
0,0
0,0
0,0
0,0
0,0
0,0
0,0
0,0
0,0
0,0
0,0.4
0,0.8
0,1.2
0,1.6
0,2
0,2.4
0,2.8
0,3.2
0,3.8
0,4.4
0,5
0,5.6
0,6
0,6.4
0,6.8
0,7.2
0,7.8
0,8.2
0,8.8
0,9.2
0,9.6
0,10
0,10.4
0,11
0,11.6
0,12.2
0,12.6
0,13
0,13.4
0,14
0,14.6
0,15.2
0,15.8
0,16.4
0,17
0,17.4
0,17.8
0,18.4
0,19
0,19.6
0,20.2
0,20.8
0,21.2
0,21.6
0,22.2
0,22.8
0,23.4
0,24
0,24.6
0,25.2
0,25.6
0,26.2
0,26.8
0,27.4
0,28
0,28.6
0,29
3.779333333,29.4
11.27929554,30
18.77918275,30.6
18.77899496,31.2
18.77880717,31.8
18.77861938,32.2
18.77843159,32.6
18.77824381,33
18.77805602,33.6
18.77786824,34.2
18.77768047,34.8
18.77749269,35.4
18.77730491,35.8
18.77711714,36.2
18.77692937,36.6
18.7767416,37.2
18.77655383,37.8
18.77636607,38.4
18.7761783,39
18.77599054,39.6
18.77580278,40
18.77561502,40.4
18.77542727,41
18.77523951,41.6
18.77505176,42.2
18.77486401,42.8
18.77467626,43.2
18.77448851,43.6
18.77430077,44
18.77411303,44.6
22.08492529,45.2
29.58470444,45.8
37.08440859,46.4
37.08403775,47
37.0836669,47.4
37.08329607,48
37.08292524,48.6
37.08255441,49.2
37.08218358,49.8
37.08181276,50.4
37.08144194,51
37.08107113,51.4
37.08070032,52
37.08032951,52.6
37.07995871,53.2
37.07958791,53.8
37.07921711,54.4
37.07884632,54.8
37.07847553,55.2
37.07810474,55.8
37.07773396,56.4
37.07736319,57
37.07699241,57.6
37.07662164,58.2
37.07625088,58.6
37.07588011,59
37.07550935,59.6
37.0751386,60.2
37.07476785,60.8
37.0743971,61.4
40.49152636,62
47.99112144,62.4
55.49064153,62.8
55.49008662,63.4
55.48953172,64
55.48897683,64.6
55.48842194,65.2
55.48786705,65.6
55.48731217,66
55.4867573,66.4
55.48620243,67
55.48564757,67.6
55.48509272,68.2
55.48453786,68.8
55.48398302,69.4
55.48342818,69.8
55.48287335,70.2
55.48231852,70.8
55.48176369,71.4
55.48120888,72
55.48065406,72.6
55.48009926,73.2
55.47954446,73.6
55.47898966,74
55.47843487,74.6
55.47788009,75.2
55.47732531,75.8
55.47677053,76.4
55.47621577,77
55.475661,77.4
59.00727291,77.8
66.50668284,78.4
74.00601778,79
74.00527771,79.6
74.00453766,80.2
74.00379762,80.6
74.00305758,81
74.00231755,81.6
74.00157752,82.2
74.00083751,82.8
74.0000975,83.4
73.9993575,84
73.99861751,84.4
73.99787752,84.8
73.99713754,85.2
73.99639757,85.8
73.99565761,86.4
73.99491765,87
73.9941777,87.6
73.99343776,88
73.99269782,88.4
73.9919579,89
73.99121798,89.6
73.99047807,90.2
73.98973816,90.8
73.98899826,91.4
73.98825837,91.8
73.98751849,92.2
73.98677862,92.8
73.98603875,93.4
77.43746555,94
84.93669118,94.6
92.43584181,95.2
92.43491745,95.6
92.4339931,96
92.43306876,96.6
92.43214443,97.2
92.43122011,97.8
92.4302958,98.4
92.4293715,99
92.4284472,99.4
92.42752292,99.8
92.42659864,100.4
92.42567438,101
92.42475012,101.6
92.42382587,102.2
92.42290164,102.8
92.42197741,103.2
92.42105319,103.6
92.42012898,104.2
92.41920477,104.8
92.41828058,105.4
92.4173564,106
92.41643223,106.6
92.41550806,107
92.41458391,107.4
92.41365976,108
92.41273562,108.6
92.4118115,109.2
92.41088738,109.8
95.6512966,110.2
103.1503401,110.6
110.6493086,111
110.6482021,111.6
110.6470956,112.2
110.6459891,112.8
110.6448827,113.4
110.6437762,113.8
110.6426698,114.2
110.6415634,114.6
110.640457,115.2
110.6393505,115.8
110.6382442,116.4
110.6371378,117
110.6360314,117.6
110.634925,118
110.6338187,118.4
110.6327124,119
110.631606,119.6
110.6304997,120.2
110.6293934,120.8
110.6282871,121.4
110.6271808,121.8
110.6260746,122.2
110.6249683,122.8
110.623862,123.4
110.6227558,123.8
110.6216496,124.2
110.6205434,124.6
110.6194372,125
113.896331,125.4
121.395192,126
128.893978,126.6
128.8926891,127.2
128.8914002,127.8
128.8901113,128.4
128.8888224,128.8
128.8875335,129.2
128.8862446,129.8
128.8849557,130.4
128.8836669,131
128.8823781,131.6
128.8810892,132.2
128.8798004,132.6
128.8785116,133
128.8772228,133.6
128.8759341,134.2
128.8746453,134.8
128.8733566,135.4
128.8720678,136
128.8707791,136.6
128.8694904,137
128.8682017,137.6
128.866913,138.2
128.8656243,138.8
128.8643357,139.4
128.8630471,140
128.8617584,140.4
128.8604698,140.8
128.8591812,141.4
132.3497259,142
139.8484024,142.6
147.347004,143.2
147.3455305,143.8
147.344057,144.2
147.3425836,144.6
147.3411102,145.2
147.3396368,145.8
147.3381634,146.4
147.33669,147
147.3352166,147.6
147.3337433,148
147.3322699,148.4
147.3307966,149
147.3293233,149.6
147.32785,150.2
147.3263767,150.8
147.3249035,151.2
147.3234302,151.6
147.321957,152
147.3204838,152.6
147.3190105,153.2
147.3175374,153.8
147.3160642,154.4
147.314591,155
147.3131179,155.4
147.3116447,155.8
147.3101716,156.4
147.3086985,157
147.3072254,157.6
150.7735857,158.2
158.272078,158.8
165.7704952,159.2
165.7688375,159.6
165.7671798,160.2
165.7655222,160.8
165.7638645,161.4
165.7622069,162
165.7605493,162.6
165.7588917,163
165.7572341,163.4
165.7555765,164
165.7539189,164.6
165.7522614,165.2
165.7506039,165.8
165.7489464,166.2
165.7472889,166.6
165.7456314,167
165.743974,167.6
165.7423165,168.2
165.7406591,168.8
165.7390017,169.4
165.7373443,169.8
165.7356869,170.2
165.7340296,170.6
165.7323722,171
165.7307149,171.4
165.7290576,172
165.7274003,172.4
165.725743,172.8
168.5092524,173.2
176.0075673,173.6
183.5058073,174.2
183.5039722,174.8
183.5021372,175.4
183.5003021,176
183.4984671,176.4
183.4966322,176.8
183.4947972,177.2
183.4929622,177.8
183.4911273,178.4
183.4892924,179
183.4874575,179.4
183.4856226,179.8
183.4837878,180.2
183.4819529,180.6
183.4801181,181.2
183.4782833,181.8
183.4764485,182.4
183.4746138,183
183.472779,183.4
183.4709443,183.8
183.4691096,184.2
183.4672749,184.8
183.4654402,185.4
183.4636056,185.8
183.4617709,186.2
183.4599363,186.6
183.4581017,187
183.4562671,187.4
186.0555992,188
193.5537387,188.6
201.0518032,189.2
201.0497926,189.8
201.0477821,190.2
201.0457717,190.6
201.0437612,191
201.0417508,191.6
201.0397403,192.2
201.0377299,192.8
201.0357196,193.4
201.0337092,193.8
201.0316989,194.2
201.0296886,194.6
201.0276783,195.2
201.025668,195.8
201.0236577,196.4
201.0216475,196.8
201.0196373,197.2
201.0176271,197.6
201.0156169,198
201.0136067,198.6
201.0115966,199.2
201.0095865,199.8
201.0075764,200.2
201.0055663,200.6
201.0035563,201
201.0015462,201.4
200.9995362,202
200.9975262,202.6
203.6411829,203
211.1391465,203.6
218.6370351,204
218.6348487,204.4
218.6326624,204.8
218.6304761,205.4
218.6282898,206
218.6261035,206.6
218.6239172,207.2
218.621731,207.6
218.6195448,208
218.6173586,208.4
218.6151724,209
218.6129862,209.6
218.6108001,210.2
218.608614,210.6
218.6064279,211
218.6042418,211.4
218.6020558,211.8
218.5998698,212.4
218.5976838,213
218.5954978,213.6
218.5933119,214.2
218.5911259,214.6
218.58894,215
218.5867541,215.4
218.5845683,215.8
218.5823824,216.2
218.5801966,216.6
218.5780108,217
221.0601583,217.4
228.5579477,217.8
236.0556622,218.2
236.0533016,218.8
236.0509411,219.4
236.0485806,220
236.0462201,220.6
236.0438596,221
236.0414992,221.4
236.0391388,221.8
236.0367784,222.4
236.034418,223
236.0320577,223.6
236.0296973,224
236.027337,224.4
236.0249768,224.8
236.0226165,225.2
236.0202563,225.6
236.0178961,226.2
236.0155359,226.8
236.0131757,227.4
236.0108156,227.8
236.0084555,228.2
236.0060954,228.6
236.0037354,229.2
236.0013753,229.8
235.9990153,230.4
235.9966553,231
235.9942954,231.4
235.9919354,231.8
238.6515755,232.2
246.149189,232.8
253.6467275,233.2
253.644191,233.6
253.6416546,234
253.6391182,234.4
253.6365818,234.8
253.6340454,235.2
253.6315091,235.8
253.6289727,236.4
253.6264365,237
253.6239002,237.4
253.621364,237.8
253.6188277,238.2
253.6162916,238.6
253.6137554,239.2
253.6112193,239.8
253.6086831,240.4
253.6061471,241
253.603611,241.4
253.601075,241.8
253.5985389,242.2
253.596003,242.8
253.593467,243.4
253.5909311,243.8
253.5883952,244.2
253.5858593,244.6
253.5833234,245
253.5807876,245.4
253.5782518,246
256.250216,246.6
263.7476535,247.2
271.245016,247.8
271.2423036,248.2
271.2395911,248.6
271.2368787,249
271.2341664,249.6
271.231454,250.2
271.2287417,250.8
271.2260294,251.4
271.2233172,251.8
271.2206049,252.2
271.2178927,252.6
271.2151805,253.2
271.2124684,253.8
271.2097563,254.4
271.2070442,255
271.2043321,255.4
271.2016201,255.8
271.198908,256.2
271.1961961,256.6
271.1934841,257.2
271.1907722,257.8
271.1880603,258.2
271.1853484,258.6
271.1826365,259
271.1799247,259.6
271.1772129,260.2
271.1745011,260.8
271.1717894,261.4
273.8182443,261.8
281.3155061,262.2
288.812693,262.6
288.8098049,263
288.8069168,263.4
288.8040287,263.8
288.8011407,264.2
288.7982526,264.6
288.7953647,265
288.7924767,265.4
288.7895888,266
288.7867009,266.6
288.783813,267.2
288.7809252,267.8
288.7780374,268.4
288.7751496,268.8
288.7722618,269.2
288.7693741,269.6
288.7664864,270
288.7635988,270.4
288.7607111,271
288.7578235,271.4
288.7549359,271.8
288.7520484,272.2
288.7491609,272.6
288.7462734,273.2
288.7433859,273.8
288.7404985,274.4
288.7376111,274.8
288.7347237,275.2
291.336003,275.6
298.8330897,276.2
306.3301013,276.8
306.327038,277.4
306.3239748,278
306.3209115,278.4
306.3178483,278.8
306.3147851,279.2
306.311722,279.8
306.3086589,280.4
306.3055958,281
306.3025327,281.6
306.2994697,282.2
306.2964067,282.8
306.2933437,283.2
306.2902808,283.8
306.2872179,284.4
306.284155,285
306.2810922,285.6
306.2780294,286.2
306.2749666,286.8
306.2719038,287.4
306.2688411,288
306.2657784,288.6
306.2627158,289.2
306.2596531,289.8
306.2565906,290.4
306.253528,291
306.2504655,291.6
306.2474029,292.2
311.0435791,292.8
318.5404687,293.4
326.0372833,294
326.0340229,294.6
326.0307626,295.2
326.0275023,295.8
326.024242,296.4
326.0279338,297
326.0368221,297.6
326.0733251,298.4
326.0873824,299.2
326.1062482,300
326.1302858,300.8
326.2161318,301.6
326.3109523,302.4
326.4303319,303.2
326.5442376,304
326.6606995,304.8
326.7777502,305.6
326.8672477,306.4
326.9633291,307.2
327.1265761,308
327.2566002,308.8
327.3908469,309.6
327.510117,310.4
327.6049159,311.2
327.6675445,312
327.7690085,312.8
327.9263048,313.6
329.4579109,314.4
336.9546163,315.2
344.4512468,316
351.9478023,316.8
352.0711708,317.6
352.1801448,318.4
352.3218063,319.2
352.4557971,320
352.5992592,320.8
352.7452772,321.6
352.8819384,322.4
353.0266336,323.2
353.1916413,324
353.4579694,325
353.7255462,326
353.9834509,327
354.1800884,327.8
354.4178219,328.8
354.6887384,329.8
355.2259949,331
355.8140326,332.2
356.4100945,333.4
356.9267437,334.6
357.4243851,335.8
357.9211608,337
358.4462236,338.2
358.9891005,339.4
359.6088079,340.8
360.2117279,342
360.7853551,343.2
363.8594659,344.4
371.3558273,345.6
378.8521137,346.8
386.3483252,348
386.8971584,349.2
387.3644021,350.4
387.8295811,351.6
388.5112102,353
389.1866984,354.4
389.8701578,355.8
390.5621458,357.2
391.3314955,358.6
392.1570802,360.2
392.9812686,361.8
393.8085335,363.4
394.6293254,365
395.4016964,366.4
396.1621691,367.8
397.0107955,369.4
397.8702494,371
398.7410853,372.6
399.5861559,374.2
400.4063027,375.8
401.1951107,377.2
401.9766867,378.6
402.7975609,380.2
403.621285,381.8
404.4396101,383.4
405.2421184,384.8
406.0407059,386.2
410.4635429,387.6
417.9594382,389
425.4552586,390.6
432.9510041,392.2
433.8415299,393.8
434.7311015,395.4
435.6122242,397
436.4991027,398.6
437.3568744,400.2
438.3057902,401.8
439.2770651,403.4
440.2543057,405
441.1709958,406.6
442.0760754,408.2
443.0467467,409.8
444.0213675,411.4
444.8938646,413
445.8198037,414.6
446.7750502,416.2
447.7627431,417.8
448.7993655,419.6
449.9267608,421.4
451.0882322,423.2
452.1839466,425
453.2269401,426.8
454.3950972,428.6
455.6381873,430.6
456.7203175,432.4
457.8095763,434.2
458.9591496,436
464.8903946,437.8
472.3857457,439.6
479.8810219,441.6
487.3762231,443.6
488.5573386,445.4
489.6298611,447.2
490.7602801,449
491.8282812,450.8
492.5632002,452.2
493.1442686,453.4
493.6099791,454.6
494.0612044,455.8
494.5593544,457
495.0406335,458.2
495.5100991,459.4
495.975866,460.6
496.4199069,461.8
496.8478367,463
497.2914722,464.2
497.8996546,465.4
498.5759343,466.8
499.2627399,468.2
499.9509593,469.6
500.5999151,471
501.2123398,472.4
501.9026976,473.8
502.5875193,475.2
503.6005474,477
504.8743394,479
506.3647427,481.2
512.691241,483.2
520.1861141,485
527.6809122,487
535.1756354,489.2
536.731033,491.4
538.2002244,493.6
539.6651577,495.8
541.0396204,497.8
542.6374093,500
544.4275749,502.4
546.3222547,505
548.2712701,507.6
550.2303287,510.2
552.1855151,512.8
554.1172966,515.4
556.1221107,518
558.0670008,520.6
559.9065635,523.2
561.6261604,525.6
563.3100408,528
565.0895291,530.4
566.8327788,532.8
568.6096478,535.2
570.4511024,537.8
572.3107106,540.4
574.1238768,543
575.8430742,545.4
577.6195411,547.8
579.4494523,550.4
582.1653051,553
589.6594835,555.4
597.1535869,558
604.6476153,560.6
612.1415688,563.2
614.0778934,565.8
616.0507666,568.4
617.9871968,571
619.8713509,573.6
621.7155162,576.2
623.6157884,578.8
625.6582242,581.6
627.6065283,584.2
629.5991896,586.8
631.6304889,589.6
633.5874373,592.2
635.4992081,594.8
637.4856784,597.4
639.4282276,600
641.3791233,602.6
643.3487915,605.2
645.373002,608
647.368679,610.6
649.2738373,613.2
651.1058732,615.8
653.0608188,618.4
654.7893775,620.8
656.594937,623.2
658.3983337,625.6
660.3041604,628.2
664.332394,630.8
671.8257507,633.6
679.3190324,636.4
686.8122392,639.2
694.3053711,642
696.5579454,645
698.8210571,648
701.1105176,651
703.3202998,654
705.5590073,657
707.8184684,660
710.2056688,663
712.5498894,666
714.9509113,669
717.3260211,672
719.6309705,675
722.0018229,678
724.4823262,681.2
726.965616,684.4
729.3934577,687.6
731.8131984,690.8
734.1615543,693.8
736.5343514,696.8
738.97448,700
741.3989449,703.2
743.8572869,706.4
746.2481864,709.4
748.5145706,712.4
750.8529347,715.4
753.2366089,718.4
758.7454032,721.4
766.2378157,724.6
773.7301533,727.6
781.222416,730.6
788.7146038,733.8
791.1978687,737
793.6740814,740.2
796.1311573,743.4
798.5574653,746.6
800.9588637,749.6
803.4175688,752.8
805.8938806,756
808.4089297,759.2
810.8730003,762.4
813.2787209,765.4
815.6888301,768.6
818.1570245,771.8
820.6523036,775
823.1789864,778.2
825.677972,781.4
828.1299185,784.6
830.6034472,787.8
833.1580959,791
835.6559763,794.2
838.1326051,797.4
840.6195804,800.6
843.0262302,803.6
845.4652986,806.8
847.9655833,810
850.429917,813.2
856.198546,816.4
863.689984,819.6
871.1813471,822.6
878.6726353,825.8
886.1638486,829
888.7256109,832.2
891.2655937,835.4
893.7404337,838.6
896.187153,841.8
898.6792824,845
901.2222176,848.2
903.7951134,851.4
906.3860461,854.6
906.3769823,855
906.3679185,855.4
906.3588548,855.8
906.3497912,856.2
906.3407277,856.6
906.3316643,857
906.322601,857.4
906.3135378,857.8
906.3044746,858.2
906.2954116,858.6
906.2863486,859
906.2772858,859.4
906.268223,859.8
906.2591603,860.2
906.2500977,860.6
906.2410352,861
906.2319728,861.4
906.2229105,861.8
906.2138483,862.2
909.0229528,862.6
916.5138626,863
924.0046974,863.4
923.9954574,863.8
923.9862174,864.2
923.9769776,864.6
923.9677378,865
923.9584981,865.4
923.9492585,865.8
923.940019,866.2
923.9307796,866.6
923.9215403,867
923.9123011,867.4
923.903062,867.8
923.893823,868.2
923.884584,868.6
923.8753452,869
923.8661064,869.4
923.8568678,869.8
923.8476292,870.2
923.8383907,870.6
923.8291523,871
923.8199141,871.4
923.8106759,871.8
923.8014377,872.2
923.7921997,872.6
923.7829618,873
923.773724,873.4
923.7644862,873.8
923.7552486,874.2
924.2956777,874.6
931.7864348,875
939.2771169,875.4
939.2677241,875.8
939.2583314,876.2
939.2489389,876.6
939.2395464,877
939.230154,877.4
939.2207617,877.8
939.2113695,878.2
939.2019774,878.6
939.1925853,879
939.1831934,879.4
939.1738016,879.8
939.1644098,880.2
939.1550182,880.6
939.7923086,882
942.2231914,885.2
944.8490125,888.6
947.419474,891.8
949.0783898,894.2
951.0949644,897
953.3717927,900
955.7762257,903
958.5258366,906.4
961.231256,909.8
961.2216437,910.2
961.2120315,910.6
961.2024193,911
961.1928073,911.4
964.4383621,911.8
971.9287177,912.2
979.4189984,912.6
979.4092042,913
979.3994101,913.4
979.3896161,913.8
979.3798222,914.2
979.3700284,914.6
979.3602347,915
979.3504411,915.4
979.3406476,915.8
979.3308542,916.2
979.3210609,916.6
979.3112677,917
979.3014746,917.4
979.2916816,917.8
979.2818886,918.2
979.2720958,918.6
979.2623031,919
979.2525105,919.4
979.242718,919.8
979.2329255,920.2
979.2231332,920.6
979.213341,921
979.2035488,921.4
979.1937568,921.8
979.1839649,922.2
979.174173,922.6
979.1643813,923
979.1545896,923.4
980.1019648,923.8
987.5921637,924.2
995.0822878,924.6
995.072337,925
995.0623863,925.4
995.0524356,925.8
995.0424851,926.2
995.0325347,926.6
995.0225844,927
995.0126341,927.4
995.002684,927.8
994.992734,928.2
994.9827841,928.6
994.9728342,929
994.9628845,929.4
994.9529349,929.8
994.9429854,930.2
994.9330359,930.6
994.9230866,931
994.9131374,931.4
994.9031882,931.8
994.8932392,932.2
994.8832903,932.6
994.8733414,933
994.8633927,933.4
997.2657361,936.4
999.8065214,939.6
1002.270555,942.8
1004.699033,946
1010.445716,949.2
1017.935612,952.6
1025.425432,955.8
1032.915178,959
1035.405757,962.2
1035.395403,962.6
1035.385049,963
1035.374695,963.4
1035.364341,963.8
1035.353988,964.2
1035.343634,964.6
1035.333281,965
1035.322928,965.4
1035.312574,965.8
1035.302221,966.2
1035.291868,966.6
1035.281515,967
1035.271162,967.4
1035.26081,967.8
1035.250457,968.2
1035.240105,968.6
1035.229752,969
1035.2194,969.4
1035.209048,969.8
1035.198696,970.2
1035.188344,970.6
1035.177992,971
1035.16764,971.4
1035.157288,971.8
1035.146937,972.2
1035.136585,972.6
1036.324401,973
1043.814037,973.4
1051.303599,973.8
1051.293086,974.2
1051.282573,974.6
1051.27206,975
1051.261548,975.4
1051.251035,975.8
1051.240523,976.2
1051.23001,976.6
1051.219498,977
1051.208986,977.4
1051.198474,977.8
1051.187962,978.2
1051.17745,978.6
1051.166938,979
1051.156426,979.4
1051.145915,979.8
1051.135403,980.2
1051.124892,980.6
1051.114381,981
1051.103869,981.4
1051.093358,981.8
1051.082847,982.2
1051.072337,982.6
1051.061826,983
1051.051315,983.4
1051.040805,983.8
1051.030294,984.2
1053.99916,986.6
1061.48862,989.6
1068.978005,992.6
1076.467315,995.6
1078.825105,998.6
1081.160399,1001.6
1083.493615,1004.6
1085.782777,1007.6
1087.335435,1009.8
1087.324562,1010.2
1087.313689,1010.6
1087.302816,1011
1087.291943,1011.4
1087.28107,1011.8
1087.270197,1012.2
1087.259324,1012.6
1087.248452,1013
1087.237579,1013.4
1087.226707,1013.8
1087.215835,1014.2
1087.204962,1014.6
1087.19409,1015
1087.183218,1015.4
1087.172347,1015.8
1087.161475,1016.2
1087.150603,1016.6
1087.139732,1017
1087.12886,1017.4
1087.117989,1017.8
1087.107118,1018.2
1087.096247,1018.6
1089.192709,1019
1096.681817,1019.4
1104.17085,1019.8
1104.159809,1020.2
1104.148767,1020.6
1104.137726,1021
1104.126684,1021.4
1104.115643,1021.8
1104.104602,1022.2
1104.093561,1022.6
1104.08252,1023
1104.071479,1023.4
1104.060438,1023.8
1104.049398,1024.2
1104.038357,1024.6
1104.027317,1025
1104.016277,1025.4
1104.005236,1025.8
1103.994196,1026.2
1103.983156,1026.6
1103.972117,1027
1103.961077,1027.4
1103.950037,1027.8
1103.938998,1028.2
1103.927958,1028.6
1103.916919,1029
1103.90588,1029.4
1103.894841,1029.8
1103.883802,1030.2
1103.872763,1030.6
1108.234196,1031
1115.723114,1032.6
1123.211957,1035.2
1125.131115,1037.8
1126.970304,1040.4
1128.835728,1043
1130.8305,1045.6
1132.814722,1048.2
1134.800396,1050.8
1136.722682,1053.4
1138.571446,1056
1138.560061,1056.4
1138.548675,1056.8
1138.537289,1057.2
1138.525904,1057.6
1138.514519,1058
1138.503134,1058.4
1138.491749,1058.8
1138.480364,1059.2
1138.468979,1059.6
1138.457594,1060
1138.44621,1060.4
1138.434825,1060.8
1138.423441,1061.2
1138.412057,1061.6
1138.400672,1062
1138.389288,1062.4
1138.377905,1062.8
1138.366521,1063.2
1138.355137,1063.6
1141.17192,1064
1148.660509,1064.4
1156.149022,1064.8
1156.13746,1065.2
1156.125899,1065.6
1156.114338,1066
1156.102777,1066.4
1156.091216,1066.8
1156.079655,1067.2
1156.068094,1067.6
1156.056533,1068
1156.044973,1068.4
1156.033412,1068.8
1156.021852,1069.2
1156.010292,1069.6
1155.998732,1070
1155.987172,1070.4
1155.975612,1070.8
1155.964052,1071.2
1155.952492,1071.6
1155.940933,1072
1155.929373,1072.4
1155.917814,1072.8
1155.906255,1073.2
1155.894696,1073.6
1155.883137,1074
1155.871578,1074.4
1155.860019,1074.8
1155.848461,1075.2
1155.836902,1075.6
1156.562344,1076
1164.050778,1076.4
1171.539138,1076.8
1171.527422,1077.2
1172.535244,1079
1173.942346,1081.2
1175.32519,1083.2
1176.647326,1085.2
1177.957498,1087.2
1179.355488,1089.2
1180.759493,1091.2
1182.133423,1093.2
1183.488507,1095.2
1184.708989,1097.2
1185.945472,1099.2
1187.296142,1101.2
1188.588225,1103.2
1189.888522,1105.2
1191.01573,1107
1191.00382,1107.4
1190.99191,1107.8
1190.98,1108.2
1190.96809,1108.6
1190.95618,1109
1190.944271,1109.4
1190.932361,1109.8
1190.920452,1110.2
1190.908543,1110.6
1190.896634,1111
1190.884725,1111.4
1195.561316,1111.8
1203.04936,1112.2
1210.53733,1112.6
1210.525225,1112.6
1210.513119,1112.6
1210.501014,1112.6
1210.488909,1112.6
1210.476804,1112.6
1210.464699,1112.6
1210.452595,1112.6
1210.44049,1112.6
1210.428386,1112.6
1210.416282,1112.6
1210.404177,1112.6
1210.392073,1112.6
1210.379969,1112.6
1210.367866,1112.6
1210.355762,1112.6
1210.343658,1112.6
1210.331555,1112.6
1210.319452,1112.6
1210.307349,1112.6
1210.295245,1112.6
1210.283142,1112.6
1210.27104,1112.6
1210.258937,1112.6
1210.246834,1112.6
1210.234732,1112.6
1210.22263,1112.6
1210.210527,1112.6
1210.198425,1112.6
1210.186323,1112.6
1210.174221,1112.6
1202.66212,1110.2
1195.150093,1109.6
1187.638141,1108.2
1180.126265,1106.6
1172.614464,1106
1165.102738,1105.4
1157.591087,1103.6
1150.079511,1101.6
1142.56801,1100.6
1135.056584,1099.6
1127.545234,1098.6
1120.033958,1098.4
1112.522758,1098.2
1105.011633,1097.6
1097.500583,1097.4
1089.989608,1096.2
1082.478708,1095.4
1074.967883,1095
1067.457133,1094.4
1059.946459,1093.4
1052.435859,1092.8
1044.925335,1092.6
1037.414886,1092.6
1029.904511,1092.4
1022.394212,1090.8
1014.883988,1086.4
1007.37384,1086.4
999.8637659,1084.6
992.3537672,1084.6
984.8438437,1083.2
977.3339952,1082.6
969.8242219,1081.2
962.3145237,1079.6
954.8049005,1078.2
947.2953525,1076.2
939.7858795,1074.4
932.2764817,1072.8
924.7671589,1072.6
917.2579112,1072.2
909.7487386,1071.2
902.2396412,1071.2
894.7306188,1069.6
887.2216715,1068.6
879.7127992,1067.6
872.2040021,1066.2
864.6952801,1065.6
857.1866331,1064.6
854.951014,1064.6
854.9424645,1063.2
854.9339151,1062.2
854.9253657,1060.8
854.9168165,1060.6
854.9082673,1060.6
854.8997182,1059.4
854.8911692,1059.4
854.8826203,1059.4
854.8740715,1059.4
854.8655228,1059.2
854.8569741,1059.2
854.8484255,1057.2
854.8398771,1057.2
854.8313287,1057.2
854.8227803,1056.6
854.8142321,1055.2
854.805684,1053.4
854.7971359,1053.2
854.7885879,1053.2
854.7800401,1052.2
854.7714923,1050.2
854.7629445,1049.4
854.7543969,1049.2
854.7458494,1048.6
854.7373019,1048.2
854.7287545,1048
854.7202072,1047.8
854.71166,1047.4
854.7031129,1047.2
854.6945659,1046.2
854.686019,1045.4
854.6774721,1045
854.6689253,1044.4
854.6603786,1044.2
854.651832,1044
854.6432855,1043.6
854.6347391,1043.2
854.6261927,1042.8
854.6176465,1042.6
854.6091003,1042
854.6005542,1041.8
854.5920082,1041.6
854.5834623,1041.6
854.5749164,1041.6
854.5663707,1041.6
854.557825,1041.6
854.5492794,1041.6
854.540734,1041.6
854.5321885,1041.6
854.5236432,1041.6
854.515098,1041.6
854.5065528,1041.6
854.4980078,1041.6
854.4894628,1041.6
854.4809179,1041.6
854.4723731,1041.6
854.4638284,1041.6
854.4552837,1041.6
854.4467392,1041.6
854.4381947,1041.6
854.4296503,1041.6
854.421106,1041.6
854.4125618,1041.6
854.4040177,1041.6
854.3954737,1041.6
854.3869297,1041.6
854.3783858,1041.6
854.369842,1041.6
854.3612983,1041.6
854.3527547,1041.6
854.3442112,1041.6
854.3356678,1041.6
854.3271244,1042
854.3185811,1042.4
854.3100379,1042.8
854.3014948,1043.2
854.2929518,1043.6
854.2844089,1044
854.2758661,1044.4
854.2673233,1044.8
854.2587806,1045.2
854.250238,1045.6
854.2416955,1046
854.2331531,1046.4
854.2246108,1046.8
854.2160685,1047.2
854.2075264,1047.6
854.1989843,1048
854.1904423,1048.4
854.1819004,1048.8
854.1733586,1049.2
854.1648169,1049.6
854.1562752,1050
854.1477336,1050.4
854.1391922,1050.8
854.1306508,1051.2
854.1221095,1051.6
854.1135683,1052
854.1050271,1052.4
855.1416527,1052.8
862.6331013,1053.2
870.124475,1053.6
870.1157737,1054
870.1070726,1054.4
870.0983715,1054.8
870.0896705,1055.2
870.0809696,1055.6
870.0722688,1056
870.0635681,1056.4
870.0548675,1056.8
870.0461669,1057.2
870.0374665,1057.6
870.0287661,1058
870.0200658,1058.4
870.0113656,1058.8
870.0026655,1059.2
869.9939654,1059.8
869.9852655,1060.4
869.9765657,1060.8
869.9678659,1061.2
869.9591662,1061.6
869.9504666,1062
869.9417671,1062.4
869.9330677,1062.8
869.9243684,1063.2
869.9156691,1063.6
869.90697,1064
869.8982709,1064.4
869.8895719,1064.8
871.7327064,1065.2
879.223989,1065.6
886.7151968,1066
886.7063296,1066.6
886.6974626,1067
886.6885956,1067.4
886.6797287,1067.8
886.6708619,1068.2
886.6619952,1068.8
886.6531286,1069.2
886.6442621,1069.8
886.6353956,1070.2
886.6265293,1070.6
886.617663,1071
886.6087968,1071.4
886.5999307,1072
886.5910647,1072.6
886.5821988,1073
886.573333,1073.4
886.5644673,1073.8
886.5556016,1074.2
886.5467361,1074.6
886.5378706,1075
886.5290052,1075.6
886.5201399,1076
886.5112747,1076.4
886.5024096,1076.8
886.4935446,1077.2
886.4846797,1077.6
886.4758148,1078.2
888.6967834,1078.8
896.1878964,1079.4
903.6789345,1079.8
903.6698977,1080.2
903.660861,1080.6
903.6518244,1081
903.6427879,1081.4
903.6337515,1081.8
903.6247152,1082.4
903.6156789,1083
903.6066427,1083.4
903.5976067,1083.8
903.5885707,1084.2
903.5795348,1084.6
903.570499,1085.2
903.5614633,1085.8
903.5524277,1086.2
903.5433922,1086.6
903.5343567,1087
903.5253214,1087.4
903.5162861,1087.8
903.507251,1088.4
903.4982159,1089
903.4891809,1089.6
903.480146,1090
903.4711112,1090.4
903.4620765,1090.8
903.4530419,1091.2
903.4440074,1091.6
903.4349729,1092.2
905.8072719,1092.8
913.2982138,1093.4
920.7890809,1093.8
920.779873,1094.2
920.7706652,1094.6
920.7614575,1095.2
920.7522499,1095.8
920.7430423,1096.4
920.7338349,1097
920.7246276,1097.6
920.7154203,1098
920.7062132,1098.4
920.6970061,1099
920.6877991,1099.6
920.6785923,1100.2
920.6693855,1100.8
920.6601788,1101.2
920.6509722,1101.6
920.6417657,1102
920.6325592,1102.6
920.6233529,1103.2
920.6141467,1103.8
920.6049405,1104.4
920.5957345,1105
920.5865285,1105.4
920.5773227,1105.8
920.5681169,1106.4
920.5589112,1107
920.5497056,1107.6
920.5405001,1108.2
923.6632947,1108.8
931.1540581,1109.2
938.6447466,1109.6
938.6353601,1110.2
938.6259738,1110.8
938.6165875,1111.4
938.6072013,1112
938.5978153,1112.6
938.5884293,1113
938.5790434,1113.4
938.5696576,1114
938.5602719,1114.6
938.5508863,1115.2
938.5415008,1115.8
938.5321154,1116.4
938.5227301,1116.8
938.5133448,1117.2
938.5039597,1117.8
938.4945747,1118.4
938.4851897,1119
938.4758049,1119.6
938.4664201,1120.2
938.4570354,1120.8
938.4476509,1121.2
938.4382664,1121.6
938.428882,1122.2
938.4194977,1122.8
938.4101135,1123.4
938.4007294,1124
938.3913454,1124.4
941.7576282,1124.8
949.2482106,1125.2
956.7387181,1125.8
956.7291507,1126.4
956.7195834,1127
956.7100162,1127.6
956.7004491,1128.2
956.6908821,1128.6
956.6813152,1129
956.6717484,1129.6
956.6621817,1130.2
956.6526151,1130.8
956.6430485,1131.4
956.6334821,1132
956.6239158,1132.4
956.6143495,1133
956.6047834,1133.6
956.5952173,1134.2
956.5856514,1134.8
956.5760855,1135.4
956.5665198,1135.8
956.5569541,1136.2
956.5473885,1136.6
956.5378231,1137.2
956.5282577,1137.8
956.5186924,1138.4
956.5091272,1138.8
956.4995621,1139.2
956.4899971,1139.6
956.4804322,1140.2
959.9583674,1140.8
967.4487678,1141.4
974.9390934,1142
974.929344,1142.6
974.9195947,1143
974.9098455,1143.4
974.9000964,1144
974.8903474,1144.6
974.8805985,1145.2
974.8708497,1145.8
974.861101,1146.4
974.8513523,1146.8
974.8416038,1147.2
974.8318554,1147.8
974.8221071,1148.4
974.8123589,1149
974.8026108,1149.6
974.7928627,1150.2
974.7831148,1150.6
974.773367,1151
974.7636192,1151.6
974.7538716,1152.2
974.7441241,1152.8
974.7343766,1153.4
974.7246293,1154
974.714882,1154.4
974.7051349,1155
974.6953878,1155.6
974.6856409,1156.2
974.675894,1156.8
978.0493139,1157.4
985.5395334,1157.8
993.029678,1158.2
993.0197477,1158.8
993.0098175,1159.4
992.9998874,1160
992.9899574,1160.6
992.9800275,1161
992.9700977,1161.4
992.960168,1161.8
992.9502384,1162.4
992.9403089,1163
992.9303795,1163.6
992.9204502,1164.2
992.910521,1164.6
992.9005919,1165
992.8906629,1165.4
992.880734,1166
992.8708052,1166.6
992.8608765,1167.2
992.8509479,1167.8
992.8410194,1168.4
992.831091,1168.8
992.8211627,1169.2
992.8112344,1169.8
992.8013063,1170.4
992.7913783,1171
992.7814504,1171.6
992.7715226,1172
992.7615949,1172.4
995.8386673,1172.8
1003.328709,1173.4
1010.818676,1174
1010.808567,1174.6
1010.798459,1175.2
1010.788351,1175.6
1010.778243,1176
1010.768136,1176.6
1010.758028,1177.2
1010.74792,1177.8
1010.737813,1178.4
1010.727706,1179
1010.717598,1179.6
1010.707491,1180
1010.697384,1180.6
1010.687277,1181.2
1010.67717,1181.8
1010.667063,1182.4
1010.656957,1183
1010.64685,1183.4
1010.636744,1183.8
1010.626637,1184.4
1010.616531,1185
1010.606425,1185.6
1010.596319,1186.2
1010.586213,1186.8
1010.576107,1187.2
1010.566001,1187.6
1010.555896,1188.2
1010.54579,1188.8
1013.670185,1189.2
1021.160048,1189.6
1028.649836,1190
1028.63955,1190.4
1028.629263,1190.8
1028.618977,1191.2
1028.608691,1191.8
1028.598405,1192.4
1028.588119,1193
1028.577833,1193.4
1028.567547,1193.8
1028.557261,1194.2
1028.546976,1194.8
1028.53669,1195.4
1028.526405,1196
1028.51612,1196.4
1028.505835,1196.8
1028.49555,1197.2
1028.485265,1197.8
1028.47498,1198.4
1028.464695,1199
1028.45441,1199.4
1028.444126,1199.8
1028.433841,1200.2
1028.423557,1200.6
1028.413273,1201.2
1028.402989,1201.8
1028.392705,1202.4
1028.382421,1202.8
1028.372137,1203.2
1030.73452,1203.6
1038.224213,1204
1045.71383,1204.6
1045.703373,1205.2
1045.692916,1205.8
1045.682459,1206.4
1045.672002,1206.8
1045.661546,1207.2
1045.651089,1207.6
1045.640632,1208
1045.630176,1208.6
1045.61972,1209.2
1045.609264,1209.6
1045.598807,1210
1045.588352,1210.4
1045.577896,1211
1045.56744,1211.6
1045.556984,1212.2
1045.546529,1212.8
1045.536073,1213.4
1045.525618,1213.8
1045.515163,1214.2
1045.504707,1214.6
1045.494252,1215.2
1045.483797,1215.8
1045.473343,1216.2
1045.462888,1216.6
1045.452433,1217
1045.441979,1217.4
1045.431524,1217.8
1047.97657,1218.2
1055.46609,1218.6
1062.955535,1219.2
1062.944906,1219.6
1062.934276,1220
1062.923647,1220.4
1062.913018,1221
1062.902389,1221.6
1062.89176,1222.2
1062.881131,1222.8
1062.870502,1223.2
1062.859873,1223.6
1062.849245,1224
1062.838616,1224.6
1062.827988,1225.2
1062.81736,1225.8
1062.806731,1226.4
1062.796103,1226.8
1062.785475,1227.2
1062.774848,1227.6
1062.76422,1228.2
1062.753592,1228.8
1062.742965,1229.4
1062.732337,1229.8
1062.72171,1230.2
1062.711083,1230.6
1062.700456,1231
1062.689828,1231.6
1062.679202,1232
1062.668575,1232.6
1065.192448,1233
1072.681796,1233.4
1080.171069,1233.8
1080.160268,1234.2
1080.149466,1234.6
1080.138665,1235.2
1080.127863,1235.8
1080.117062,1236.2
1080.106261,1236.6
1080.09546,1237
1080.084659,1237.4
1080.073858,1238
1080.063057,1238.6
1080.052257,1239.2
1080.041456,1239.6
1080.030656,1240
1080.019855,1240.4
1080.009055,1240.8
1079.998255,1241.4
1079.987455,1241.8
1079.976655,1242.2
1079.965855,1242.6
1079.955056,1243
1079.944256,1243.4
1079.933457,1244
1079.922657,1244.4
1079.911858,1244.8
1079.901059,1245.2
1079.89026,1245.6
1079.879461,1246
1082.405496,1246.4
1089.894672,1247
1097.383773,1247.6
1097.372799,1248.2
1097.361825,1248.8
1097.350851,1249.2
1097.339878,1249.6
1097.328905,1250
1097.317931,1250.6
1097.306958,1251.2
1097.295985,1251.8
1097.285012,1252.4
1097.274039,1252.8
1097.263066,1253.2
1097.252094,1253.6
1097.241121,1254.2
1097.230149,1254.8
1097.219177,1255.4
1097.208204,1255.8
1097.197232,1256.2
1097.18626,1256.6
1097.175288,1257
1097.164317,1257.6
1097.153345,1258.2
1097.142374,1258.8
1097.131402,1259.4
1097.120431,1259.8
1097.10946,1260.2
1097.098489,1260.6
1097.087518,1261.2
1099.753047,1261.6
1107.242049,1262
1114.730977,1262.4
1114.719829,1262.8
1114.708682,1263.2
1114.697535,1263.8
1114.686388,1264.4
1114.675241,1265
1114.664095,1265.6
1114.652948,1266
1114.641801,1266.4
1114.630655,1266.8
1114.619509,1267.4
1114.608362,1268
1114.597216,1268.6
1114.58607,1269.2
1114.574925,1269.6
1114.563779,1270
1114.552633,1270.4
1114.541488,1271
1114.530342,1271.6
1114.519197,1272.2
1114.508052,1272.8
1114.496907,1273.2
1114.485762,1273.6
1114.474617,1274
1114.463472,1274.6
1114.452327,1275.2
1114.441183,1275.6
1114.430038,1276
1117.035394,1276.4
1124.524224,1276.8
1132.012979,1277.2
1132.001658,1277.6
1131.990338,1278
1131.979019,1278.6
1131.967699,1279
1131.956379,1279.4
1131.945059,1279.8
1131.93374,1280.2
1131.922421,1280.8
1131.911101,1281.4
1131.899782,1282
1131.888463,1282.4
1131.877144,1282.8
1131.865826,1283.2
1131.854507,1283.8
1131.843189,1284.4
1131.83187,1285
1131.820552,1285.6
1131.809234,1286
1131.797915,1286.4
1131.786597,1286.8
1131.77528,1287.4
1131.763962,1288
1131.752644,1288.6
1131.741327,1289.2
1131.730009,1289.6
1131.718692,1290
1131.707375,1290.4
1134.379724,1291
1141.868381,1291.6
1149.356962,1292.2
1149.345468,1292.8
1149.333975,1293.2
1149.322482,1293.6
1149.310988,1294
1149.299495,1294.6
1149.288002,1295.2
1149.276509,1295.8
1149.265017,1296.2
1149.253524,1296.6
1149.242031,1297
1149.230539,1297.6
1149.219047,1298.2
1149.207554,1298.8
1149.196062,1299.4
1149.18457,1300
1149.173079,1300.4
1149.161587,1300.8
1149.150095,1301.4
1149.138604,1302
1149.127112,1302.6
1149.115621,1303.2
1149.10413,1303.8
1149.092639,1304.2
1149.081148,1304.6
1149.069657,1305.2
1149.058166,1305.8
1149.046676,1306.4
1152.267185,1307
1159.755663,1307.6
1167.244065,1308.2
1167.232393,1308.6
1167.22072,1309.2
1167.209048,1309.8
1167.197376,1310.4
1167.185704,1311
1167.174032,1311.4
1167.162361,1311.8
1167.150689,1312.2
1167.139017,1312.8
1167.127346,1313.4
1167.115675,1314
1167.104004,1314.6
1167.092333,1315.2
1167.080662,1315.6
1167.068991,1316
1167.05732,1316.6
1167.04565,1317.2
1167.033979,1317.8
1167.022309,1318.4
1167.010639,1318.8
1166.998968,1319.2
1166.987298,1319.6
1166.975629,1320.2
1166.963959,1320.8
1166.952289,1321.4
1166.94062,1322
1166.92895,1322.6
1170.276114,1323
1177.764412,1323.6
1185.252634,1324.2
1185.240781,1324.8
1185.228929,1325.4
1185.217077,1326
1185.205224,1326.4
1185.193372,1326.8
1185.18152,1327.4
1185.169669,1328
1185.157817,1328.6
1185.145965,1329.2
1185.134114,1329.8
1185.122263,1330.2
1185.110411,1330.6
1185.09856,1331.2
1185.086709,1331.8
1185.074858,1332.4
1185.063008,1333
1185.051157,1333.4
1185.039307,1333.8
1185.027456,1334.2
1185.015606,1334.8
1185.003756,1335.4
1184.991906,1336
1184.980056,1336.6
1184.968206,1337.2
1184.956356,1337.6
1184.944507,1338.2
1184.932657,1338.8
1188.353808,1339.4
1195.841924,1340
1203.329966,1340.6
1203.317933,1341.2
1203.3059,1341.6
1203.293866,1342.2
1203.281834,1342.8
1203.269801,1343.4
1203.257768,1344
1203.245735,1344.6
1203.233703,1345
1203.221671,1345.4
1203.209638,1346
1203.197606,1346.6
1203.185574,1347.2
1203.173542,1347.8
1203.161511,1348.2
1203.149479,1348.6
1203.137448,1349
1203.125416,1349.6
1203.113385,1350.2
1203.101354,1350.8
1203.089323,1351.4
1203.077292,1352
1203.065261,1352.6
1203.053231,1353
1203.0412,1353.6
1203.02917,1354.2
1203.017139,1354.8
1203.005109,1355.4
1206.523535,1356
1214.01147,1356.4
1221.49933,1357
1221.487115,1357.6
1221.4749,1358.2
1221.462685,1358.8
1221.45047,1359.4
1221.438256,1360
1221.426042,1360.6
1221.413827,1361.2
1221.401613,1361.8
1221.389399,1362.4
1221.377185,1363
1221.364972,1363.6
1221.352758,1364.2
1221.340544,1364.8
1221.328331,1365.4
1221.316118,1366
1221.303904,1366.6
1221.291691,1367.2
1221.279479,1367.8
1221.267266,1368.4
1221.255053,1369
1221.263558,1369.8
1221.288735,1370.6
1221.323026,1371.4
1221.363346,1372.2
1221.377139,1373
1221.377766,1373.6
1221.365552,1374.2
1228.04931,1375
1235.53703,1375.8
1243.024674,1376.6
1243.069092,1377.4
1243.100315,1378.2
1243.090123,1378.8
1243.169573,1379.6
1243.251495,1380.4
1243.35106,1381.2
1243.470488,1382
1243.575638,1382.8
1243.674457,1383.6
1243.746223,1384.4
1243.908658,1385.2
1244.078787,1386
1244.256863,1386.8
1244.427967,1387.6
1244.594769,1388.4
1244.73896,1389.2
1244.883622,1390
1245.115875,1391
1245.366462,1392
1245.582158,1393
1245.788049,1394
1245.97747,1394.8
1246.155087,1395.6
1246.340458,1396.4
1246.654054,1397.4
1246.985624,1398.4
1249.320038,1399.4
1256.807545,1400.4
1264.294977,1401.4
1271.782334,1402.4
1272.038837,1403.4
1272.308916,1404.4
1272.553816,1405.4
1272.815997,1406.4
1273.066484,1407.4
1273.337034,1408.4
1273.596507,1409.4
1273.991557,1410.4
1274.484817,1411.6
1274.931227,1412.8
1275.384888,1414
1275.904626,1415.2
1276.42584,1416.4
1276.935969,1417.6
1277.496445,1418.8
1278.021791,1420
1278.443324,1421.2
1278.628761,1422
1278.88025,1423
1279.127659,1424
1279.448331,1425
1279.859096,1426.2
1280.290456,1427.4
1280.758187,1428.6
1281.205801,1429.8
1281.705486,1431
1285.106694,1432.2
1292.593843,1433.4
1300.080917,1434.8
1307.567916,1436.2
1308.137319,1437.4
1308.682185,1438.6
1309.169347,1439.8
1309.701689,1441
1310.354938,1442.4
1310.98617,1443.8
1311.665327,1445.2
1312.318641,1446.6
1312.958424,1448
1313.573758,1449.4
1314.161859,1450.6
1314.817028,1452
1315.548741,1453.4
1316.206427,1454.8
1316.914375,1456.2
1317.594175,1457.6
1318.260863,1459
1319.006081,1460.4
1319.783329,1461.8
1320.576074,1463.2
1321.3772,1464.6
1322.192634,1466.2
1323.16634,1467.8
1324.154544,1469.4
1325.212067,1471.2
1326.289223,1473
1331.506327,1474.8
1338.993012,1476.6
1346.479622,1478.4
1353.966157,1480.2
1354.931344,1481.8
1355.889868,1483.4
1356.705673,1485
1357.740261,1486.8
1358.824578,1488.6
1359.973001,1490.4
1361.167314,1492.2
1362.461732,1494.2
1363.753914,1496.2
1365.05203,1498.2
1366.351554,1500.2
1367.621349,1502.2
1368.858298,1504.2
1370.109421,1506.2
1371.405086,1508.2
1372.736221,1510.2
1374.098466,1512.2
1375.437257,1514.2
1376.728368,1516.2
1377.927778,1518
1379.340265,1520.2
1380.77049,1522.4
1382.247938,1524.6
1383.705679,1526.8
1385.118909,1529
1386.549796,1531.2
1393.583415,1533.4
1401.06948,1535.6
1408.555469,1537.8
1416.041383,1540
1417.508494,1542.2
1419.0115,1544.4
1420.571736,1546.6
1422.181883,1549
1423.752695,1551.2
1425.240133,1553.4
1426.654153,1555.6
1427.974844,1557.6
1429.199953,1559.6
1430.422505,1561.6
1431.307149,1563.2
1432.203538,1564.8
1433.139827,1566.4
1434.042028,1568
1434.967782,1569.6
1436.006508,1571.4
1437.002906,1573
1438.313252,1575
1439.708616,1577
1441.362562,1579.4
1443.007822,1581.8
1444.746604,1584.2
1446.532519,1586.6
1448.390516,1589.2
1450.201208,1591.8
1452.405274,1594.2
1459.89075,1596.6
1467.376151,1599
1474.861477,1601.4
1482.346728,1603.8
1484.232354,1606.4
1486.112531,1609
1487.977221,1611.6
1489.844888,1614.2
1491.817124,1616.8
1493.829938,1619.6
1495.68491,1622.2
1497.356581,1624.6
1498.757742,1626.6
1500.039209,1628.6
1501.553846,1630.8
1503.288453,1633.2
1505.141579,1635.8
1506.988477,1638.4
1508.777235,1640.8
1510.654222,1643.4
1512.420352,1645.8
1514.19186,1648.2
1515.918756,1650.6
1517.683518,1653
1519.442804,1655.4
1521.06036,1657.8
1522.87899,1660.4
1524.774264,1663
1526.783145,1665.8
1528.849141,1668.6
1529.9188,1670
1537.403501,1670.4
1544.888127,1670.8
1552.372678,1671.2
1552.357154,1671.6
1552.341631,1672
1552.326107,1672.4
1552.310584,1672.8
1552.295061,1673.2
1552.279538,1673.6
1552.264015,1674
1552.248493,1674.4
1552.23297,1674.8
1552.217448,1675.2
1552.201926,1675.6
1552.186404,1676
1552.170882,1676.4
1552.15536,1676.8
1552.139839,1677.2
1552.124317,1677.6
1552.108796,1678
1552.093275,1678.4
1552.077754,1678.8
1552.062233,1679.2
1552.046713,1679.6
1552.031192,1680
1552.015672,1680.4
1552.000152,1680.8
1551.984632,1681.2
1551.969112,1681.6
1551.953592,1682
1552.765573,1682.4
1560.250045,1682.8
1567.734442,1683.2
1567.718765,1683.6
1567.703088,1684
1567.687411,1684.4
1567.671734,1684.8
1567.656057,1685.2
1567.640381,1685.6
1567.624704,1686
1567.609028,1686.4
1567.593352,1686.8
1567.577676,1687.2
1567.562,1687.6
1567.546325,1688
1567.530649,1688.4
1567.514974,1688.8
1567.499299,1689.2
1567.483624,1689.6
1567.467949,1690
1567.452274,1690.4
1567.4366,1690.8
1567.420925,1691.2
1567.405251,1691.6
1567.389577,1692
1567.373903,1692.4
1567.358229,1692.8
1567.342556,1693.2
1568.823173,1695.4
1572.298807,1698
1579.783084,1700.8
1587.267286,1703.8
1594.751413,1706.8
1596.797071,1709.6
1598.957724,1712.4
1600.869214,1715
1602.994196,1717.8
1604.966032,1720.4
1604.949982,1720.8
1604.933932,1721.2
1604.917883,1721.6
1604.901834,1722
1604.885785,1722.4
1604.869736,1722.8
1604.853687,1723.2
1604.837639,1723.6
1604.82159,1724
1604.805542,1724.4
1604.789494,1724.8
1604.773446,1725.2
1604.757399,1725.6
1604.741351,1726
1604.725304,1726.4
1604.709256,1726.8
1604.693209,1727.2
1604.677162,1727.6
1604.661116,1728
1604.645069,1728.4
1604.629022,1728.8
1604.612976,1729.2
1606.957097,1729.6
1614.441027,1730
1621.924883,1730.4
1621.908663,1730.8
1621.892444,1731.2
1621.876225,1731.6
1621.860007,1732
1621.843788,1732.4
1621.82757,1732.8
1621.811351,1733.2
1621.795133,1733.6
1621.778915,1734
1621.762698,1734.4
1621.74648,1734.8
1621.730262,1735.2
1621.714045,1735.6
1621.697828,1736
1621.681611,1736.4
1621.665394,1736.8
1621.649178,1737.2
1621.632961,1737.6
1621.616745,1738
1621.600529,1738.4
1621.584313,1738.8
1621.568097,1739.2
1621.551881,1739.6
1621.535666,1740
1621.51945,1740.4
1621.503235,1740.8
1621.48702,1741.2
1625.13169,1741.6
1632.615438,1742
1640.099112,1745
1642.533631,1748.2
1644.974854,1751.4
1647.369008,1754.4
1649.847885,1757.6
1652.541917,1761
1655.008947,1764.2
1657.722434,1767.6
1657.960703,1768.6
1657.944123,1769
1657.927544,1769.4
1657.910964,1769.8
1657.894385,1770.2
1657.877806,1770.6
1657.861227,1771
1657.844649,1771.4
1657.82807,1771.8
1657.811492,1772.2
1657.794914,1772.6
1657.778336,1773
1657.761758,1773.4
1657.745181,1773.8
1657.728603,1774.2
1657.712026,1774.6
1657.695449,1775
1657.678872,1775.4
1657.662295,1775.8
1657.645718,1776.2
1660.386475,1776.6
1667.869871,1777
1675.353193,1777.4
1675.336439,1777.8
1675.319686,1778.2
1675.302933,1778.6
1675.28618,1779
1675.269427,1779.4
1675.252674,1779.8
1675.235922,1780.2
1675.219169,1780.6
1675.202417,1781
1675.185665,1781.4
1675.168913,1781.8
1675.152161,1782.2
1675.13541,1782.6
1675.118659,1783
1675.101907,1783.4
1675.085156,1783.8
1675.068405,1784.2
1675.051655,1784.6
1675.034904,1785
1675.018154,1785.4
1675.001404,1785.8
1674.984654,1786.2
1674.967904,1786.6
1674.951154,1787
1674.934405,1787.4
1674.917655,1787.8
1674.900906,1788.2
1680.764121,1788.8
1688.247314,1792.2
1695.730431,1795.4
1698.292212,1798.6
1700.883043,1801.8
1703.583908,1805.2
1706.269432,1808.6
1708.94679,1812
1709.874353,1813.6
1709.857254,1814
1709.840155,1814.4
1709.823057,1814.8
1709.805959,1815.2
1709.788861,1815.6
1709.771763,1816
1709.754665,1816.4
1709.737567,1816.8
1709.72047,1817.2
1709.703373,1817.6
1709.686276,1818
1709.669179,1818.4
1709.652082,1818.8
1709.634986,1819.2
1709.617889,1819.6
1709.600793,1820
1709.583697,1820.4
1709.566601,1820.8
1709.549506,1821.2
1709.53241,1821.6
1709.515315,1822
1710.833886,1822.4
1718.316778,1822.8
1725.799595,1823.2
1725.782337,1823.6
1725.765079,1824
1725.747821,1824.4
1725.730564,1824.8
1725.713307,1825.2
1725.69605,1825.6
1725.678793,1826
1725.661536,1826.4
1725.644279,1826.8
1725.627023,1827.2
1725.609766,1827.6
1725.59251,1828
1725.575254,1828.4
1725.557999,1828.8
1725.540743,1829.2
1725.523488,1829.6
1725.506232,1830
1725.488977,1830.4
1725.471723,1830.8
1725.454468,1831.2
1725.437213,1831.6
1725.419959,1832
1725.402705,1832.4
1725.385451,1832.8
1725.368197,1833.2
1727.123597,1835.6
1730.503617,1838.6
1737.986312,1841.8
1745.468932,1844.8
1752.951477,1847.8
1755.204471,1850.8
1757.37145,1853.6
1759.783545,1856.8
1760.964524,1858.6
1760.946914,1859
1760.929305,1859.4
1760.911695,1859.6
1760.894086,1860
1760.876477,1860.4
1760.858869,1860.8
1760.84126,1861.2
1760.823652,1861.6
1760.806043,1862
1760.788435,1862.4
1760.770827,1862.8
1760.75322,1863.2
1760.735612,1863.6
1760.718005,1864
1760.700398,1864.4
1760.682791,1864.8
1760.665184,1865.2
1760.647577,1865.6
1760.629971,1866
1760.612364,1866.4
1760.594758,1866.8
1760.577152,1867.2
1760.559547,1867.6
1761.472774,1868
1768.95516,1868.4
1776.43747,1868.8
1776.419706,1869.2
1776.401941,1869.6
1776.384177,1870
1776.366414,1870.4
1776.34865,1870.8
1776.330886,1871.2
1776.313123,1871.6
1776.29536,1872
1776.277597,1872.4
1776.259834,1872.8
1776.242072,1873.2
1776.224309,1873.6
1776.206547,1874
1776.188785,1874.4
1776.171023,1874.8
1776.153261,1875.2
1776.1355,1875.6
1776.117738,1876
1776.099977,1876.4
1776.082216,1876.8
1776.064455,1877.2
1776.046695,1877.6
1776.028934,1878
1778.285002,1881
1780.383384,1883.8
1782.524887,1886.6
1785.188811,1889.4
1792.67096,1892.2
1800.153033,1895
1807.635031,1897.6
1809.538514,1900.2
1811.67272,1903
1811.654604,1903.4
1811.636487,1903.8
1811.618371,1904.2
1811.600254,1904.6
1811.582138,1905
1811.564023,1905.4
1811.545907,1905.8
1811.527792,1906.2
1811.509676,1906.6
1811.491561,1907
1811.473446,1907.4
1811.455332,1907.8
1811.437217,1908.2
1811.419103,1908.6
1811.400988,1909
1811.382874,1909.4
1811.364761,1909.8
1811.346647,1910.2
1811.328533,1910.6
1811.31042,1911
1811.292307,1911.4
1811.274194,1911.8
1811.256081,1912.2
1811.237969,1912.6
1811.219856,1913
1811.595244,1913.4
1819.077128,1913.8
1826.558938,1914.2
1826.540672,1914.6
1826.522407,1915
1826.504141,1915.4
1826.485876,1915.8
1826.467611,1916.2
1826.449347,1916.6
1826.431082,1917
1826.412818,1917.4
1826.394554,1917.8
1826.37629,1918.2
1826.358026,1918.6
1826.339763,1919
1826.321499,1919.4
1826.303236,1919.8
1826.284973,1920.2
1826.26671,1920.6
1826.248447,1921
1826.230185,1921.4
1826.211923,1921.8
1826.19366,1922.2
1826.175398,1922.6
1826.456764,1923.6
1828.415246,1926.2
1830.372507,1928.8
1832.208458,1931.4
1834.08019,1934
1836.439304,1936.6
1843.92094,1939
1851.4025,1941.4
1858.883986,1943.6
1860.323532,1945.8
1861.930786,1948.2
1861.912166,1948.6
1861.893547,1949
1861.874928,1949.4
1861.85631,1949.8
1861.837691,1950.2
1861.819073,1950.6
1861.800454,1951
1861.781836,1951.4
1861.763219,1951.8
1861.744601,1952.2
1861.725984,1952.6
1861.707366,1953
1861.688749,1953.4
1861.670132,1953.8
1861.651516,1954.2
1861.632899,1954.6
1861.614283,1955
1861.595667,1955.4
1861.577051,1955.8
1861.558435,1956.2
1861.539819,1956.6
1861.521204,1957
1861.502589,1957.4
1861.483974,1957.8
1861.465359,1958.2
1862.672078,1958.6
1870.153451,1959
1877.634749,1959.4
1877.615973,1959.8
1877.597197,1960.2
1877.578421,1960.6
1877.559645,1961
1877.540869,1961.4
1877.522094,1961.8
1877.503319,1962.2
1877.484544,1962.6
1877.465769,1963
1877.446994,1963.4
1877.42822,1963.8
1877.409446,1964.2
1877.390671,1964.6
1877.371898,1965
1877.353124,1965.4
1877.33435,1965.8
1877.315577,1966.2
1877.296804,1966.6
1877.278031,1967
1877.259258,1967.4
1877.240485,1967.8
1877.221713,1968.2
1877.202941,1968.6
1878.527162,1970.6
1880.053833,1972.8
1881.539738,1975
1883.10883,1977.2
1890.197179,1979.4
1897.678277,1981.6
1905.1593,1983.8
1906.623801,1986
1908.194699,1988.2
1909.741853,1990.4
1911.251671,1992.6
1912.664486,1994.8
1913.235273,1996
1913.216141,1996.4
1913.197009,1996.8
1913.177877,1997.2
1913.158745,1997.6
1913.139614,1998
1913.120482,1998.4
1913.101351,1998.8
1913.08222,1999.2
1913.063089,1999.6
1913.043958,2000
1913.024828,2000.4
1913.005698,2000.8
1912.986568,2001.2
1912.967438,2001.6
1912.948308,2002
1912.929179,2002.4
1912.910049,2002.8
1912.89092,2003.2
1912.871791,2003.6
1912.852663,2004
1912.833534,2004.4
1914.926739,2004.8
1922.40759,2005.2
1929.888366,2005.6
1929.869067,2005.6
1929.849768,2005.6
1929.83047,2005.6
1929.811171,2005.6
1929.791873,2005.6
1929.772575,2005.6
1929.753278,2005.6
1929.73398,2005.6
1929.714683,2005.6
1929.695386,2005.6
1929.676089,2005.6
1929.656792,2005.6
1929.637495,2005.6
1929.618199,2005.6
1929.598903,2005.6
1929.579607,2005.6
1929.560311,2005.6
1929.541015,2005.6
1929.52172,2005.6
1929.502425,2005.6
1929.48313,2005.6
1929.463835,2005.6
1929.44454,2005.6
1929.425246,2005.6
1929.405952,2005.6
1929.386658,2005.6
1929.367364,2005.6
1929.34807,2005.6
1929.328777,2005.6
1929.309483,2005.6
1929.29019,2005.6
1929.270897,2005.6
1929.251605,2005.6
1929.232312,2005.6
1929.21302,2005.6
1929.193728,2005.6
1929.174436,2005.6
1929.155144,2005.6
1929.135852,2005.6
1929.116561,2005.6
1929.09727,2005.6
1929.077979,2005.6
1929.058688,2005.6
1929.039397,2005.6
1929.020107,2005.6
1929.000817,2005.6
1928.981527,2005.6
1928.962237,2005.6
1928.942947,2005.6
1928.923658,2005.6
1928.904369,2005.6
1928.88508,2005.6
1928.865791,2005.6
1928.846502,2005.6
1928.827214,2005.6
1928.807925,2005.6
1928.788637,2005.6
1928.769349,2005.6
1928.750062,2005.6
1928.730774,2005.6
1928.711487,2005.6
1928.6922,2005.6
1928.672913,2005.6
1928.653626,2005.6
1928.63434,2005.6
1928.615053,2005.6
1928.595767,2005.6
1928.576481,2005.6
1928.557195,2005.6
1928.53791,2005.6
1928.518625,2005.6
1928.499339,2005.6
1928.480054,2005.6
1928.46077,2005.6
1928.441485,2005.6
1928.422201,2005.6
1928.402916,2005.6
1928.383632,2005.6
1928.364348,2005.6
1928.345065,2005.6
1928.325781,2005.6
1928.306498,2005.6
1928.287215,2005.6
1928.267932,2005.6
1928.248649,2005.6
1928.229367,2005.6
1928.210085,2005.6
1928.190803,2005.6
1928.171521,2005.6
1928.152239,2005.6
1928.132957,2005.6
1928.113676,2005.6
1928.094395,2005.6
1928.075114,2005.6
1928.055833,2005.6
1928.036553,2005.6
1928.017272,2005.6
1927.997992,2005.6
1927.978712,2005.6
1927.959432,2005.6
1927.940153,2005.6
1927.920873,2005.6
1927.901594,2005.6
1927.882315,2005.6
1927.863036,2005.6
1927.843758,2005.6
1927.824479,2005.6
1927.805201,2005.6
1927.785923,2005.6
1927.766645,2005.6
1927.747367,2005.6
1927.72809,2005.6
1927.708813,2005.6
1927.689536,2005.6
1927.670259,2005.6
1927.650982,2005.6
1927.631706,2005.6
1927.612429,2005.6
1927.593153,2005.6
1927.573877,2005.6
1927.554601,2005.6
1927.535326,2005.6
1927.516051,2005.6
1927.496775,2005.6
1927.4775,2005.6
1927.458226,2005.6
1927.438951,2005.6
1927.419677,2005.6
1927.400402,2005.6
1927.381128,2005.6
1927.361855,2005.6
1927.342581,2005.6
1927.323308,2005.6
1927.304034,2005.6
1927.284761,2005.6
1927.265488,2005.6
1927.246216,2005.6
1927.226943,2005.6
1927.207671,2005.6
1927.188399,2005.6
1927.169127,2005.6
1927.149855,2005.6
1927.130584,2005.6
1927.111313,2005.6
1927.092041,2005.6
1927.072771,2005.6
1927.0535,2005.6
1927.034229,2005.6
1927.014959,2005.6
1926.995689,2005.6
1926.976419,2005.6
1926.957149,2005.6
1926.93788,2005.6
1926.91861,2005.6
1926.899341,2005.6
1926.880072,2005.6
1926.860803,2005.6
1926.841535,2005.6
1926.822266,2005.6
1926.802998,2005.6
1926.78373,2005.6
1926.764462,2005.6
1926.745194,2005.6
1926.725927,2005.6
1926.70666,2005.6
1926.687393,2005.6
1926.668126,2005.6
1926.648859,2005.6
1926.629593,2005.6
1926.610326,2005.6
1926.59106,2005.6
1926.571794,2005.6
1926.552529,2005.6
1926.533263,2005.6
1926.513998,2005.6
1926.494733,2005.6
1926.475468,2005.6
1926.456203,2005.6
1926.436938,2005.6
1926.417674,2005.6
1926.39841,2005.6
1926.379146,2005.6
1926.359882,2005.6
1926.340618,2005.6
1926.321355,2005.6
1926.302092,2005.6
1926.282829,2005.6
1926.263566,2005.6
1926.244303,2005.6
1926.225041,2005.6
1926.205779,2005.6
1926.186517,2005.6
1926.167255,2005.6
1926.147993,2005.6
1926.128732,2005.6
1926.10947,2005.6
1926.090209,2005.6
1926.070948,2005.6
1926.051688,2005.6
1926.032427,2005.6
1926.013167,2005.6
1925.993907,2005.6
1925.974647,2005.6
1925.955387,2005.6
1925.936127,2005.6
1925.916868,2005.6
1925.897609,2005.6
1925.87835,2005.6
1925.859091,2005.6
1925.839832,2005.6
1925.820574,2006
1925.801316,2006.4
1925.782058,2006.8
1925.7628,2007.4
1925.743542,2007.8
1925.724285,2008.2
1925.705028,2008.6
1925.685771,2009
1925.666514,2009.6
1925.647257,2010.2
1925.628001,2010.8
1925.608744,2011.4
1925.589488,2011.8
1925.570232,2012.2
1925.550977,2012.6
1925.531721,2013
1925.512466,2013.4
1925.493211,2014
1925.473956,2014.4
1925.454701,2014.8
1925.435446,2015.2
1925.416192,2015.6
1925.396938,2016.2
1925.377684,2016.6
1925.35843,2017
1925.339177,2017.4
1925.319923,2017.8
1927.51217,2018.2
1934.992895,2018.6
1942.473545,2019.2
1942.45412,2019.6
1942.434696,2020.2
1942.415271,2020.6
1942.395847,2021
1942.376423,2021.4
1942.357,2022
1942.337576,2022.6
1942.318153,2023.2
1942.298729,2023.6
1942.279306,2024
1942.259884,2024.4
1942.240461,2024.8
1942.221039,2025.4
1942.201616,2026
1942.182194,2026.6
1942.162773,2027
1942.143351,2027.4
1942.123929,2027.8
1942.104508,2028.4
1942.085087,2029
1942.065666,2029.6
1942.046246,2030
1942.026825,2030.4
1942.007405,2030.8
1941.987985,2031.2
1941.968565,2031.8
1941.949145,2032.4
1944.471393,2033
1951.951948,2033.6
1959.432428,2034.2
1959.412834,2034.6
1959.39324,2035
1959.373646,2035.6
1959.354052,2036.2
1959.334459,2036.8
1959.314865,2037.4
1959.295272,2037.8
1959.275679,2038.2
1959.256086,2038.8
1959.236494,2039.4
1959.216901,2040
1959.197309,2040.6
1959.177717,2041.2
1959.158126,2041.6
1959.138534,2042
1959.118943,2042.6
1959.099351,2043.2
1959.07976,2043.8
1959.06017,2044.4
1959.040579,2044.8
1959.020989,2045.2
1959.001398,2045.6
1958.981808,2046.2
1958.962219,2046.8
1958.942629,2047.4
1958.92304,2048
1958.90345,2048.6
1962.108195,2049
1969.588574,2049.6
1977.068878,2050.2
1977.049107,2050.8
1977.029336,2051.4
1977.009566,2052
1976.989796,2052.4
1976.970026,2052.8
1976.950256,2053.4
1976.930487,2054
1976.910718,2054.6
1976.890949,2055.2
1976.87118,2055.8
1976.851411,2056.2
1976.831642,2056.6
1976.811874,2057.2
1976.792106,2057.8
1976.772338,2058.4
1976.75257,2059
1976.732803,2059.6
1976.713035,2060
1976.693268,2060.4
1976.673501,2061
1976.653735,2061.6
1976.633968,2062.2
1976.614202,2062.8
1976.594436,2063.2
1976.57467,2063.6
1976.554904,2064.2
1976.535138,2064.8
1979.848373,2065.4
1987.328575,2066
1994.808701,2066.6
1994.788753,2067.2
1994.768805,2067.6
1994.748858,2068.2
1994.72891,2068.8
1994.708963,2069.4
1994.689016,2070
1994.669069,2070.6
1994.649122,2071
1994.629176,2071.4
1994.609229,2072
1994.589283,2072.6
1994.569337,2073.2
1994.549392,2073.8
1994.529446,2074.4
1994.509501,2074.8
1994.489556,2075.2
1994.469611,2075.8
1994.449666,2076.4
1994.429722,2077
1994.409777,2077.6
1994.389833,2078
1994.369889,2078.4
1994.349946,2078.8
1994.330002,2079.4
1994.310059,2080
1994.290116,2080.6
1994.270173,2081.2
1997.55773,2081.6
2005.037755,2082
2012.517704,2082.6
2012.497579,2083.2
2012.477454,2083.8
2012.457329,2084.4
2012.437205,2084.8
2012.41708,2085.2
2012.396956,2085.6
2012.376832,2086.2
2012.356709,2086.8
2012.336585,2087.4
2012.316462,2088
2012.296338,2088.4
2012.276215,2088.8
2012.256093,2089.2
2012.23597,2089.8
2012.215848,2090.4
2012.195726,2090.8
2012.175604,2091.2
2012.155482,2091.6
2012.13536,2092
2012.115239,2092.4
2012.095118,2093
2012.074997,2093.6
2012.054876,2094.2
2012.034756,2094.6
2012.014635,2095
2011.994515,2095.4
2011.974395,2095.8
2014.828109,2096.4
2022.30796,2096.8
2029.787737,2097.2
2029.767439,2097.6
2029.747142,2098
2029.726844,2098.4
2029.706547,2098.8
2029.68625,2099.2
2029.665953,2099.6
2029.645656,2100.2
2029.62536,2100.6
2029.605064,2101
2029.584768,2101.4
2029.564472,2102
2029.544176,2102.4
2029.523881,2103
2029.503586,2103.6
2029.483291,2104
2029.462996,2104.4
2029.442701,2104.8
2029.422407,2105.4
2029.402112,2106
2029.381818,2106.6
2029.361525,2107.2
2029.341231,2107.6
2029.320938,2108
2029.300644,2108.4
2029.280351,2109
2029.260059,2109.6
2029.239766,2110.2
2031.789974,2110.6
2039.269656,2111
2046.749263,2111.4
2046.728795,2112
2046.708328,2112.6
2046.687861,2113.2
2046.667394,2113.8
2046.646928,2114.2
2046.626461,2114.6
2046.605995,2115
2046.585529,2115.6
2046.565063,2116.2
2046.544597,2116.6
2046.524132,2117
2046.503667,2117.4
2046.483201,2117.8
2046.462737,2118.2
2046.442272,2118.8
2046.421808,2119.4
2046.401343,2120
2046.380879,2120.4
2046.360416,2120.8
2046.339952,2121.2
2046.319489,2121.6
2046.299025,2122.2
2046.278562,2122.8
2046.2581,2123.4
2046.237637,2124
2046.217175,2124.4
2046.196712,2124.8
2049.107584,2125.4
2056.587093,2126
2064.066527,2126.6
2064.045886,2127.2
2064.025246,2127.8
2064.004606,2128.2
2063.983965,2128.6
2063.963326,2129.2
2063.942686,2129.8
2063.922047,2130.4
2063.901407,2131
2063.880768,2131.6
2063.86013,2132
2063.839491,2132.4
2063.818853,2133
2063.798214,2133.6
2063.777576,2134.2
2063.756939,2134.8
2063.736301,2135.2
2063.715664,2135.6
2063.695026,2136
2063.67439,2136.6
2063.653753,2137.2
2063.633116,2137.8
2063.61248,2138.2
2063.591844,2138.6
2063.571208,2139
2063.550572,2139.6
2063.529937,2140.2
2063.509301,2140.8
2066.3535,2141.2
2073.832836,2141.6
2081.312098,2142
2081.291285,2142.4
2081.270472,2143
2081.249659,2143.6
2081.228847,2144.2
2081.208034,2144.6
2081.187222,2145
2081.16641,2145.4
2081.145599,2146
2081.124787,2146.6
2081.103976,2147.2
2081.083165,2147.8
2081.062354,2148.2
2081.041543,2148.6
2081.020733,2149
2080.999923,2149.6
2080.979113,2150.2
2080.958303,2150.8
2080.937493,2151.4
2080.916684,2152
2080.895875,2152.4
2080.875066,2152.8
2080.854257,2153.2
2080.833449,2153.6
2080.81264,2154
2080.791832,2154.6
2080.771024,2155
2080.750217,2155.4
2083.576576,2155.8
2091.05574,2156.4
2098.534829,2157
2098.513844,2157.6
2098.492859,2158.2
2098.471874,2158.6
2098.450889,2159
2098.429905,2159.4
2098.40892,2159.8
2098.387936,2160.4
2098.366952,2161
2098.345969,2161.6
2098.324985,2162
2098.304002,2162.4
2098.283019,2163
2098.262036,2163.6
2098.241054,2164.2
2098.220071,2164.8
2098.199089,2165.2
2098.178107,2165.6
2098.157125,2166
2098.136144,2166.6
2098.115162,2167.2
2098.094181,2167.8
2098.0732,2168.2
2098.052219,2168.6
2098.031239,2169
2098.010259,2169.4
2097.989279,2170
2097.968299,2170.6
2100.751152,2171
2108.230145,2171.4
2115.709062,2171.8
2115.687905,2172.2
2115.666748,2172.8
2115.645592,2173.4
2115.624435,2174
2115.603279,2174.4
2115.582123,2174.8
2115.560967,2175.2
2115.539812,2175.6
2115.518656,2176.2
2115.497501,2176.8
2115.476346,2177.4
2115.455191,2177.8
2115.434037,2178.4
2115.412882,2178.8
2115.391728,2179.2
2115.370574,2179.8
2115.349421,2180.4
2115.328267,2181
2115.307114,2181.6
2115.285961,2182.2
2115.264808,2182.6
2115.243655,2183
2115.222503,2183.6
2115.201351,2184.2
2115.180199,2184.8
2115.159047,2185.4
2115.137895,2185.8
2118.117411,2186.2
2125.596229,2186.8
2133.074973,2187.4
2133.053643,2188
2133.032312,2188.6
2133.010982,2189.2
2132.989652,2189.6
2132.968322,2190
2132.946992,2190.6
2132.925663,2191.2
2132.904333,2191.8
2132.883004,2192.4
2132.861676,2192.8
2132.840347,2193.2
2132.819018,2193.6
2132.79769,2194.2
2132.776362,2194.8
2132.755035,2195.4
2132.733707,2196
2132.71238,2196.6
2132.691053,2197
2132.669726,2197.4
2132.648399,2198
2132.627072,2198.6
2132.605746,2199.2
2132.58442,2199.8
2132.563094,2200.2
2132.541769,2200.6
2132.520443,2201.2
2132.499118,2201.8
2135.664293,2202.2
2143.142936,2202.6
2150.621505,2203.2
2150.599999,2203.6
2150.578493,2204
2150.556987,2204.6
2150.535481,2205.2
2150.513976,2205.8
2150.492471,2206.4
2150.470966,2207
2150.449461,2207.4
2150.427957,2207.8
2150.406452,2208.4
2150.384948,2209
2150.363445,2209.6
2150.341941,2210
2150.320438,2210.6
2150.298934,2211
2150.277431,2211.6
2150.255929,2212.2
2150.234426,2212.8
2150.212924,2213.4
2150.191422,2214
2150.16992,2214.4
2150.148418,2214.8
2150.126916,2215.4
2150.105415,2216
2150.083914,2216.6
2150.062413,2217.2
2150.040913,2217.8
2153.077079,2218.2
2160.555548,2218.6
2168.033943,2219.2
2168.012262,2219.8
2167.990582,2220.4
2167.968902,2221
2167.947223,2221.4
2167.925543,2221.8
2167.903864,2222.4
2167.882185,2222.8
2167.860506,2223.2
2167.838827,2223.6
2167.817149,2224
2167.795471,2224.4
2167.773793,2224.8
2167.752115,2225.2
2167.730438,2225.6
2167.70876,2226
2167.687083,2226.4
2167.665406,2226.8
2167.64373,2227.2
2167.622053,2227.6
2167.600377,2228.2
2167.578701,2228.8
2167.557025,2229.4
2167.53535,2229.8
2167.513674,2230.2
2167.491999,2230.6
2167.470324,2231.2
2167.44865,2231.8
2169.994975,2232.4
2177.473275,2233
2184.9515,2233.4
2184.929651,2233.8
2184.907802,2234.2
2184.885952,2234.6
2184.864104,2235.2
2184.842255,2235.8
2184.820407,2236.2
2184.798558,2236.6
2184.77671,2237
2184.754863,2237.4
2184.733015,2238
2184.711168,2238.6
2184.689321,2239.2
2184.667474,2239.8
2184.645627,2240.2
2184.623781,2240.6
2184.601934,2241
2184.580088,2241.4
2184.558242,2242
2184.536397,2242.6
2184.514552,2243
2184.492706,2243.4
2184.470861,2243.8
2184.449017,2244.4
2184.427172,2245
2184.405328,2245.6
2184.383484,2246
2184.36164,2246.4
2187.063296,2246.8
2194.541426,2247.4
2202.01948,2248
2201.99746,2248.6
2201.97544,2249.2
2201.953421,2249.6
2201.931401,2250
2201.909382,2250.4
2201.887363,2251
2201.865344,2251.6
2201.843325,2252.2
2201.821307,2252.8
2201.799288,2253.2
2201.77727,2253.6
2201.755253,2254
2201.733235,2254.4
2201.711218,2254.8
2201.689201,2255.2
2201.667184,2255.6
2201.645167,2256
2201.623151,2256.4
2201.601134,2257
2201.579118,2257.6
2201.557103,2258.2
2201.535087,2258.8
2201.513072,2259.2
2201.491057,2259.6
2201.469042,2260
2201.447027,2260.6
2201.425012,2261.2
2204.079998,2261.8
2211.557957,2262.2
2219.035842,2262.6
2219.013651,2263
2218.991461,2263.6
2218.969271,2264.2
2218.947082,2264.8
2218.924892,2265.4
2218.902703,2265.8
2218.880514,2266.2
2218.858325,2266.6
2218.836137,2267
2218.813948,2267.6
2218.79176,2268.2
2218.769572,2268.6
2218.747384,2269
2218.725197,2269.4
2218.70301,2270
2218.680823,2270.6
2218.658636,2271.2
2218.636449,2271.8
2218.614263,2272.2
2218.592077,2272.6
2218.569891,2273
2218.547705,2273.4
2218.52552,2274
2218.503334,2274.6
2218.481149,2275.2
2218.458965,2275.6
2218.43678,2276
2220.889929,2276.4
2228.36772,2277
2235.845436,2277.6
2235.823078,2278.2
2235.80072,2278.6
2235.778362,2279
2235.756004,2279.4
2235.733646,2280
2235.711289,2280.6
2235.688932,2281.2
2235.666575,2281.6
2235.644218,2282
2235.621862,2282.4
2235.599506,2282.8
2235.57715,2283.4
2235.554794,2284
2235.532438,2284.6
2235.510083,2285.2
2235.487728,2285.6
2235.465373,2286
2235.443018,2286.6
2235.420664,2287.2
2235.39831,2287.8
2235.375956,2288.4
2235.353602,2288.8
2235.331249,2289.2
2235.308895,2289.6
2235.286542,2290.2
2235.264189,2290.8
2235.241837,2291.4
2238.327712,2292
2245.805328,2292.6
2253.28287,2293.2
2253.260337,2293.8
2253.237805,2294.4
2253.215272,2295
2253.19274,2295.6
2253.170208,2296.2
2253.147677,2296.8
2253.125145,2297.4
2253.102614,2298
2253.080083,2298.6
2253.057552,2299.2
2253.035022,2299.8
2253.012491,2300.4
2252.989961,2301
2252.967431,2301.6
2252.944901,2302.2
2252.922372,2302.8
2252.899843,2303.4
2252.877314,2304
2252.854785,2304.6
2252.832256,2305.2
2252.809728,2305.8
2252.7872,2306.4
2252.764672,2307
2252.742145,2307.6
2252.719617,2308.2
2252.69709,2308.8
2252.674563,2309.4
2259.21253,2310.2
2266.689938,2311
2274.167271,2311.8
2274.152921,2312.4
2274.132908,2313
2274.110167,2313.6
2274.087426,2314.2
2274.064685,2314.8
2274.04818,2315.4
2274.041621,2316
2274.039149,2316.8
2274.060068,2317.6
2274.057768,2318.4
2274.139526,2319.2
2274.219809,2320
2274.312347,2320.8
2274.405634,2321.6
2274.477254,2322.4
2274.525901,2323.2
2274.558298,2324
2274.646894,2324.8
2274.765717,2325.6
2274.858013,2326.4
2274.95859,2327.2
2275.027223,2328
2275.097555,2328.8
2275.189809,2329.6
2275.354896,2330.4
2275.514369,2331.2
2277.238864,2332
2284.716092,2332.8
2292.193245,2333.6
2299.670323,2334.4
2299.881574,2335.4
2300.151547,2336.4
2300.439969,2337.4
2300.740613,2338.4
2301.058542,2339.4
2301.366005,2340.4
2301.663774,2341.4
2302.035966,2342.4
2302.444851,2343.6
2302.84762,2344.8
2303.260331,2346
2303.653927,2347
2304.027159,2348
2304.373888,2349
2304.816479,2350.2
2305.263983,2351.4
2305.706516,2352.6
2306.141599,2353.8
2306.548147,2355
2306.932971,2356
2307.349738,2357.2
2307.807643,2358.4
2308.27238,2359.6
2308.772398,2360.8
2309.268778,2362
2309.751986,2363.2
2313.046909,2364.4
2320.523779,2365.6
2328.000573,2366.8
2335.477293,2368
2336.099935,2369.4
2336.747729,2370.8
2337.387218,2372.2
2338.011119,2373.6
2338.758136,2375
2339.501173,2376.4
2340.262487,2377.8
2340.9964,2379.2
2341.734206,2380.6
2342.486126,2382
2343.294513,2383.6
2344.151703,2385.2
2345.048398,2386.8
2345.943617,2388.4
2346.798379,2390
2347.612712,2391.6
2348.435544,2393.2
2349.308642,2394.8
2350.200039,2396.4
2351.141048,2398
2352.047627,2399.6
2352.954928,2401.2
2353.773896,2402.8
2354.767828,2404.6
2355.737714,2406.2
2356.719099,2407.8
2361.626539,2409.4
2369.102923,2411
2376.579232,2412.6
2384.055466,2414.2
2385.098865,2416
2386.218245,2417.8
2387.345201,2419.6
2388.505273,2421.4
2389.629225,2423.2
2390.751496,2425
2391.91928,2426.8
2393.113452,2428.8
2394.302114,2430.6
2395.461095,2432.4
2396.5966,2434.2
2397.743404,2436
2399.008569,2438
2400.274079,2440
2401.531797,2442
2402.817741,2444
2404.047453,2446
2405.238529,2447.8
2406.516906,2449.8
2407.803299,2451.8
2409.12277,2453.8
2410.426339,2455.8
2411.682423,2457.8
2412.95792,2459.8
2414.337082,2461.8
2415.751041,2464
2422.35483,2466.2
2429.830606,2468.4
2437.306308,2470.4
2444.781935,2472.4
2446.204546,2474.6
2447.687451,2476.8
2449.143251,2479
2450.602819,2481.2
2452.007153,2483.4
2453.397503,2485.4
2454.82306,2487.6
2456.308912,2489.8
2457.787164,2492
2459.289439,2494.2
2460.786765,2496.4
2462.246961,2498.6
2463.784544,2500.8
2465.380784,2503.2
2466.96545,2505.4
2468.556327,2507.6
2470.084103,2509.8
2471.594312,2512
2473.1247,2514.2
2474.722882,2516.6
2476.320823,2519
2477.918585,2521.4
2479.482811,2523.6
2481.04033,2525.8
2482.700558,2528.2
2484.414637,2530.6
2491.889793,2532.8
2499.364874,2535.2
2506.83988,2537.6
2514.314812,2540
2516.052168,2542.4
2517.515739,2544.6
2518.962153,2546.8
2520.409257,2549
2521.74876,2551
2522.964306,2553
2524.096264,2554.8
2525.135462,2556.6
2526.097952,2558.2
2526.912414,2559.8
2527.575614,2561.2
2528.16212,2562.4
2528.649405,2563.6
2529.021601,2564.6
2529.227514,2565.6
2529.3574,2566.4
2529.47143,2567.2
2529.574724,2568
2529.80737,2569
2530.152417,2570
2530.51672,2571
2530.812132,2572
2531.061406,2573
2531.329935,2574
2531.666352,2575
2531.996462,2576
2534.102796,2577
2541.577455,2578
2549.052039,2578.8
2556.526548,2579.8
2556.95598,2581
2557.358408,2582.2
2557.780477,2583.4
2558.134871,2584.4
2558.438932,2585.4
2558.762995,2586.4
2558.811055,2587.2
2558.828174,2588
2559.103875,2589
2559.424464,2590
2559.669276,2591
2559.922171,2592
2560.372536,2593.2
2560.842732,2594.4
2561.351044,2595.6
2561.858853,2596.8
2562.300102,2598
2562.793022,2599.2
2563.362715,2600.4
2563.939988,2601.6
2564.514036,2602.8
2564.991633,2604
2565.413088,2605.2
2565.858457,2606.4
2566.410568,2607.6
2567.04079,2609
2570.537489,2610.4
2578.011783,2611.8
2585.486003,2613
2592.960148,2614.4
2593.690755,2615.8
2594.423079,2617.2
2595.160617,2618.6
2595.852461,2620
2596.471077,2621.4
2597.093633,2622.8
2597.764354,2624.2
2598.486068,2625.6
2599.245472,2627
2600.032423,2628.4
2600.797759,2629.8
2601.574506,2631.2
2602.432135,2632.8
2603.283117,2634.4
2603.257084,2634.4
2603.231052,2633.2
2603.205019,2632
2603.178987,2630.8
2603.152956,2629.6
2603.126924,2628.4
2603.100893,2627.2
2603.074862,2626
2603.048831,2624.8
2603.022801,2623.8
2602.99677,2622.8
2602.97074,2621.8
2602.944711,2621.6
2603.727111,2623
2604.44203,2624.4
2608.453293,2626
2609.27867,2627.6
2610.130523,2629.2
2610.120288,2629.8
2610.094186,2630.4
2610.068085,2631
2610.041985,2631.6
2610.015884,2632.2
2609.989784,2632.8
2609.963684,2633.4
2609.937585,2633.8
2609.911485,2634.2
2609.885386,2634.8
2609.859287,2635.4
2609.833189,2635.8
2609.80709,2636.2
2609.780992,2636.4
2609.754894,2636.8
2609.728797,2637.2
2609.7027,2637.6
2609.676603,2638.2
2609.650506,2638.6
2609.624409,2639
2609.598313,2639.4
2609.572217,2639.8
2609.546121,2640.2
2609.520026,2640.6
2609.493931,2641
2611.277139,2641.4
2618.751026,2641.6
2626.224839,2642
2626.198577,2642.4
2626.172315,2642.8
2626.146053,2643
2626.119791,2643.2
2626.09353,2643.4
2626.067269,2643.6
2626.041009,2643.8
2626.014748,2644.2
2625.988488,2644.6
2625.962228,2645
2625.935969,2645.4
2625.909709,2645.8
2625.88345,2646.2
2625.857191,2646.6
2625.830933,2647
2625.804674,2647.2
2625.778416,2647.4
2625.752159,2647.8
2625.725901,2648.2
2625.699644,2648.6
2625.673387,2649
2625.64713,2649.2
2625.620874,2649.6
2625.594617,2650
2625.568361,2650.4
2625.542106,2650.8
2625.51585,2651.2
2625.489595,2651.6
2631.612906,2652
2639.086589,2652.6
2639.060199,2653.2
2639.033808,2653.8
2639.007418,2654.2
2638.981028,2654.6
2638.954638,2654.8
2638.928248,2655.2
2638.901859,2655.6
2638.87547,2656
2638.849081,2656.4
2638.822693,2656.8
2638.796304,2657.2
2638.769916,2657.6
2638.743529,2658.2
2638.717141,2658.8
2638.690754,2659.4
2638.664367,2660
2638.637981,2658.2
2638.994084,2659.2
2639.540239,2660.4
2640.166771,2661.8
2640.867761,2663.2
2641.637869,2664.6
2642.259877,2666
2642.896928,2667.4
2643.631224,2668.8
2644.26125,2670.2
2645.041956,2671.6
2650.003622,2673
2657.477122,2674.2
2664.950547,2675.6
2665.600242,2677
2665.779188,2677.8
2665.75253,2678
2665.725872,2675.6
2665.699215,2673
2665.672558,2670.2
2665.645901,2667.6
2665.619245,2665
2665.592589,2662.4
2665.565933,2662.2
2665.539277,2662.6
2665.512622,2663.2
2665.485967,2663.8
2665.459312,2664.4
2665.432657,2665
2665.406003,2665.6
2665.379349,2666.2
2665.352695,2666.8
2665.326041,2667.4
2665.336817,2668.2
2665.337873,2669
2665.314845,2669.6
2665.288192,2670.2
2665.261539,2670.8
2665.234887,2671.4
2665.209018,2672
2665.182366,2672.6
2665.155715,2673.2
2665.129063,2673.8
2668.71272,2675.4
2669.690293,2677
2669.663596,2677
2670.754268,2678.8
2672.876784,2681.6
2674.965667,2684.4
2676.476478,2686.6
2676.449713,2686.2
2676.422948,2686.2
2676.396184,2685.8
2676.36942,2685.4
2677.50472,2687.2
2678.80447,2689.2
2680.140567,2691.2
2681.50435,2693.2
2682.838426,2695.2
2684.088097,2697.2
2685.320923,2699.2
2685.29407,2698.8
2685.267217,2697.8
2685.240364,2696.8
2685.213512,2695.8
2685.18666,2694.6
2685.159808,2693.4
2685.132956,2692.4
2685.106105,2691.4
2685.079254,2690.4
2685.052403,2689.4
2685.025553,2688.2
2684.998702,2687.4
2686.206936,2689.4
2687.377351,2691.2
2688.487429,2693
2689.22877,2694.4
2689.581447,2695.4
2689.745267,2696.2
2689.743097,2697
2687.529396,2694.4
2687.502521,2692.4
2687.475646,2692.6
2687.448771,2692.6
2687.421896,2692.6
2687.395022,2692.8
2687.368148,2692.8
2687.341275,2692.8
2687.314401,2692.8
2687.287528,2692.6
2687.260655,2692.4
2687.233782,2692.2
2687.20691,2692
2687.180038,2691.6
2687.153166,2691.2
2687.126295,2691
2687.099423,2690.8
2687.072552,2690.8
2687.045682,2690.6
2687.018811,2690.4
2686.991941,2690.2
2686.965071,2690
2686.938202,2689.6
2686.911332,2687
2686.884463,2687.6
2686.857594,2688.2
2686.878158,2689
2686.851289,2689.6
2686.82442,2690.2
2686.798591,2690.8
2686.790649,2691.6
2686.763782,2692.2
2686.736914,2692.8
2686.710047,2693.4
2686.683179,2694
2686.656313,2694.6
2686.629446,2695.2
2686.628528,2696
2686.601662,2696.6
2686.574796,2697.2
2686.54793,2697.6
2686.521065,2698.2
2686.496132,2698.8
2686.469267,2699.4
2686.442403,2700
2686.469195,2700.8
2686.46093,2701.6
2686.434065,2702.2
2686.440795,2703
2686.51292,2703.8
2686.534684,2704.6
2693.858582,2705.4
2701.331643,2706.2
2708.80463,2706.8
2708.777542,2707.4
2708.781985,2708.2
2708.814506,2709
2708.864697,2709.8
2708.896583,2710.6
2708.869494,2711.2
2708.842405,2711.8
2708.815317,2712.4
2708.845806,2713.2
2708.852132,2714
2708.825044,2714.6
2708.797955,2715.2
2708.790065,2716
2708.819971,2716.8
2708.896239,2717.6
2708.886398,2718.4
2708.859499,2719
2708.83241,2719.6
2708.805322,2720
2708.778234,2720.4
2708.751146,2721
2708.724058,2721.6
2708.718927,2722.4
2708.740295,2723.2
2708.713207,2723.8
2708.68612,2724.4
2708.878797,2725
2716.351708,2725.6
2723.824544,2726.2
2731.297306,2727.4
2731.788268,2728.6
2732.24945,2729.8
2732.7079,2731
2733.184791,2732.2
2733.638595,2733.4
2733.976889,2734.4
2734.281847,2735.4
2734.527493,2736.4
2734.782631,2737.4
2735.158326,2738.4
2735.584936,2739.6
2736.011454,2740.8
2736.408913,2742
2736.381549,2742
2736.354186,2740.2
2736.326822,2738.4
2736.299459,2736.6
2736.272096,2734.8
2736.244733,2733
2736.217371,2731.2
2736.190008,2729.4
2736.162647,2727.6
2736.28183,2728.4
2736.491115,2729.4
2736.713037,2730.4
2736.879179,2731.2
2736.957458,2732
2737.139346,2732.8
2737.36201,2733.8
2742,2734.8
2741.97258,2735.2
2741.94516,2735.6
2741.917741,2735.8
2741.890322,2736.2
2741.862903,2736.8
2741.835484,2737.2
2741.808066,2737.4
2741.780648,2737.6
2741.75323,2737.8
2741.725812,2738
2741.698395,2738.2
2741.670978,2738.4
2741.643561,2738.6
2741.616145,2738.8
2741.588729,2739
2741.561313,2739.2
2741.533897,2739.6
2741.506482,2740
2741.479067,2740.2
2741.451652,2740.4
2741.424238,2740.4
2741.396823,2740.4
2741.369409,2740.6
2741.341996,2740.8
2741.314582,2741
2741.287169,2741.2
2741.259756,2741.4
2741.232344,2741.6
2741.204931,2741.8
2742,2742
2741.97258,2742
2741.94516,2742
2741.917741,2742
2741.890322,2742
2741.862903,2742
2741.835484,2742
2741.808066,2742
2741.780648,2742
2741.75323,2742
2741.725812,2742
2741.698395,2742
2741.670978,2742
2741.643561,2742
2741.616145,2742
2741.588729,2742
2741.561313,2742
2741.533897,2742
2741.506482,2742
2741.479067,2742
2741.451652,2742
2741.424238,2742
2741.396823,2742
2741.369409,2742
2741.341996,2742
2741.314582,2742
2741.287169,2742
2741.259756,2742
2741.232344,2742
2741.204931,2742
2741.177519,2742
2733.650107,2735
2726.122771,2727.6
2718.59551,2720.6
2711.068324,2713.6
2703.541213,2706.8
2696.014178,2699.6
2688.487218,2692.4
2680.960333,2690.2
2673.433523,2683.2
2665.906789,2676.2
2658.38013,2669
2650.853546,2661.6
2643.327037,2654.8
2635.800604,2647.8
2628.274246,2640.6
2620.747963,2634
2613.221756,2627
2605.695624,2620
2598.169567,2617
2590.643585,2616
2583.117679,2615
2575.591847,2614.2
2568.066091,2612.6
2560.540411,2611.8
2553.014805,2611.2
2545.489275,2610.6
2537.96382,2610
2530.438441,2609.4
2522.913136,2608.2
2515.387907,2607
2513.742477,2605.8
2513.16529,2605
2512.511843,2604
2511.860855,2602.4
2511.142251,2600.8
2510.413842,2599.6
2509.777071,2598
2509.128291,2597
2508.534032,2596.4
2507.900533,2595.4
2507.212275,2594.2
2506.458795,2593
2505.499035,2591.6
2504.090505,2589.8
2504.065464,2587.8
2504.040424,2586
2504.015383,2584
2503.990343,2582
2503.965303,2580
2503.940264,2578.4
2503.915224,2576
2503.890185,2573.4
2503.865146,2570.8
2503.840108,2568.6
2503.815069,2566.6
2503.790031,2564.6
2503.764993,2562.4
2503.739955,2560.2
2503.714918,2558.4
2503.689881,2556.6
2496.164844,2549.2
2488.639882,2541.8
2481.114996,2534.4
2473.590185,2527
2466.065449,2519.6
2458.540788,2512.2
2451.016203,2504.8
2443.491693,2497.4
2435.967258,2490
2428.442898,2482.6
2420.918614,2475.2
2413.394404,2467.8
2405.870271,2460.4
2398.346212,2453
2390.822228,2445.6
2383.29832,2438.2
2375.774487,2430.8
2368.250729,2423.4
2360.727047,2416
2353.20344,2408.6
2345.679908,2401.2
2338.156451,2393.8
2330.633069,2386.4
2323.109763,2379
2315.586532,2371.6
2308.063376,2364.2
2300.540295,2356.8
2293.01729,2349.4
2285.49436,2342
2277.971505,2334.6
2270.448725,2327.2
2262.926021,2319.8
2255.403391,2312.4
2247.880837,2305
2240.358359,2297.6
2232.835955,2290.2
2225.313627,2282.8
2217.791373,2275.4
2210.269196,2268
2202.747093,2260.6
2195.225065,2253.2
2187.703113,2245.8
2180.181236,2238.4
2172.659434,2231
2165.137708,2223.6
2157.616056,2216.2
2150.09448,2208.8
2142.572979,2201.4
2135.051553,2194
2127.530203,2186.6
2120.008928,2179.2
2112.487728,2171.8
2104.966603,2164.4
2097.445553,2157
2089.924579,2149.6
2082.403679,2142.2
2074.882855,2134.8
2067.362106,2127.4
2059.841433,2120
2052.320834,2112.6
2044.800311,2105.2
2037.279863,2097.8
2029.75949,2090.4
2022.239193,2083
2014.71897,2075.6
2007.198823,2068.2
1999.678751,2060.8
1992.158754,2053.4
1984.638833,2046
1977.118986,2038.6
1969.599215,2031.2
1962.079519,2023.8
1954.559898,2016.4
1947.040353,2009
1939.520882,2001.6
1932.001487,1994.2
1924.482167,1986.8
1916.962922,1979.4
1909.443753,1972
1901.924658,1964.6
1894.405639,1957.2
1886.886695,1949.8
1879.367826,1942.4
1871.849033,1935
1864.330314,1927.6
1856.811671,1920.2
1849.293103,1912.8
1841.77461,1905.4
1834.256192,1898
1826.737849,1890.6
1819.219582,1883.2
1811.70139,1875.8
1804.183273,1868.4
1796.665231,1861
1789.147264,1853.6
1781.629373,1846.2
1774.111557,1838.8
1766.593815,1831.4
1759.076149,1824
1751.558559,1816.6
1744.041043,1809.2
1736.523603,1801.8
1729.006237,1794.4
1721.488947,1787
1713.971733,1779.6
1706.454593,1772.2
1698.937528,1764.8
1691.420539,1757.4
1683.903625,1750
1676.386786,1742.6
1668.870022,1735.2
1661.353333,1727.8
1653.83672,1720.4
1646.320181,1713
1638.803718,1705.6
1631.28733,1698.2
1623.771017,1690.8
1616.254779,1683.4
1608.738617,1676
1601.222529,1668.6
1593.706517,1661.2
1586.19058,1653.8
1578.674718,1646.4
1571.158931,1639
1563.64322,1631.6
1556.127583,1624.2
1548.612022,1616.8
1541.096536,1609.4
1533.581125,1602
1526.065789,1594.6
1518.550529,1587.2
1511.035343,1579.8
1503.520233,1572.4
1496.005198,1565
1488.490238,1557.6
1480.975353,1550.2
1473.460543,1542.8
1465.945808,1535.4
1458.431149,1528
1450.916564,1520.6
1443.402055,1513.2
1435.887621,1505.8
1428.373262,1498.4
1420.858979,1491
1413.34477,1483.6
1405.830637,1476.2
1398.316578,1468.8
1390.802595,1461.4
1383.288687,1454
1375.774854,1446.6
1368.261097,1439.2
1360.747414,1431.8
1353.233806,1424.4
1345.720274,1417
1338.206817,1409.6
1330.693435,1402.2
1323.180128,1394.8
1315.666896,1387.4
1308.153739,1380
1300.640658,1372.6
1293.127651,1365.2
1285.61472,1357.8
1278.101864,1350.4
1270.589083,1343
1263.076377,1335.6
1255.563746,1328.2
1248.051191,1320.8
1240.53871,1313.4
1233.026305,1306
1225.513975,1298.6
1218.001719,1291.2
1210.489539,1283.8
1202.977435,1276.4
1195.465405,1269
1187.95345,1261.6
1180.441571,1254.2
1172.929766,1246.8
1165.418037,1239.4
1157.906383,1232
1150.394804,1224.6
1148.704938,1223.8
1146.932474,1222.8
1145.126452,1221.8
1143.339121,1220.8
1141.610659,1219.8
1139.837699,1218.8
1138.073623,1217.8
1136.336536,1216.8
1134.603617,1215.8
1132.850533,1214.8
1131.124062,1213.8
1130.625539,1212.8
1130.614233,1211.8
1130.602927,1211
1130.591621,1210.2
1130.580315,1209.4
1130.569009,1208.6
1130.557703,1207.8
1130.546398,1207
1130.535092,1206.2
1130.523787,1205.4
1130.512482,1204.4
1130.501177,1203.4
1130.489872,1203
1130.478567,1202.8
1130.467262,1202.6
1130.455957,1202.4
1130.444653,1202.2
1130.433348,1202
1130.422044,1201.8
1122.91074,1194.4
1115.39951,1187
1107.888357,1179.6
1100.377278,1172.2
1092.866274,1164.8
1085.355345,1157.4
1077.844492,1150
1070.333713,1142.6
1062.82301,1135.2
1055.312382,1127.8
1047.801828,1120.4
1040.29135,1113
1032.780948,1105.6
1025.27062,1098.2
1017.760367,1090.8
1010.250189,1083.4
1002.740087,1076
995.2300595,1068.6
987.7201072,1061.2
980.21023,1053.8
972.7004279,1046.4
965.1907009,1039
957.681049,1031.6
950.1714722,1024.2
942.6619705,1016.8
935.1525439,1009.4
927.6431924,1002
920.1339159,994.6
912.6247146,987.2
905.1155883,979.8
905.1065372,979.8
905.0974861,979.8
905.0884351,979.8
905.0793843,979.8
905.0703335,979.8
905.0612828,979.8
905.0522321,979.8
905.0431816,979.8
905.0341312,979.8
905.0250809,979.8
905.0160306,979.8
905.0069804,979.8
904.9979304,979.8
904.9888804,979.8
904.9798305,979.8
904.9707807,979.8
904.961731,979.8
904.9526814,979.8
904.9436319,979.8
904.9345824,979.8
904.9255331,979.8
904.9164838,979.8
904.9074346,979.8
904.8983856,979.8
904.8893366,979.8
904.8802877,979.8
904.8712389,979.8
904.8621902,979.8
904.8531416,979.8
904.844093,979.8
904.8350446,980.2
904.8259962,980.6
904.816948,981.2
904.8078998,981.6
904.7988517,982
904.7898037,982.4
904.7807558,982.8
904.771708,983.2
904.7626603,983.8
904.7536127,984.4
904.7445652,985
904.7355177,985.6
904.7264704,986
904.7174231,986.4
904.7083759,986.8
904.6993288,987.4
904.6902818,987.8
904.6812349,988.4
904.6721881,989
904.6631414,989.6
904.6540948,990
904.6450482,990.6
904.6360018,991.2
904.6269554,991.8
904.6179091,992.4
904.608863,993
904.5998169,993.4
907.4084376,993.8
914.8993635,994.4
922.3902145,995
922.3809906,995.6
922.3717668,996.2
922.362543,996.8
922.3533194,997.2
922.3440959,997.6
922.3348724,998.2
922.3256491,998.8
922.3164258,999.4
922.3072027,1000
922.2979796,1000.6
922.2887566,1001
922.2795337,1001.4
922.2703109,1002
922.2610882,1002.6
922.2518656,1003.2
922.2426431,1003.8
922.2334207,1004.4
922.2241983,1004.8
922.2149761,1005.2
922.205754,1005.6
922.1965319,1006.2
922.1873099,1006.8
922.1780881,1007.4
922.1688663,1008
922.1596446,1008.6
922.150423,1009
922.1412015,1009.6
925.5708134,1010.2
933.0615577,1010.8
940.5522271,1011.4
940.5428216,1012
940.5334161,1012.4
940.5240108,1012.8
940.5146056,1013.2
940.5052004,1013.8
940.4957954,1014.4
940.4863904,1015
940.4769855,1015.6
940.4675808,1016.2
940.4581761,1016.6
940.4487715,1017
940.439367,1017.6
940.4299626,1018.2
940.4205583,1018.8
940.4111541,1019.4
940.40175,1020
940.392346,1020.4
940.3829421,1021
940.3735382,1021.6
940.3641345,1022.2
940.3547309,1022.8
940.3453273,1023.4
940.3359239,1024
940.3265205,1024.4
940.3171172,1024.8
940.3077141,1025.4
940.298311,1026
943.568908,1026.6
951.0594723,1027.2
958.5499617,1027.8
958.5403762,1028.2
958.5307908,1028.6
958.5212055,1029.2
958.5116203,1029.8
958.5020352,1030.4
958.4924502,1031
958.4828652,1031.6
958.4732804,1032
958.4636957,1032.4
958.454111,1033
958.4445265,1033.6
958.4349421,1034.2
958.4253577,1034.8
958.4157735,1035.4
958.4061893,1035.8
958.3966052,1036.2
958.3870213,1036.8
958.3774374,1037.4
958.3678536,1038
958.3582699,1038.6
958.3486864,1039
958.3391029,1039.4
958.3295195,1040
958.3199362,1040.6
958.310353,1041.2
958.3007699,1041.8
958.2911869,1042.4
961.7897706,1043
969.2801527,1043.4
976.7704599,1044
976.7606922,1044.6
976.7509246,1045.2
976.7411571,1045.8
976.7313897,1046.4
976.7216224,1046.8
976.7118552,1047.2
976.7020881,1047.8
976.692321,1048.4
976.6825541,1049
976.6727873,1049.6
976.6630206,1050.2
976.6532539,1050.8
976.6434874,1051.2
976.633721,1051.8
976.6239546,1052.4
976.6141884,1053
976.6044222,1053.6
976.5946562,1054.2
976.5848903,1054.8
976.5751244,1055.2
976.5653586,1055.8
976.555593,1056.4
976.5458274,1057
976.536062,1057.6
976.5262966,1058.2
976.5165314,1058.6
976.5067662,1059
980.1008345,1059.4
987.5910335,1060
995.0811575,1060.6
995.0712067,1061.2
995.061256,1061.8
995.0513054,1062.4
995.0413549,1062.8
995.0314045,1063.2
995.0214542,1063.8
995.0115039,1064.4
995.0015538,1065
994.9916038,1065.6
994.9816539,1066.2
994.9717041,1066.6
994.9617544,1067
994.9518048,1067.6
994.9418552,1068.2
994.9319058,1068.8
994.9219565,1069.4
994.9120073,1069.8
994.9020582,1070.2
994.8921091,1070.6
994.8821602,1071.2
994.8722114,1071.8
994.8622627,1072.4
994.852314,1073
994.8423655,1073.4
994.8324171,1073.8
994.8224688,1074.4
994.8125206,1075
998.1139058,1075.6
1005.603925,1076.2
1013.093869,1076.6
1013.083738,1077
1013.073607,1077.4
1013.063476,1078
1013.053345,1078.6
1013.043215,1079.2
1013.033084,1079.8
1013.022954,1080.4
1013.012824,1080.8
1013.002694,1081.2
1012.992564,1081.8
1012.982434,1082.4
1012.972304,1082.8
1012.962174,1083.2
1012.952045,1083.6
1012.941915,1084
1012.931786,1084.6
1012.921656,1085.2
1012.911527,1085.8
1012.901398,1086.4
1012.891269,1087
1012.88114,1087.6
1012.871011,1088
1012.860883,1088.4
1012.850754,1089
1012.840626,1089.6
1012.830497,1090.2
1012.820369,1090.8
1016.032241,1091.2
1023.52208,1091.6
1031.011845,1092.2
1031.001535,1092.8
1030.991225,1093.4
1030.980915,1094
1030.970605,1094.6
1030.960295,1095
1030.949986,1095.4
1030.939676,1096
1030.929367,1096.6
1030.919058,1097.2
1030.908749,1097.8
1030.898439,1098.4
1030.88813,1098.8
1030.877822,1099.2
1030.867513,1099.8
1030.857204,1100.4
1030.846896,1101
1030.836587,1101.6
1030.826279,1102.2
1030.81597,1102.6
1030.805662,1103
1030.795354,1103.6
1030.785046,1104.2
1030.774738,1104.8
1030.764431,1105.4
1030.754123,1106
1030.743815,1106.4
1030.733508,1106.8
1034.169534,1107.4
1041.659192,1108
1049.148776,1108.6
1049.138284,1109.2
1049.127793,1109.8
1049.117302,1110.2
1049.10681,1110.8
1049.096319,1111.4
1049.085828,1112
1049.075338,1112.6
1049.064847,1113.2
1049.054356,1113.6
1049.043866,1114
1049.033375,1114.6
1049.022885,1115.2
1049.012395,1115.8
1049.001904,1116.4
1048.991414,1117
1048.980925,1117.4
1048.970435,1117.8
1048.959945,1118.4
1048.949455,1119
1048.938966,1119.6
1048.928477,1120.2
1048.917987,1120.8
1048.907498,1121.2
1048.897009,1121.6
1048.88652,1122.2
1048.876031,1122.8
1048.865542,1123.4
1052.225387,1124
1059.714865,1124.6
1067.204268,1125
1067.193596,1125.4
1067.182924,1126
1067.172252,1126.6
1067.16158,1127.2
1067.150909,1127.8
1067.140237,1128.2
1067.129566,1128.6
1067.118894,1129
1067.108223,1129.6
1067.097552,1130.2
1067.086881,1130.8
1067.07621,1131.4
1067.065539,1132
1067.054869,1132.4
1067.044198,1132.8
1067.033528,1133.4
1067.022857,1134
1067.012187,1134.6
1067.001517,1135
1066.990847,1135.4
1066.980177,1135.8
1066.969507,1136.4
1066.958838,1137
1066.948168,1137.6
1066.937499,1138.2
1066.926829,1138.8
1066.91616,1139.2
1070.241657,1139.6
1077.730955,1140.2
1085.220178,1140.8
1085.209326,1141.4
1085.198473,1142
1085.187621,1142.4
1085.17677,1142.8
1085.165918,1143.2
1085.155066,1143.8
1085.144215,1144.4
1085.133363,1145
1085.122512,1145.6
1085.111661,1146.2
1085.10081,1146.6
1085.089958,1147
1085.079108,1147.6
1085.068257,1148.2
1085.057406,1148.8
1085.046556,1149.4
1085.035705,1150
1085.024855,1150.4
1085.014004,1151
1085.003154,1151.6
1084.992304,1152.2
1084.981454,1152.8
1084.970605,1153.4
1084.959755,1153.8
1084.948905,1154.2
1084.938056,1154.6
1084.927206,1155.2
1088.28819,1155.8
1095.777308,1156.4
1103.26635,1157
1103.255317,1157.4
1103.244285,1157.8
1103.233252,1158.4
1103.22222,1159
1103.211188,1159.6
1103.200155,1160.2
1103.189123,1160.6
1103.178092,1161
1103.16706,1161.4
1103.156028,1162
1103.144997,1162.6
1103.133965,1163.2
1103.122934,1163.8
1103.111903,1164.4
1103.100871,1164.8
1103.08984,1165.2
1103.07881,1165.8
1103.067779,1166.4
1103.056748,1167
1103.045717,1167.6
1103.034687,1168.2
1103.023657,1168.6
1103.012626,1169
1103.001596,1169.6
1102.990566,1170.2
1102.979536,1170.8
1102.968507,1171.4
1106.34631,1171.8
1113.835247,1172.2
1121.324108,1172.8
1121.312895,1173.4
1121.301682,1174
1121.290469,1174.6
1121.279256,1175.2
1121.268043,1175.8
1121.256831,1176.2
1121.245618,1176.6
1121.234406,1177.2
1121.223193,1177.8
1121.211981,1178.4
1121.200769,1179
1121.189557,1179.4
1121.178345,1179.8
1121.167133,1180.2
1121.155922,1180.8
1121.14471,1181.4
1121.133499,1182
1121.122287,1182.6
1121.111076,1183.2
1121.099865,1183.6
1121.088654,1184.2
1121.077443,1184.8
1121.066232,1185.4
1121.055022,1186
1121.043811,1186.6
1121.032601,1187
1121.02139,1187.4
1124.44918,1188
1131.937936,1188.6
1139.426616,1189
1139.415222,1189.4
1139.403828,1189.8
1139.392434,1190.2
1139.38104,1190.6
1139.369646,1191.2
1139.358252,1191.8
1139.346859,1192.4
1139.335465,1193
1139.324072,1193.4
1139.312679,1193.8
1139.301286,1194.2
1139.289893,1194.6
1139.2785,1195
1139.267107,1195.4
1139.255714,1195.8
1139.244322,1196.2
1139.232929,1196.6
1139.221537,1197
1139.210145,1197.6
1139.198753,1198.2
1139.187361,1198.8
1139.175969,1199.4
1139.164577,1199.8
1139.153185,1200.2
1139.141794,1200.6
1139.130402,1201.2
1139.119011,1201.8
1141.68662,1202.4
1149.175203,1203
1156.663711,1203.4
1156.652145,1203.8
1156.640578,1204.2
1156.629012,1204.6
1156.617445,1205.2
1156.605879,1205.8
1156.594313,1206.2
1156.582747,1206.6
1156.571181,1207
1156.559616,1207.6
1156.54805,1208.2
1156.536485,1208.8
1156.524919,1209.4
1156.513354,1209.8
1156.501789,1210.2
1156.490224,1210.6
1156.478659,1211
1156.467094,1211.4
1156.455529,1211.8
1156.443965,1212.2
1156.4324,1212.6
1156.420836,1213
1156.409272,1213.4
1156.397708,1214
1156.386144,1214.6
1156.37458,1215.2
1156.363016,1215.8
1156.351453,1216.2
1158.777722,1216.6
1166.266135,1217
1173.754472,1217.6
1173.742734,1218.2
1173.730997,1218.6
1173.71926,1219
1173.707522,1219.4
1173.695785,1219.8
1173.684048,1220.2
1173.672312,1220.8
1173.660575,1221.4
1173.648838,1222
1173.637102,1222.6
1173.625365,1223
1173.613629,1223.4
1173.601893,1223.8
1173.590157,1224.4
1173.578421,1225
1173.566685,1225.6
1173.55495,1226
1173.543214,1226.4
1173.531479,1226.8
1173.519743,1227.4
1173.508008,1228
1173.496273,1228.6
1173.484538,1229.2
1173.472803,1229.6
1173.461069,1230
1173.449334,1230.4
1173.437599,1230.8
1176.073198,1231.2
1183.561438,1231.8
1191.049602,1232.4
1191.037692,1233
1191.025781,1233.4
1191.013871,1233.8
1191.001961,1234.2
1190.990051,1234.6
1190.978141,1235
1190.966231,1235.6
1190.954321,1236.2
1190.942412,1236.6
1190.930502,1237
1190.918593,1237.4
1190.906684,1238
1190.894775,1238.6
1190.882866,1239.2
1190.870957,1239.8
1190.859048,1240.2
1190.84714,1240.6
1190.835231,1241
1190.823323,1241.6
1190.811415,1242.2
1190.799507,1242.6
1190.787599,1243
1190.775691,1243.4
1190.763783,1243.8
1190.751875,1244.2
1190.739968,1244.8
1190.72806,1245.4
1193.411487,1246
1200.899552,1246.4
1208.387543,1246.8
1208.37546,1247.2
1208.363376,1247.8
1208.351292,1248.4
1208.339209,1249
1208.327125,1249.6
1208.315042,1250
1208.302959,1250.4
1208.290876,1250.8
1208.278793,1251.4
1208.26671,1252
1208.254627,1252.6
1208.242545,1253.2
1208.230462,1253.8
1208.21838,1254.4
1208.206298,1255
1208.194216,1255.6
1208.182134,1256.2
1208.170052,1256.8
1208.15797,1257.4
1208.145889,1258
1208.133807,1258.6
1208.121726,1259.2
1208.109645,1259.8
1208.097564,1260.4
1208.085483,1261
1208.073402,1261.6
1208.061321,1262.2
1212.852001,1262.8
1220.339872,1263.4
1227.827669,1264
1227.81539,1264.6
1227.803112,1265.2
1227.790834,1265.8
1227.778556,1266.4
1227.766279,1267
1227.754001,1267.6
1227.762225,1268.4
1227.764836,1269
1227.765309,1269.6
1227.753031,1270.2
1227.740754,1270.8
1227.728476,1271.4
1227.758153,1272.2
1227.773883,1273
1227.804811,1273.8
1227.825848,1274.6
1227.836137,1275.4
1227.834288,1276
1227.82201,1276.6
1227.824831,1277.2
1227.851239,1278
1227.874369,1278.8
1227.896304,1279.6
1227.904239,1280.4
1227.925759,1281.2
1227.932472,1282
1229.000605,1282.8
1236.488315,1283.6
1243.97595,1284.4
1251.46351,1285.2
1251.597316,1286
1251.70345,1286.8
1251.780641,1287.6
1251.879667,1288.4
1252.024583,1289.2
1252.169025,1290
1252.319801,1290.8
1252.467909,1291.6
1252.604128,1292.4
1252.72693,1293.2
1252.845121,1294
1253.031536,1294.8
1253.219033,1295.6
1253.401889,1296.4
1253.567852,1297.2
1253.691535,1298
1253.788189,1298.8
1253.881564,1299.6
1254.034744,1300.4
1254.171477,1301.2
1254.33349,1302
1254.472389,1302.8
1254.59676,1303.6
1254.711768,1304.4
1254.896803,1305.2
1255.088866,1306
1256.817433,1306.8
1264.304865,1307.6
1271.792222,1308.4
1279.279504,1309.2
1279.388129,1310
1279.57589,1310.8
1279.762482,1311.6
1279.94646,1312.4
1280.129382,1313.2
1280.27183,1314
1280.391527,1314.8
1280.500081,1315.6
1280.668967,1316.4
1280.842576,1317.2
1281.016683,1318
1281.1829,1318.8
1281.325197,1319.6
1281.421576,1320.4
1281.554119,1321.2
1281.717656,1322
1281.880025,1322.8
1282.024611,1323.6
1282.158444,1324.4
1282.256055,1325.2
1282.325249,1326
1282.389109,1326.8
1282.537471,1327.6
1282.698725,1328.4
1282.857477,1329.2
1283.044291,1330
1284.86332,1330.8
1292.350471,1331.6
1299.837547,1332.6
1307.324549,1333.6
1307.578303,1334.6
1307.845811,1335.6
1308.087732,1336.6
1308.323823,1337.6
1308.552911,1338.6
1308.850584,1339.6
1309.144423,1340.6
1309.449487,1341.6
1309.749713,1342.6
1310.035522,1343.6
1310.290664,1344.6
1310.545221,1345.6
1310.885223,1346.6
1311.227168,1347.6
1311.58236,1348.6
1311.932576,1349.6
1312.265346,1350.6
1312.593618,1351.6
1312.910775,1352.6
1313.307765,1353.6
1313.718504,1354.8
1314.124354,1356
1314.538954,1357.2
1314.92125,1358.2
1315.288905,1359.2
1315.73229,1360.4
1319.0391,1361.6
1326.525909,1362.8
1334.012644,1364
1341.499304,1365.2
1342.099973,1366.4
1342.739901,1367.8
1343.42563,1369.2
1344.121976,1370.6
1344.812391,1372
1345.488091,1373.4
1346.168748,1374.8
1347.131699,1376.4
1347.878803,1377.8
1348.884724,1379.6
1348.871235,1379.8
1348.857746,1380.4
1348.844257,1381
1348.830769,1381.6
1348.817281,1382.2
1348.858292,1383
1348.852565,1383.6
1348.850117,1384.2
1348.841809,1384.8
1348.82832,1385.4
1348.829455,1386
1348.815967,1386.6
1348.802478,1387.2
1348.795991,1387.8
1348.789032,1388.4
1348.775544,1388.6
1348.975511,1389.4
1356.356978,1390
1363.843414,1390.6
1371.329776,1391.2
1371.429257,1392
1371.415543,1392.6
1371.401829,1393.2
1371.388115,1393.8
1371.374401,1394.4
1371.360687,1395
1371.346973,1395.6
1371.335029,1396.2
1371.321316,1396.8
1371.307603,1397.4
1371.29389,1398
1371.280177,1398.6
1371.266464,1399.2
1371.281146,1400
1371.267433,1400.6
1371.25585,1401.2
1371.244713,1401.8
1371.231001,1402.4
1371.217288,1403
1371.203576,1403.6
1371.189864,1404.2
1371.176152,1404.8
1371.16244,1405.4
1371.170028,1406.2
1371.156316,1406.8
1371.142605,1407.4
1371.459319,1408
1378.945604,1408.6
1386.431815,1409.2
1393.91795,1409.8
1393.904011,1410.4
1393.890072,1411
1393.876133,1411.6
1393.862195,1412.2
1393.848256,1412.8
1393.834317,1413.4
1393.820379,1414
1393.806441,1414.4
1393.792503,1415
1393.778565,1415.2
1394.229642,1416.4
1394.2157,1416.6
1394.201757,1417
1394.187815,1417.6
1394.302845,1418.4
1394.7743,1419.6
1395.027054,1420.6
1395.013104,1421.2
1394.999154,1421.8
1394.985204,1422.4
1394.971254,1423
1394.957304,1423.6
1394.943354,1424.2
1394.929405,1424.8
1394.915456,1425.4
1394.901507,1426
1394.887558,1426.6
1400.310143,1427.2
1407.79614,1427.8
1415.282062,1428.4
1415.267909,1429
1415.253756,1429.6
1415.239604,1430.2
1415.225451,1430.8
1415.211299,1431.4
1415.197147,1432
1415.182995,1432.6
1415.168843,1433.2
1415.154691,1433.8
1415.14054,1434.4
1415.136756,1435
1415.122604,1435.6
1415.108453,1436.2
1415.094302,1436.8
1415.080151,1437.4
1415.066,1438
1415.05185,1438.6
1415.037699,1439.2
1415.023549,1439.8
1415.009399,1440.4
1414.995248,1441
1414.981098,1441.6
1414.966949,1442.2
1414.952799,1442.8
1414.938649,1443.4
1414.9245,1444
1414.910351,1444.6
1421.458486,1445.2
1428.944271,1445.8
1436.429982,1446.4
1436.415617,1447
1436.401253,1447.6
1436.386889,1448.2
1436.372525,1448.8
1436.358162,1449.4
1436.343798,1450
1436.329435,1450.6
1436.315071,1451.2
1436.300708,1451.8
1436.286345,1452.4
1436.271982,1453
1436.25762,1453.6
1436.243257,1454.2
1436.228895,1454.8
1436.214532,1455.4
1436.20017,1456
1436.185808,1456.6
1436.171446,1457.2
1436.157085,1457.8
1436.142723,1458.4
1436.128362,1459
1436.114,1459.6
1436.099639,1460.2
1436.085278,1460.8
1436.070917,1461.4
1436.056557,1462
1436.042196,1462.6
1442.299921,1463.2
1449.785498,1463.8
1457.271,1464.4
1457.256427,1465
1457.241855,1465.6
1457.227282,1466.2
1457.21271,1466.8
1457.198138,1467.4
1457.183566,1468
1457.168994,1468.6
1457.154422,1469.2
1457.139851,1469.8
1457.12528,1470.4
1457.110708,1471
1457.096137,1471.6
1457.081566,1472.2
1457.066995,1472.8
1457.052425,1473.4
1457.037854,1474
1457.023284,1474.6
1457.008714,1475.2
1456.994144,1475.8
1456.979574,1476.4
1456.965004,1477
1456.950434,1477.4
1456.935865,1477.8
1456.921295,1478.4
1456.906726,1479
1456.892157,1479.6
1456.877588,1480
1462.363888,1480.6
1469.849264,1481.2
1477.334566,1481.8
1477.319792,1482.4
1477.305019,1483
1477.290246,1483.6
1477.275473,1484
1477.260701,1484.6
1477.245928,1485
1477.231156,1485.6
1477.216383,1486.2
1477.201611,1486.8
1477.186839,1487.4
1477.172067,1488
1477.157295,1488.4
1477.142524,1489
1477.127752,1489.6
1477.112981,1490.2
1477.09821,1490.8
1477.083439,1491.4
1477.068668,1492
1477.053898,1492.6
1477.039127,1493.2
1477.024357,1493.8
1477.009586,1494.4
1476.994816,1495
1476.980046,1495.6
1476.965277,1496
1476.950507,1496.4
1476.935737,1497
1480.576641,1497.6
1488.061835,1498.2
1495.546954,1498.8
1495.531999,1499.4
1495.517043,1499
1495.502088,1499.6
1495.487133,1500.2
1495.472178,1500.8
1495.457224,1501.4
1495.442269,1501.2
1495.427315,1501.8
1495.41236,1502.4
1495.397406,1503
1495.382452,1503.6
1495.367499,1504
1495.352545,1504.6
1495.337591,1505.2
1495.322638,1505.8
1495.307685,1506.2
1495.292732,1506.8
1495.277779,1506.4
1495.262826,1507
1495.247873,1507.6
1495.232921,1508.2
1495.217968,1508.8
1495.957823,1510.2
1496.491133,1511.4
1496.863624,1512.4
1496.933268,1513.2
1496.918299,1513.8
1498.085393,1514
1505.570412,1514
1513.055357,1514
1513.425745,1515
1514.270407,1516.6
1515.442165,1518.4
1516.786748,1520.4
1517.844612,1522.2
1519.129083,1524.2
1520.153718,1526
1521.291927,1527.8
1522.482143,1529.6
1523.677157,1531.4
1524.987835,1533.4
1526.564087,1535.6
1528.589586,1538.4
1530.566252,1541
1531.979475,1543.2
1533.466729,1545.4
1534.992979,1547.6
1536.4632,1549.8
1537.989155,1552
1539.430398,1554.2
1540.771214,1556.2
1542.316831,1558.4
1543.794385,1560.6
1545.216751,1562.8
1546.626575,1565
1547.934587,1567
1555.049903,1569.2
1562.534352,1571.4
1570.018727,1573.6
1577.503027,1575.8
1578.870329,1577.8
1580.312705,1580
1581.322809,1581.8
1581.958682,1583.2
1582.353871,1584.2
1582.338048,1584.8
1582.322224,1585.2
1582.306401,1585.6
1582.290578,1586.2
1582.274755,1586.8
1582.258932,1587.4
1582.24311,1585.6
1583.028941,1587
1584.188575,1588.8
1585.378341,1590.6
1586.466511,1592.4
1586.547098,1593.2
1586.563037,1594
1586.547171,1594.6
1586.531305,1595
1586.51544,1595.4
1586.499575,1595.8
1586.48371,1596
1586.467845,1596
1586.451981,1596.4
1586.436116,1596.8
1586.420252,1597.2
1587.748284,1597.6
1595.232407,1598
1602.716454,1598.2
1602.700427,1598.4
1602.6844,1598.8
1602.668373,1597
1602.979827,1598
1603.424946,1599.2
1603.870061,1600.4
1604.315171,1601.6
1604.760276,1602.8
1605.205377,1604
1605.650474,1605.2
1606.095566,1606.4
1606.540654,1607.6
1606.985737,1608.8
1607.430816,1610
1607.87589,1611.2
1608.32096,1612.4
1608.766025,1613.6
1609.211086,1614.8
1609.656143,1616
1610.101195,1617.2
1610.546243,1618.4
1610.991286,1619.6
1611.436325,1620.8
1611.881359,1622
1612.326389,1623.2
1612.771414,1624.4
1613.216435,1625.6
1620.079401,1626.8
1627.5632,1628
1635.046925,1629.2
1635.491723,1630.4
1635.936517,1631.6
1636.381306,1632.8
1636.826091,1634
1637.270871,1635.2
1637.715647,1636.4
1638.279577,1637.6
1638.85104,1638.8
1639.356437,1640
1639.770492,1641.2
1640.130148,1642.2
1640.621693,1643.4
1641.095365,1644.6
1641.617712,1645.8
1642.119275,1647
1642.602937,1648.2
1643.296731,1649.6
1644.017242,1651
1644.640886,1652.4
1645.296411,1653.8
1645.949593,1655.2
1646.599515,1656.6
1647.063323,1657.8
1647.661346,1659
1648.230226,1660.2
1648.780909,1661.4
1651.437569,1662.6
1658.921055,1663.6
1666.404466,1664.6
1673.887802,1665.6
1673.871063,1665.6
1671.724917,1664.2
1669.279122,1662.6
1666.719423,1660.8
1664.062232,1659
1661.32,1657
1658.602126,1655
1656.082334,1653.2
1653.592557,1651.6
1651.084321,1649.8
1648.534612,1648
1645.941546,1646.2
1643.280036,1644.4
1640.656089,1642.6
1638.182122,1641
1635.682905,1639.4
1633.129956,1637.6
1630.613247,1635.8
1628.149189,1634.2
1627.10435,1632.6
1627.088079,1630.8
1627.071809,1629
1627.055538,1627.2
1627.039267,1625.2
1627.022997,1623.4
1627.006727,1621.6
1626.990457,1620
1626.974187,1618.6
1626.957917,1617
1626.941647,1615.4
1624.417644,1613.6
1621.92196,1612
1620.219054,1610.4
1620.202852,1610.4
1620.18665,1610.4
1620.170448,1610.4
1620.154246,1610.4
1620.138044,1610.4
1620.121843,1610.4
1620.105642,1610.4
1620.089441,1610.4
1620.07324,1610.4
1620.057039,1610.4
1620.040839,1610.4
1620.024638,1610.4
1620.008438,1610.4
1619.992238,1610.4
1619.976038,1610.4
1619.959838,1609.6
1619.943639,1608
1619.927439,1608
1619.91124,1608
1619.895041,1608
1619.878842,1606.2
1619.862643,1604.4
1619.846444,1602.6
1619.830246,1600.6
1619.814048,1598.6
1619.797849,1596.6
1619.781652,1594.8
1619.765454,1594.8
1619.749256,1594.8
1619.733059,1594.8
1619.716861,1594.8
1619.700664,1594.8
1619.684467,1594.8
1619.66827,1594.8
1619.652074,1594.8
1619.635877,1594.8
1619.619681,1594.8
1619.603484,1594.8
1619.587288,1594.8
1619.571093,1594.8
1619.554897,1594.8
1619.538701,1594.8
1619.522506,1594.8
1619.506311,1594.8
1619.490116,1594.8
1619.473921,1594.8
1619.457726,1594.8
1619.441531,1594.8
1619.425337,1594.8
1619.409143,1594.8
1619.392949,1594.8
1619.376755,1594.8
1619.360561,1594.8
1619.344367,1594.8
1619.328174,1594.8
1619.311981,1594.8
1619.295787,1594.8
1611.779595,1587.8
1604.263477,1580.8
1596.747434,1574
1589.231467,1567.2
1581.715574,1560.4
1574.199757,1553.4
1566.684015,1546.4
1559.168348,1539.4
1551.652757,1532.4
1544.13724,1525.4
1536.621799,1518.4
1529.106432,1511.4
1521.591141,1504.4
1514.075926,1497.4
1506.560785,1491
1499.045719,1483.6
1491.530729,1476.2
1484.015813,1468.8
1476.500973,1461.4
1468.986208,1454
1461.471518,1446.6
1453.956904,1439.2
1446.442364,1431.8
1438.9279,1424.4
1431.41351,1417
1423.899196,1409.6
1416.384957,1402.2
1408.870793,1394.8
1401.356705,1387.4
1393.842691,1380
1386.328753,1372.6
1378.814889,1365.2
1371.301101,1357.8
1363.787388,1350.4
1356.27375,1343
1348.760188,1335.6
1341.2467,1328.2
1333.733288,1320.8
1326.21995,1313.4
1318.706688,1306
1311.193501,1298.6
1303.680389,1291.2
1296.167352,1283.8
1288.654391,1276.4
1281.141504,1269
1273.628693,1261.6
1266.115956,1254.2
1258.603295,1246.8
1251.090709,1239.4
1243.578198,1232
1236.065762,1224.6
1228.553402,1217.2
1221.041116,1209.8
1213.528906,1202.4
1206.016771,1195
1198.50471,1187.6
1190.992725,1180.2
1183.480815,1172.8
1175.968981,1165.4
1168.457221,1158
1160.945536,1150.6
1153.433927,1143.2
1145.922393,1135.8
1138.410933,1128.4
1130.899549,1121
1123.38824,1113.6
1115.877006,1106.2
1108.365848,1098.8
1100.854764,1091.4
1093.343755,1084
1085.832822,1076.6
1078.321964,1069.2
1070.81118,1061.8
1063.300472,1054.4
1055.789839,1047
1048.279281,1039.6
1040.768799,1032.2
1033.258391,1024.8
1025.748058,1017.4
1018.237801,1010
1010.727618,1002.6
1003.217511,995.2
995.707479,987.8
988.1975219,980.4
980.6876399,973
973.177833,965.6
965.6681013,958.2
958.1584446,950.8
950.648863,943.4
943.1393565,936
935.6299251,928.6
928.1205688,921.2
920.6112876,913.8
913.1020815,906.4
905.5929505,899
898.0838945,891.6
890.5749137,884.2
883.0660079,876.8
875.5571773,869.4
868.0484217,862
860.5397412,854.6
853.0311358,847.2
845.5226055,839.8
838.0141503,832.4
830.5057702,825
822.9974651,817.6
815.4892351,810.2
807.9810802,802.8
800.4730004,795.4
792.9649957,788
785.457066,780.6
777.9492115,773.2
770.441432,765.8
762.9337276,758.4
755.4260982,751
747.918544,743.6
740.4110648,736.2
732.9036607,728.8
725.3963316,721.4
717.8890777,714
710.3818988,706.6
702.874795,699.2
695.3677662,691.8
687.8608125,684.4
680.3539339,677
672.8471304,669.6
665.3404019,662.2
657.8337485,654.8
650.3271702,647.4
642.8206669,640
635.3142387,632.6
627.8078856,625.2
620.3016075,617.8
612.7954045,610.4
605.2892765,603
597.7832236,595.6
590.2772458,588.2
582.771343,580.8
575.2655153,573.4
567.7597626,566
560.254085,558.6
552.7484825,551.2
545.242955,543.8
537.7375026,536.4
530.2321252,529
522.7268229,521.6
515.2215956,514.2
507.7164434,506.8
500.2113662,499.4
492.7063641,492
485.2014371,484.6
477.696585,477.2
470.1918081,469.8
462.6871062,462.4
455.1824793,455
447.6779275,447.6
440.1734507,440.2
432.669049,432.8
425.1647223,425.4
417.6604706,418
410.156294,410.6
402.6521924,403.2
395.1481659,395.8
387.6442144,388.4
380.140338,381
372.6365366,373.6
365.1328102,366.2
357.6291589,358.8
350.1255826,351.4
342.6220814,344
335.1186551,336.6
327.615304,329.2
320.1120278,321.8
312.6088267,314.4
305.1057006,307
297.6026495,299.6
290.0996735,292.2
282.5967725,284.8
275.0939465,277.4
267.5911956,270
265.8467429,269
263.9957639,268
262.0728116,266.8
260.4020974,266
258.7471455,265.2
257.0352431,264.2
255.246805,263.2
253.4833698,262.2
251.7455649,261.2
250.0134639,260.2
248.351919,259.4
246.6780623,258.6
244.9700447,257.6
243.2294744,256.6
241.4381482,255.6
241.3169018,254.6
241.3144886,253.6
241.3120755,252.6
241.3096624,251.6
241.3072493,250.6
241.3048362,249.6
241.3024231,248.6
241.3000101,247.6
241.2975971,246.6
241.2951841,245.8
241.2927712,245
241.2903583,244.2
241.2879454,243.2
241.2855325,242.2
241.2831196,241.2
233.7807068,233.8
226.278369,226.4
218.7761062,219
211.2739184,211.6
203.7718057,204.2
196.269768,196.8
188.7678053,189.4
181.2659176,182
173.7641049,174.6
166.2623673,167.2
158.7607047,159.8
151.2591171,152.4
143.7576045,145
136.2561669,137.6
128.7548043,130.2
121.2535168,122.8
113.7523043,115.4
106.2511667,108
98.75010423,100.6
91.24911673,93.2
83.74820424,85.8
76.24736675,78.4
68.74660428,71
61.24591681,63.6
53.74530436,56.2
46.2447669,48.8
38.74430445,41.4
31.24391701,34
23.74360457,26.6
16.24336714,19.2
14.64161273,18.4
12.99271877,17.6
11.31724555,16.8
9.756848686,16
8.200239876,15.2
6.667790286,14.4
5.130263219,13.6
3.595958106,12.8
2.049785131,12
0.60699264,11.4
0,10.8
0,10.2
0,9.6
0,8.8
0,8
0,7.2
0,6.6
0,6
0,5.4
0,4.8
0,4
0,3.2
0,2.4
0,1.8
0,1.2
0,0.6
0,0
0,0
0,0
0,0
0,0
0,0
0,0
0,0
0,0
0,0
0,0
0,0
0,0
0,0
0,0
0,0
0,0
0,0
0,0
0,0
0,0
0,0
0,0
0,0
0,0
0,0
0,0
0,0
0,0
0,0
0,0
0,0
0,0
0,0
0,0.6
0,1
0,1.4
0,1.8
0,2.2
0,2.6
0,3
0,3.4
0,3.8
0,4.2
0,4.6
0,5.2
0,5.8
0,6.4
0,6.8
0,7.2
0,7.6
0,8
0,8.4
0,8.8
0,9.4
0,10
0,10.4
0,10.8
0,11.2
0,11.8
0,12.2
2.320166667,12.8
9.820143465,13.4
17.32004526,14
17.31987206,14.4
17.31969886,14.8
17.31952567,15.4
17.31935247,16
17.31917928,16.6
17.31900609,17.2
17.3188329,17.8
17.31865971,18.4
17.31848652,18.8
17.31831334,19.4
17.31814015,20
17.31796697,20.6
17.31779379,21.2
17.31762061,21.8
17.31744744,22.4
17.31727426,22.8
17.31710109,23.2
17.31692792,23.8
17.31675475,24.4
17.31658158,25
17.31640842,25.6
17.31623525,26.2
17.31606209,26.6
17.31588893,27
17.31571577,27.6
17.31554261,28.2
17.31536946,28.8
20.81569631,29.4
28.31548815,30
35.81520499,30.4
35.81484684,30.8
35.81448869,31.4
35.81413055,32
35.81377241,32.6
35.81341427,33.2
35.81305614,33.8
35.812698,34.2
35.81233988,34.6
35.81198175,35
35.81162363,35.6
35.81126552,36.2
35.81090741,36.8
35.8105493,37.4
35.81019119,37.8
35.80983309,38.2
35.80947499,38.6
35.8091169,39.2
35.8087588,39.8
35.80840072,40.4
35.80804263,41
35.80768455,41.6
35.80732648,42
35.8069684,42.4
35.80661033,42.8
35.80625227,43.4
35.8058942,44
35.80553615,44.6
38.77151142,45
46.27112371,45.4
53.770661,45.8
53.77012329,46.2
53.76958559,46.8
53.76904789,47.4
53.7685102,48
53.76797252,48.4
53.76743484,48.8
53.76689716,49.2
53.76635949,49.8
53.76582183,50.4
53.76528417,51
53.76474652,51.4
53.76420887,51.8
53.76367123,52.2
53.76313359,52.6
53.76259596,53.2
53.76205834,53.8
53.76152072,54.4
53.7609831,55
53.76044549,55.4
53.75990789,55.8
53.75937029,56.2
53.75883269,56.8
53.75829511,57.4
53.75775752,58
53.75721994,58.6
53.75668237,59.2
53.75614481,59.6
56.86277391,60
64.36220528,60.6
71.86156166,61.2
71.86084305,61.6
71.86012444,62.2
71.85940584,62.6
71.85868724,63
71.85796865,63.4
71.85725008,64
71.8565315,64.6
71.85581294,65.2
71.85509438,65.8
71.85437583,66.4
71.85365728,66.8
71.85293875,67.2
71.85222022,67.8
71.8515017,68.4
71.85078318,69
71.85006467,69.6
71.84934617,70.2
71.84862768,70.6
71.84790919,71
71.84719071,71.6
71.84647224,72.2
71.84575378,72.8
71.84503532,73.4
71.84431687,74
71.84359843,74.4
71.84287999,74.8
71.84216156,75.4
74.96727647,76
82.4665268,76.6
89.96570214,77.2
89.96480248,77.6
89.96390283,78
89.96300319,78.4
89.96210356,79
89.96120394,79.6
89.96030433,80.2
89.95940473,80.8
89.95850513,81.2
89.95760555,81.6
89.95670597,82
89.9558064,82.6
89.95490684,83.2
89.9540073,83.8
89.95310776,84.2
89.95220822,84.6
89.9513087,85
89.95040919,85.4
89.94950969,86
89.94861019,86.6
89.9477107,87.2
89.94681123,87.6
89.94591176,88.2
89.9450123,88.6
89.94411285,89
89.94321341,89.6
89.94231398,90.2
89.94141455,90.8
92.91201514,91.2
100.411086,91.6
107.9100819,92
107.9090028,92.6
107.9079237,93
107.9068446,93.6
107.9057656,94
107.9046865,94.6
107.9036075,95.2
107.9025284,95.6
107.9014494,96
107.9003704,96.6
107.8992914,97.2
107.8982124,97.8
107.8971334,98.4
107.8960544,98.8
107.8949755,99.2
107.8938965,99.6
107.8928176,100.2
107.8917387,100.8
107.8906597,101.4
107.8895808,102
107.8885019,102.4
107.8874231,102.8
107.8863442,103.2
107.8852653,103.8
107.8841865,104.4
107.8831076,105
107.8820288,105.4
107.88095,105.8
110.9600378,106.2
118.4589282,106.6
125.9577436,107.2
125.9564841,107.8
125.9552245,108.4
125.9539649,109
125.9527054,109.4
125.9514459,109.8
125.9501864,110.2
125.9489269,110.8
125.9476674,111.4
125.9464079,112
125.9451484,112.6
125.943889,113
125.9426295,113.4
125.9413701,113.8
125.9401107,114.4
125.9388513,115
125.9375919,115.6
125.9363325,116
125.9350732,116.4
125.9338138,116.8
125.9325545,117.2
125.9312952,117.6
125.9300358,118.2
125.9287765,118.8
125.9275173,119.4
125.926258,119.8
125.9249987,120.2
125.9237395,120.6
128.7446469,121.2
136.2433595,121.6
143.741997,122
143.7405596,122.4
143.7391222,122.8
143.7376848,123.2
143.7362474,123.6
143.7348101,124.2
143.7333727,124.8
143.7319354,125.4
143.7304981,126
143.7290608,126.4
143.7276235,126.8
143.7261862,127.2
143.7247489,127.8
143.7233117,128.4
143.7218744,129
143.7204372,129.6
143.719,130
143.7175628,130.4
143.7161257,130.8
143.7146885,131.4
143.7132514,132
143.7118142,132.6
143.7103771,133
143.70894,133.4
143.7075029,133.8
143.7060658,134.2
143.7046288,134.8
143.7031917,135.4
146.418588,136
153.9171238,136.6
161.4155847,137
161.4139705,137.4
161.4123564,137.8
161.4107423,138.4
161.4091281,139
161.4075141,139.6
161.4059,140.2
161.4042859,140.6
161.4026719,141
161.4010578,141.4
161.3994438,142
161.3978298,142.6
161.3962159,143.2
161.3946019,143.8
161.392988,144.2
161.391374,144.6
161.3897601,145
161.3881462,145.4
161.3865323,146
161.3849185,146.6
161.3833046,147.2
161.3816908,147.6
161.380077,148
161.3784632,148.4
161.3768494,149
161.3752356,149.6
161.3736219,150.2
161.3720081,150.8
164.1288944,151.2
171.6272531,151.6
179.1255368,152
179.1237456,152.6
179.1219544,153.2
179.1201631,153.8
179.1183719,154.4
179.1165807,154.8
179.1147896,155.2
179.1129984,155.6
179.1112073,156
179.1094162,156.6
179.1076251,157
179.105834,157.4
179.104043,157.8
179.1022519,158.2
179.1004609,158.6
179.0986699,159.2
179.0968789,159.8
179.0950879,160.4
179.093297,161
179.0915061,161.4
179.0897151,161.8
179.0879242,162.2
179.0861334,162.6
179.0843425,163.2
179.0825517,163.6
179.0807608,164
179.07897,164.6
179.0771792,165
181.7547218,165.4
189.2529043,165.8
196.7510117,166.4
196.7490442,167
196.7470767,167.6
196.7451093,168.2
196.7431418,168.6
196.7411744,169
196.739207,169.4
196.7372396,170
196.7352722,170.6
196.7333048,171.2
196.7313375,171.8
196.7293702,172.2
196.7274029,172.6
196.7254356,173
196.7234684,173.6
196.7215011,174.2
196.7195339,174.8
196.7175667,175.4
196.7155996,175.8
196.7136324,176.2
196.7116653,176.6
196.7096981,177.2
196.707731,177.8
196.705764,178.4
196.7037969,179
196.7018299,179.4
196.6998629,179.8
196.6978959,180.2
199.5332622,180.8
207.0312669,181.4
214.5291966,182
214.5270513,182.4
214.524906,182.8
214.5227608,183.2
214.5206155,183.6
214.5184703,184.2
214.5163251,184.8
214.51418,185.4
214.5120348,186
214.5098897,186.4
214.5077446,186.8
214.5055995,187.2
214.5034545,187.8
214.5013094,188.4
214.4991644,189
214.4970194,189.6
214.4948745,190.2
214.4927295,190.6
214.4905846,191
214.4884397,191.6
214.4862948,192.2
214.4841499,192.8
214.4820051,193.4
214.4798603,194
214.4777155,194.4
214.4755707,194.8
214.4734259,195.4
214.4712812,196
217.4323032,196.4
224.9301288,197
232.4278795,197.6
232.4255553,198
232.423231,198.4
232.4209068,198.8
232.4185826,199.4
232.4162584,200
232.4139342,200.6
232.4116101,201.2
232.409286,201.6
232.4069619,202
232.4046378,202.4
232.4023138,203
232.3999897,203.6
232.3976657,204.2
232.3953418,204.8
232.3930178,205.2
232.3906939,205.6
232.38837,206
232.3860461,206.6
232.3837222,207.2
232.3813984,207.8
232.3790746,208.4
232.3767508,208.8
232.374427,209.2
232.3721033,209.6
232.3697795,210.2
232.3674558,210.8
232.3651322,211.4
235.1593085,211.8
242.6569569,212.2
250.1545304,212.6
250.1520288,213
250.1495273,213.6
250.1470258,214.2
250.1445243,214.8
250.1420229,215.4
250.1395215,216
250.1370201,216.4
250.1345187,216.8
250.1320173,217.4
250.129516,218
250.1270147,218.6
250.1245135,219.2
250.1220122,219.6
250.119511,220
250.1170098,220.4
250.1145086,220.8
250.1120075,221.4
250.1095064,222
250.1070053,222.6
250.1045042,223.2
250.1020032,223.6
250.0995021,224
250.0970011,224.4
250.0945002,225
250.0919992,225.6
250.0894983,226.2
250.0869974,226.8
252.9576632,227.4
260.4551336,227.8
267.9525291,228.2
267.9498496,228.8
267.9471701,229.4
267.9444906,230
267.9418111,230.6
267.9391317,231.2
267.9364523,231.8
267.933773,232.2
267.9310936,232.8
267.9284143,233.4
267.925735,234
267.9230558,234.6
267.9203765,235.2
267.9176973,235.6
267.9150182,236
267.912339,236.6
267.9096599,237.2
267.9069808,237.8
267.9043017,238.4
267.9016227,239
267.8989437,239.4
267.8962647,239.8
267.8935857,240.4
267.8909068,241
267.8882279,241.6
267.885549,242.2
267.8828701,242.8
267.8801913,243.4
271.5795125,243.8
279.0767967,244.4
286.5740059,245
286.5711402,245.6
286.5682745,246.2
286.5654088,246.8
286.5625431,247.4
286.5596775,248
286.5568119,248.4
286.5539464,249
286.5510808,249.6
286.5482153,250.2
286.5453498,250.8
286.5424844,251.4
286.5396189,251.8
286.5367536,252.4
286.5338882,253
286.5310228,253.6
286.5281575,254.2
286.5252923,254.8
286.522427,255.4
286.5195618,255.8
286.5166966,256.2
286.5138314,256.8
286.5109663,257.4
286.5081012,258
286.5052361,258.6
286.502371,259.2
286.499506,259.6
286.496641,260
290.3464427,260.6
297.8435392,261.2
305.3405608,261.8
305.3375074,262.4
305.334454,263
305.3314007,263.6
305.3283474,264
305.3252941,264.6
305.3222408,265.2
305.3191876,265.8
305.3161344,266.4
305.3130813,267
305.3100281,267.4
305.306975,267.8
305.303922,268.4
305.3008689,269
305.2978159,269.6
305.2947629,270.2
305.29171,270.8
305.2886571,271.4
305.2856042,271.8
305.2825513,272.4
305.2794985,273
305.2764457,273.6
305.2733929,274.2
305.2703402,274.8
305.2672875,275.4
305.2642348,275.8
305.2611822,276.4
305.2581296,277
309.060587,277.6
316.5574964,278.2
324.0543308,278.8
324.0510903,279.4
324.0478498,280
324.0446093,280.6
324.0413688,281.2
324.0381284,281.8
324.034888,282.4
324.0316477,283
324.0284074,283.6
324.0251671,284.2
324.0219268,284.8
324.0186866,285.4
324.0154464,286
324.0122063,286.6
324.0089662,287.2
324.0057261,287.8
324.002486,288.4
323.999246,289
323.996006,289.6
323.992766,290.2
323.9895261,290.8
323.9862862,291.4
323.9830463,292
323.9798065,292.6
323.9765667,293.2
323.9767876,293.8
323.9776452,294.4
323.9967867,295.2
330.6981734,296
338.1948665,296.8
345.6914845,297.6
345.7041436,298.2
345.7036112,298.8
345.7516635,299.6
345.7983547,300.4
345.8666354,301.2
345.9255874,302
346.0116014,302.8
346.0843933,303.6
346.1796298,304.4
346.324808,305.2
346.4727088,306
346.6292774,306.8
346.7846231,307.6
346.9278059,308.4
347.0489026,309.2
347.1788915,310
347.3766877,310.8
347.5697059,311.6
347.7726429,312.4
347.9524438,313.2
348.090131,314
348.2126227,314.8
348.3251459,315.6
348.5197553,316.4
348.7623355,317.4
349.0028012,318.4
351.0832925,319.4
358.5797817,320.4
366.0761959,321.4
373.5725351,322.4
373.8489434,323.4
374.1636302,324.4
374.4789559,325.4
374.8466991,326.4
375.218556,327.4
375.5862505,328.4
375.9512253,329.4
376.4002071,330.6
376.8568758,331.8
377.2959799,333
377.7505576,334.2
378.2023874,335.4
378.659188,336.6
379.1149621,337.8
379.5896196,339
380.0999117,340.2
380.6347341,341.4
381.1926984,342.6
381.7304658,343.8
382.2322058,345
382.7170802,346.2
383.244529,347.4
383.7588526,348.6
384.3179603,349.8
384.8892918,351
385.4667649,352.2
388.8574549,353.4
396.3535663,354.6
403.8496028,355.8
411.3455643,357.2
411.9996442,358.6
412.6467448,360
413.268309,361.4
413.8856237,362.8
414.4671262,364
415.0841722,365.4
415.731616,366.8
416.373302,368.2
417.0097303,369.6
417.6600128,371
418.2987096,372.4
418.9591566,373.8
419.6001217,375.2
420.282075,376.6
420.9744422,378
421.7201244,379.4
422.4499712,380.8
423.1565894,382.2
423.8395338,383.6
424.6436214,385
425.440477,386.4
426.2577753,388
427.0869313,389.6
427.8786585,391
428.716369,392.6
429.5671885,394.2
434.3174609,395.8
441.8131177,397.4
449.3086995,399
456.8042065,400.6
457.7334251,402.2
458.6461644,403.8
459.531206,405.4
460.4373533,407
461.4324123,408.6
462.4272673,410.2
463.459041,412
464.4909791,413.8
465.5012375,415.4
466.4557812,417
467.5082413,418.8
468.4108915,420.4
469.3280354,422
470.0176035,423.4
470.95369,425
471.6422797,426.4
472.222874,427.6
473.2373258,429.4
474.4016707,431.2
475.5454987,433
476.6638646,434.8
477.8359893,436.6
479.0005503,438.4
480.1345149,440.2
481.3071242,442
482.4846372,443.8
488.3797563,445.6
495.8748725,447.6
503.3699138,449.6
510.8648801,451.4
511.9781628,453.2
513.2203083,455.2
514.5051488,457.2
515.8111511,459.2
517.0850803,461.2
518.3419421,463.2
519.603914,465.2
520.8880753,467.2
522.2712238,469.2
523.723825,471.4
525.1714938,473.6
526.6309348,475.8
528.0570851,478
529.4518605,480
530.8803514,482.2
532.4219232,484.4
533.9325537,486.6
535.454341,488.8
536.9535911,491
538.4354709,493.2
539.5246719,495
540.3456953,496.6
541.5769459,498.6
542.8440088,500.6
543.9612723,502.4
545.0512047,504.2
550.0944822,506
557.5889813,507.6
565.0834054,509.4
572.5777545,511
573.3660301,512.4
574.2986244,514
574.7069774,515
575.3327944,516.4
576.1168884,517.8
577.0824819,519.4
577.9624591,521
579.0304654,522.8
580.0927971,524.6
581.1248449,526.4
582.0973089,528
583.171132,529.8
584.2932909,531.6
585.3630073,533.4
586.3876204,535.2
587.4329058,537
588.3843315,538.6
589.276065,540.2
589.4219269,541
590.1482693,542.4
590.4456732,543.4
590.9175781,544.6
591.9637362,546.4
592.4156886,547.6
593.6059731,549.4
593.821119,550.4
595.0830375,551.2
602.5770867,552
610.0710609,552.6
617.5649602,553.2
617.5587845,553.4
617.5526089,553.8
617.5464334,554.2
617.5402579,554.8
617.5340825,555.4
617.5279072,556
617.5217319,556.6
617.5155567,557.2
618.8032449,559.2
619.3483602,560.4
619.8693827,561.6
620.1717293,562.6
621.5070543,564.6
622.8920892,566.6
624.379987,568.8
625.3439425,570.4
625.4194524,571.2
625.4131982,571.8
626.0989541,573.2
626.1618824,574
626.1556208,574.6
627.1165966,576.2
627.3832947,577.2
627.5621329,578
627.679426,578.8
627.8017805,579.6
629.8896965,580.4
637.3833976,581.2
644.8770237,583.4
652.370575,584.6
653.4261406,586.4
655.1074643,588.8
655.4410406,589.8
656.4737529,591.6
656.6704254,592.4
656.8669874,593.2
656.9687694,594
657.0870064,594.8
657.6881975,596
657.9369453,597
658.5929659,598.4
658.851382,599.4
659.1703775,600.4
659.4612525,601.4
659.8184192,602.4
660.233967,603.6
660.4529,604.6
660.5557821,605.4
660.5869099,606.2
660.580304,606.8
660.5736982,607.4
660.5670925,608
661.6695975,609.8
663.3537781,612.2
665.0760452,614.6
666.6725012,616.8
673.6807324,619
681.1739956,621.4
688.6671839,623.8
696.1602972,626
696.6560543,627.2
697.3912417,628.6
698.7574205,630.6
699.2300102,631.8
699.4188759,632.6
700.7129417,634.6
702.4216526,637
704.3234704,639.6
706.1963405,642.2
708.0690885,644.8
709.8706298,647.2
711.6509811,649.6
713.491754,652.2
715.2192084,654.6
717.0173062,657
718.78663,659.4
720.6149821,662
721.4586967,663.6
721.8762907,664.8
722.111004,665.8
722.5769775,667
724.0415671,669.2
725.509702,671.4
726.9752976,673.6
728.4568212,675.8
729.9041033,678
736.1703142,680
743.6629525,682
751.1555159,684
758.6480043,686
760.0495058,688
761.1484187,689.8
761.2856092,690.6
762.2205263,692.2
763.4614481,694.2
764.8820075,696.4
764.9948414,697.2
766.1257781,699
767.5357295,701.2
768.8608115,703.2
770.1214189,705.2
771.608975,707.4
773.0893576,709.6
774.5103127,711.8
774.9347909,713
774.9270416,713.4
774.9192923,713.8
775.3233864,714.8
776.3053185,716.4
777.6473035,718.4
778.803977,720.2
780.2786176,722.4
781.5126795,724.4
782.8869057,726.4
784.1041702,728.4
785.8174551,730.8
791.1250276,733.2
798.6171164,735.6
806.1091302,736.4
813.6010691,738.6
815.2358978,741
816.1815081,742.6
817.8950076,745
818.3865426,746.2
818.7203388,747.2
820.4541509,749.6
821.957137,751.8
823.2199801,753.8
824.3288873,755.6
825.244412,757.2
825.2361595,756.6
825.2279072,757.2
825.2196549,757.4
825.2114027,757.6
825.2031506,755.8
825.1948985,754.6
825.1866466,752.8
825.1783947,751
825.1701429,751.4
825.1618912,751.6
825.1536396,752
825.1453881,752.4
825.3293246,753.2
825.4605,754
825.6463407,754.8
825.9219443,755.8
826.1711164,756.8
826.409996,757.8
830.7171372,758.6
838.2088301,759.6
838.4564367,760.6
838.6790708,761.6
838.890894,762.6
839.1744337,763.6
839.4079106,764.6
839.6907106,765.6
839.989767,766.6
840.2019131,767.6
840.4552097,768.6
840.4468052,769
840.4384007,766.8
840.4299963,765.6
841.3570934,767.2
841.5462398,768
841.5378243,768.6
841.6734276,769.4
841.7228016,770.2
842.0186817,771.2
842.3692908,772.2
842.7410631,773.2
843.0601597,774.2
843.2047038,775
843.4115771,775.8
843.6797269,776.8
844.0005981,777.8
844.3717448,778.8
844.7128604,779.8
849.4794173,780.8
856.9709225,781.8
864.4623528,782.8
864.9000735,784
865.1469998,785
865.1383484,784.8
865.129697,784.6
865.3643043,785.6
865.3556507,785.6
867.2951371,788.2
869.5625375,791.2
872.0011366,794.4
874.3890639,797.4
876.6308387,800.4
878.8770144,803.4
881.1867556,806.4
883.3946317,809.4
885.8198631,812.6
888.2564662,815.8
890.687411,819
893.0151761,822
895.376478,825
897.7897756,828.2
900.2110843,831.4
902.6711882,834.6
905.0858715,837.8
907.4357246,840.8
909.7768056,843.8
912.9859599,846.8
920.47683,850
927.9676252,853.2
935.4583455,856.2
942.948991,859.2
945.2822061,862.2
947.6177313,865.2
949.8932411,868.2
951.9041322,871
953.7200745,873.6
955.362406,876
956.531433,877.8
957.8453097,879.8
959.0085786,881.6
960.0442292,883.4
961.2125627,885.2
962.3277593,887
963.3659693,888.8
964.4659337,890.6
965.482309,892.4
966.5994602,894.2
967.7264688,896
968.8380862,897.8
969.8742119,899.6
970.8814391,901.4
971.9088476,903.2
972.9852572,905
974.1278034,906.8
975.2653681,908.6
976.2963341,910.4
977.2660851,912
981.9441411,913.6
989.4343217,915.4
996.9244274,916.8
1004.414458,918.6
1005.411026,920.2
1006.27224,921.8
1007.10897,923.4
1007.958522,925
1008.808839,926.6
1009.736134,928.2
1010.631048,929.8
1011.262483,931.2
1011.975942,932.6
1012.690724,934
1013.428215,935.4
1014.119437,936.8
1014.782707,938.2
1015.496717,939.6
1016.134516,941
1016.838336,942.4
1017.572155,943.8
1018.306724,945.2
1019.05529,946.6
1019.767985,948
1020.377983,949.4
1020.94577,950.6
1021.411597,951.8
1022.138204,953.2
1022.87182,954.6
1023.650496,956
1027.013184,957.4
1034.502914,958.6
1041.992569,959.8
1049.482149,961
1050.099795,962.4
1050.638932,963.6
1051.172392,964.8
1051.797477,966.2
1052.458513,967.6
1053.186676,969
1053.917263,970.4
1054.65913,971.8
1055.370129,973.2
1056.026888,974.6
1056.780931,976
1057.528266,977.4
1058.254941,978.8
1058.96429,980.2
1059.623131,981.6
1060.24191,983
1060.869441,984.4
1061.443785,985.6
1062.11062,987
1062.852375,988.4
1063.579413,989.8
1064.311664,991.2
1064.979982,992.6
1065.499617,993.8
1065.53669,994.6
1065.984395,995.8
1069.433218,997.2
1076.922524,998.6
1084.411755,1000
1091.900911,1001.2
1092.464724,1002.4
1093.05899,1003.6
1093.561609,1004.8
1094.075933,1006
1094.513039,1007.2
1094.99519,1008.4
1095.494888,1009.6
1096.057435,1010.8
1096.660084,1012
1097.211497,1013.2
1097.792528,1014.4
1098.336356,1015.6
1098.834482,1016.8
1099.271915,1018
1099.834784,1019.2
1100.516723,1020.6
1101.26398,1022
1101.986758,1023.4
1102.604306,1024.8
1103.141423,1026
1103.74498,1027.2
1104.325077,1028.4
1104.906367,1029.6
1105.48918,1030.8
1106.079462,1032
1106.64147,1033.2
1110.012296,1034.4
1117.501196,1035.6
1124.990021,1037
1132.478771,1038.2
1133.014346,1039.4
1133.49967,1040.6
1133.915263,1041.8
1134.378266,1043
1134.900347,1044.2
1135.481032,1045.4
1136.083042,1046.6
1136.621401,1047.8
1137.053436,1049
1137.550758,1050.2
1138.091884,1051.4
1138.573241,1052.6
1139.094193,1053.8
1139.634273,1055
1140.106597,1056.2
1140.528635,1057.4
1141.044597,1058.6
1141.617011,1059.8
1142.190083,1061
1142.683228,1062.2
1143.0297,1063.2
1143.330611,1064.2
1143.632806,1065.2
1144.029527,1066.2
1144.376204,1067.2
1144.755331,1068.2
1147.279549,1069.2
1154.768076,1070.2
1162.256529,1071.2
1169.744906,1072.2
1169.733209,1072.2
1169.721511,1072.2
1169.709814,1072.2
1169.698117,1072.2
1169.68642,1072.2
1169.674723,1072.2
1169.663026,1072.2
1169.65133,1072.2
1169.639633,1072.2
1169.627937,1072.2
1169.61624,1072.2
1169.604544,1072.2
1169.592848,1072.2
1169.581152,1072.2
1169.569457,1072.2
1169.557761,1072.2
1169.546065,1072.2
1169.53437,1072.2
1169.522674,1072.2
1169.510979,1072.2
1169.499284,1072.2
1169.487589,1072.2
1169.475894,1072.2
1169.464199,1072.2
1169.452505,1072.2
1169.44081,1072.2
1169.429116,1072.2
1169.417422,1072.2
1169.405727,1072.2
1169.394033,1072.2
1169.382339,1072.2
1169.370646,1072.2
1169.358952,1072.2
1169.347258,1072.2
1169.335565,1072.2
1169.323871,1072.2
1169.312178,1072.2
1169.300485,1072.2
1169.288792,1072.2
1169.277099,1072.2
1169.265406,1072.2
1169.253714,1072.2
1169.242021,1072.2
1169.230329,1072.2
1169.218637,1072.2
1169.206944,1072.2
1169.195252,1072.2
1169.18356,1072.2
1169.171869,1072.2
1169.160177,1072.2
1169.148485,1072.2
1169.136794,1072.2
1169.125102,1072.2
1169.113411,1072.2
1169.10172,1072.2
1169.090029,1072.2
1169.078338,1072.2
1169.066647,1072.2
1169.054957,1072.2
1169.043266,1072.2
1169.031576,1072.2
1169.019885,1072.2
1169.008195,1072.2
1168.996505,1072.2
1168.984815,1072.2
1168.973125,1072.2
1168.961435,1072.2
1168.949746,1072.2
1168.938056,1072.2
1168.926367,1072.2
1168.914678,1072.2
1168.902989,1072.2
1168.8913,1072.2
1168.879611,1072.2
1168.867922,1072.2
1168.856233,1072.2
1168.844545,1072.2
1168.832856,1072.2
1168.821168,1072.2
1168.80948,1072
1168.797791,1072
1168.786104,1072
1168.774416,1072
1168.762728,1072
1168.75104,1072
1168.739353,1072
1168.727665,1072
1168.715978,1072
1168.704291,1072
1168.692604,1072
1161.180917,1064.6
1153.669305,1057.6
1146.157768,1050.4
1138.646307,1043
1131.13492,1039.8
1123.623609,1034.4
1116.112373,1027.4
1108.601212,1026.6
1101.090126,1025.8
1093.579115,1019.2
1086.068179,1011.8
1078.557318,1008.8
1071.046533,1002.8
1063.535822,1000.4
1056.025187,997.2
1048.514627,994.8
1041.004142,991
1033.493731,984
1025.983397,980
1018.473137,975.2
1010.962952,971
1003.452842,964.4
995.9428078,961.8
988.4328484,959.6
980.9229641,956.6
973.4131548,954
965.9034207,946.8
958.3937617,939.6
950.8841777,935
943.3746689,927.6
935.8652352,922.2
928.3558765,917
920.8465929,914
913.3373845,907.6
905.8282511,900.2
898.3191928,893.8
890.8102096,886.4
883.3013015,880.8
875.7924685,874
868.2837106,870.4
860.7750278,867.8
853.26642,865.6
845.7578873,861.4
838.2494298,855.4
830.7410473,852.6
823.2327399,845.8
815.7245075,844.4
808.2163503,842.2
800.7082681,841
793.200261,838.8
785.692329,837.6
778.1844721,836.2
770.6766903,834.8
763.1689835,833
755.6613518,831.2
748.1537952,829.6
740.6463137,828.2
733.1389072,826.4
725.6315758,824.2
718.1243195,819.2
710.6171382,811.8
703.1100321,804.4
695.603001,797
688.0960449,789.6
680.589164,782.2
673.0823581,774.8
665.5756273,767.4
658.0689715,760
650.5623908,752.6
643.0558852,745.2
635.5494546,737.8
628.0430991,730.4
620.5368187,723
613.0306133,715.6
605.524483,708.2
598.0184278,700.8
590.5124476,693.4
583.0065425,686
575.5007124,678.6
567.9949574,671.2
560.4892775,663.8
552.9836726,656.4
545.4781427,649
537.972688,641.6
530.4673082,634.2
522.9620036,626.8
515.4567739,619.4
507.9516194,612
500.4465399,604.6
492.9415354,597.2
485.436606,589.8
477.9317516,582.4
470.4269723,575
462.922268,567.6
455.4176388,560.2
447.9130846,552.8
440.4086055,545.4
432.9042014,538
425.3998724,530.6
417.8956184,523.2
410.3914394,515.8
402.8873355,508.4
395.3833066,501
387.8793528,493.6
380.375474,486.2
372.8716702,478.8
365.3679415,471.4
357.8642878,464
350.3607092,456.6
342.8572056,449.2
335.353777,441.8
327.8504235,434.4
320.347145,427
312.8439415,419.6
305.3408131,412.2
297.8377597,404.8
290.3347813,397.4
282.8318779,390
275.3290496,382.6
267.8262963,375.2
260.3236181,368.4
252.8210148,361.2
245.3184866,353.8
237.8160334,347
230.3136553,342
222.8113521,335
215.309124,327.8
207.8069709,320.4
200.3048929,316
192.8028898,311.2
185.3009618,309
177.7991088,303.2
170.2973308,298.2
162.7956278,291.2
155.2939998,286.2
147.7924469,282.2
140.290969,274.8
132.7895661,268
125.2882382,261.2
117.7869853,253.8
110.2858074,246.6
102.7847046,240
95.28367672,234
87.78272388,226.8
80.28184606,220.6
72.78104324,218
65.28031543,211.8
57.77966262,206
50.27908483,203.4
42.77858204,196.2
35.91250728,188.8
34.06478132,181.6
32.22575047,174.2
30.4695432,171
28.74843723,164.6
27.0367796,162
25.30703134,155
23.54938427,148
21.77760811,140.6
20.09487939,133.6
18.43951774,131.6
16.77040321,124.2
15.60756763,117
15.60741156,110
15.60725548,103
15.60709941,96.2
15.60694334,89.2
15.60678727,87.4
15.6066312,85.8
15.60647513,84
15.60631907,77.8
15.60616301,71
15.60600695,66.8
15.60585089,60
15.60569483,53
15.60553877,45.6
15.60538271,38.4
15.60522666,31.6
15.60507061,25.8
15.60491456,24.4
14.22234565,23.8
12.84752409,23.2
11.46215342,22.6
10.049635,22
8.587145787,21.4
7.125802936,20.8
5.748788869,20.2
4.374806528,19.6
2.962736222,19
1.537287853,18.4
0.071299943,17.8
0,17.2
0,16.6
0,16
0,15.4
0,14.8
0,14.2
0,13.6
0,13
0,12.4
0,11.8
0,11.2
0,10.6
0,10
0,9.4
0,8.8
0,8.2
0,7.6
0,7
0,6.4
0,5.8
0,5.2
0,4.4
0,3.8
0,3.2
0,2.6
0,2
0,1.4
0,0.8
0,0.2
0,0
0,0
0,0
0,0
0,0
0,0
0,0
0,0
0,0
0,0
0,0
0,0
0,0
0,0
0,0
0,0
0,0
0,0
0,0
0,0
0,0
0,0
0,0
0,0
0,0
0,0
0,0
0,0
0,0
0,0
0,0
0,0
0,0
0,0
0,0
0,0
0,0
0,0
0,0
0,0
0,0
0,0
0,0
0,0
0,0
0,0
0,0
0,0
0,0
0,0
0,0
0,0
0,0
0,0
0,0
0,0
0,0
0,0
0,0
0,0
0,0
0,0
0,0
0,0
0,0
0,0
0,0
0,0
0,0
0,0
0,0
0,0
0,0
0,0
0,0
0,0
0,0
0,0
0,0
0,0
0,0
0,0
0,0
0,0
0,0
0,0
0,0
0,0
0,0
0,0
0,0
0,0
0,0
0,0
0,0
0,0
0,0
0,0
0,0
0,0
0,0
0,0
0,0
0,0
0,0
0,0
0,0
0,0
0,0
0,0
0,0
0,0
0,0
0,0
0,0
0,0
0,0
0,0
0,0
0,0
0,0
0,0
0,0
0,0
0,0
0,0
0,0
0,0
0,0
0,0
0,0
0,0
0,0
0,0
0,0
0,0
0,0
0,0
0,0
0,0
0,0
0,0
0,0
0,0
0,0
0,0
0,0
0,0
0,0
0,0
0,0
0,0
0,0
0,0
0,0
0,0
0,0
0,0
0,0
0,0
0,0
0,0
0,0
0,0
0,0
0,0
0,0
0,0
0,0
0,0
0,0
0,0
0,0
0,0
0,0
0,0
0,0
0,0
0,0
0,0
0,0
0,0
0,0
0,0
0,0
0,0
0,0
0,0
0,0
0,0
0,0
0,0
0,0
0,0
0,0
0,0
0,0
0,0
0,0
0,0
0,0
0,0
0,0
0,0
0,0
0,0
0,0
0,0
0,0
0,0
0,0
0,0
0,0
0,0
0,0
0,0
0,0
0,0
0,0
0,0
0,0
0,0
0,0
0,0
0,0
0,0
0,0
0,0
0,0
0,0