Datetime,gP2,dA1,dB1,dC1,s,v,xFC1,xFC2,xFD1,xFD2,bF
2025-02-03 00:00:00,0,0.0,0.0,1.6122448979591837,1.58,0.7142857142857142,0.7,8.979591836734693,8.8,11.306122448979592,0.0
2025-02-03 00:01:00,1,0.0,0.0,1.5918367346938778,1.56,0.7142857142857142,0.7,9.081632653061224,8.9,11.387755102040817,0.0
2025-02-03 00:02:00,2,0.0,0.0,1.622448979591837,1.59,0.7142857142857142,0.7,7.346938775510205,7.2,9.683673469387756,0.0
2025-02-03 00:03:00,3,0.0,0.0,3.36734693877551,3.3,0.7142857142857142,0.7,7.346938775510205,7.2,11.428571428571427,0.0
2025-02-03 00:04:00,4,0.0,0.0,3.36734693877551,3.3,0.6122448979591837,0.6,7.448979591836735,7.3,11.428571428571427,0.0
2025-02-03 00:05:00,5,0.0,0.0,1.6326530612244898,1.6,0.6122448979591837,0.6,7.244897959183673,7.1,9.489795918367347,0.0
2025-02-03 00:06:00,6,0.0,0.0,6.061224489795918,5.9399999999999995,0.6122448979591837,0.6,8.775510204081634,8.6,15.448979591836734,0.0
2025-02-03 00:07:00,7,0.0,0.0,6.081632653061225,5.96,0.6122448979591837,0.6,8.061224489795919,7.900000000000001,14.755102040816327,0.0
2025-02-03 00:08:00,8,0.0,0.0,6.071428571428571,5.95,0.7142857142857142,0.7,6.428571428571428,6.3,13.214285714285714,0.0
2025-02-03 00:09:00,9,0.0,0.0,6.081632653061225,5.96,0.7142857142857142,0.7,6.428571428571428,6.3,13.224489795918366,0.0
2025-02-03 00:10:00,10,0.0,0.0,5.9897959183673475,5.87,0.6122448979591837,0.6,7.142857142857143,7.0,13.744897959183675,0.0
2025-02-03 00:11:00,11,0.0,0.0,6.73469387755102,6.6,0.6122448979591837,0.6,7.244897959183673,7.1,14.591836734693878,0.0
2025-02-03 00:12:00,12,0.0,0.0,6.8061224489795915,6.67,0.7142857142857142,0.7,7.755102040816325,7.599999999999999,15.275510204081632,0.0
2025-02-03 00:13:00,13,0.0,0.0,6.775510204081634,6.640000000000001,0.6122448979591837,0.6,7.959183673469388,7.800000000000001,15.346938775510203,0.0
2025-02-03 00:14:00,14,0.0,0.0,5.489795918367347,5.38,0.6122448979591837,0.6,6.326530612244898,6.2,12.428571428571427,0.0
2025-02-03 00:15:00,15,0.0,0.0,5.816326530612245,5.7,0.7142857142857142,0.7,6.428571428571428,6.3,12.959183673469386,0.0
2025-02-03 00:16:00,16,0.0,0.0,5.877551020408164,5.76,0.6122448979591837,0.6,6.530612244897959,6.4,13.020408163265309,0.0
2025-02-03 00:17:00,17,0.0,0.0,5.918367346938775,5.8,0.7142857142857142,0.7,6.530612244897959,6.4,13.163265306122451,0.0
2025-02-03 00:18:00,18,0.0,0.0,5.173469387755103,5.07,0.6122448979591837,0.6,8.571428571428573,8.4,14.35714285714286,0.0
2025-02-03 00:19:00,19,0.0,0.0,1.4081632653061227,1.3800000000000001,0.6122448979591837,0.6,8.775510204081634,8.6,10.795918367346939,0.0
2025-02-03 00:20:00,20,0.0,0.0,2.36734693877551,2.32,0.6122448979591837,0.6,6.428571428571428,6.3,9.40816326530612,0.0
2025-02-03 00:21:00,21,0.0,0.0,1.622448979591837,1.59,0.6122448979591837,0.6,6.428571428571428,6.3,8.66326530612245,0.0
2025-02-03 00:22:00,22,0.0,0.0,1.5612244897959187,1.53,0.6122448979591837,0.6,6.530612244897959,6.4,8.704081632653061,0.0
2025-02-03 00:23:00,23,0.0,0.0,1.5306122448979593,1.5,0.6122448979591837,0.6,6.530612244897959,6.4,8.673469387755102,0.0
2025-02-03 00:24:00,24,0.0,0.0,1.173469387755102,1.15,0.6122448979591837,0.6,8.16326530612245,8.0,9.948979591836736,0.0
2025-02-03 00:25:00,25,0.0,0.0,1.2040816326530615,1.1800000000000002,0.6122448979591837,0.6,8.061224489795919,7.900000000000001,9.877551020408164,0.0
2025-02-03 00:26:00,26,0.0,0.0,1.459183673469388,1.4300000000000002,0.6122448979591837,0.6,6.428571428571428,6.3,8.5,0.0
2025-02-03 00:27:00,27,0.0,0.0,2.2653061224489797,2.2199999999999998,0.6122448979591837,0.6,7.142857142857143,7.0,10.020408163265307,0.0
2025-02-03 00:28:00,28,0.0,0.0,2.2857142857142856,2.2399999999999998,0.6122448979591837,0.6,7.142857142857143,7.0,10.040816326530614,0.0
2025-02-03 00:29:00,29,0.0,0.0,1.704081632653061,1.67,0.6122448979591837,0.6,6.530612244897959,6.4,8.846938775510203,0.0
2025-02-03 00:30:00,30,0.0,0.0,1.7448979591836737,1.7100000000000002,0.6122448979591837,0.6,7.244897959183673,7.1,9.60204081632653,0.0
2025-02-03 00:31:00,31,0.0,0.0,1.6632653061224492,1.6300000000000001,0.6122448979591837,0.6,8.979591836734693,8.8,11.255102040816325,0.0
2025-02-03 00:32:00,32,0.0,0.0,1.7244897959183674,1.69,0.6122448979591837,0.6,8.877551020408163,8.7,11.214285714285715,0.0
2025-02-03 00:33:00,33,0.0,0.0,1.673469387755102,1.64,0.6122448979591837,0.6,7.346938775510205,7.2,9.63265306122449,0.0
2025-02-03 00:34:00,34,0.0,0.0,2.1530612244897966,2.1100000000000003,0.6122448979591837,0.6,7.448979591836735,7.3,10.214285714285715,0.0
2025-02-03 00:35:00,35,0.0,0.0,2.0510204081632653,2.0100000000000002,0.6122448979591837,0.6,7.448979591836735,7.3,10.112244897959183,0.0
2025-02-03 00:36:00,36,0.0,0.0,2.2653061224489797,2.2199999999999998,0.6122448979591837,0.6,8.061224489795919,7.900000000000001,10.938775510204081,0.0
2025-02-03 00:37:00,37,0.0,0.0,1.7142857142857146,1.6800000000000002,0.6122448979591837,0.6,9.285714285714286,9.1,11.612244897959185,0.0
2025-02-03 00:38:00,38,0.0,0.0,1.4285714285714284,1.4,0.6122448979591837,0.6,9.183673469387756,9.0,11.224489795918366,0.0
2025-02-03 00:39:00,39,0.0,0.0,1.469387755102041,1.44,0.6122448979591837,0.6,7.346938775510205,7.2,9.428571428571429,0.0
2025-02-03 00:40:00,40,0.0,0.0,1.5,1.47,0.6122448979591837,0.6,7.448979591836735,7.3,9.561224489795919,0.0
2025-02-03 00:41:00,41,0.0,0.0,1.1632653061224492,1.1400000000000001,0.6122448979591837,0.6,7.551020408163265,7.4,9.326530612244898,0.0
2025-02-03 00:42:00,42,0.0,0.0,1.153061224489796,1.1300000000000001,0.6122448979591837,0.6,8.36734693877551,8.2,10.13265306122449,0.0
2025-02-03 00:43:00,43,0.0,0.0,1.173469387755102,1.15,0.6122448979591837,0.6,10.408163265306122,10.2,12.193877551020408,0.0
2025-02-03 00:44:00,44,0.0,0.0,1.1224489795918366,1.1,0.6122448979591837,0.6,10.204081632653061,10.0,11.938775510204081,0.0
2025-02-03 00:45:00,45,0.0,0.0,1.0918367346938773,1.0699999999999998,0.6122448979591837,0.6,7.959183673469388,7.800000000000001,9.66326530612245,0.0
2025-02-03 00:46:00,46,0.0,0.0,1.153061224489796,1.1300000000000001,0.6122448979591837,0.6,7.448979591836735,7.3,9.214285714285715,0.0
2025-02-03 00:47:00,47,0.0,0.0,2.1020408163265305,2.06,0.6122448979591837,0.6,7.551020408163265,7.4,10.26530612244898,0.0
2025-02-03 00:48:00,48,0.0,0.0,1.8367346938775513,1.8,0.6122448979591837,0.6,7.755102040816325,7.599999999999999,10.20408163265306,0.0
2025-02-03 00:49:00,49,0.0,0.0,1.5204081632653061,1.49,0.6122448979591837,0.6,8.979591836734693,8.8,11.112244897959183,0.0
2025-02-03 00:50:00,50,0.0,0.0,1.5612244897959187,1.53,0.6122448979591837,0.6,8.979591836734693,8.8,11.153061224489795,0.0
2025-02-03 00:51:00,51,0.0,0.0,2.6326530612244903,2.58,0.6122448979591837,0.6,7.346938775510205,7.2,10.591836734693878,0.0
2025-02-03 00:52:00,52,0.0,0.0,2.5510204081632653,2.5,0.6122448979591837,0.6,7.346938775510205,7.2,10.510204081632654,0.0
2025-02-03 00:53:00,53,0.0,0.0,2.0408163265306123,2.0,0.6122448979591837,0.6,7.448979591836735,7.3,10.102040816326532,0.0
2025-02-03 00:54:00,54,0.0,0.0,2.1122448979591835,2.07,0.6122448979591837,0.6,7.448979591836735,7.3,10.173469387755103,0.0
2025-02-03 00:55:00,55,0.0,0.0,2.0306122448979593,1.9899999999999998,0.6122448979591837,0.6,8.673469387755102,8.5,11.316326530612246,0.0
2025-02-03 00:56:00,56,0.0,0.0,2.071428571428572,2.0300000000000002,0.6122448979591837,0.6,9.591836734693878,9.4,12.275510204081634,0.0
2025-02-03 00:57:00,57,0.0,0.0,2.071428571428572,2.0300000000000002,0.6122448979591837,0.6,7.959183673469388,7.800000000000001,10.642857142857146,0.0
2025-02-03 00:58:00,58,0.0,0.0,1.7857142857142858,1.75,0.6122448979591837,0.6,7.448979591836735,7.3,9.846938775510203,0.0
2025-02-03 00:59:00,59,0.0,0.0,1.6326530612244898,1.6,0.6122448979591837,0.6,7.448979591836735,7.3,9.693877551020408,0.0
2025-02-03 01:00:00,60,0.0,0.0,1.7142857142857146,1.6800000000000002,0.6122448979591837,0.6,7.448979591836735,7.3,9.775510204081632,0.0
2025-02-03 01:01:00,61,0.0,0.0,1.704081632653061,1.67,0.6122448979591837,0.6,8.571428571428573,8.4,10.887755102040819,0.0
2025-02-03 01:02:00,62,0.0,0.0,1.0816326530612246,1.06,0.6122448979591837,0.6,8.979591836734693,8.8,10.673469387755102,0.0
2025-02-03 01:03:00,63,0.0,0.0,1.2244897959183674,1.2,0.6122448979591837,0.6,7.346938775510205,7.2,9.183673469387756,0.0
2025-02-03 01:04:00,64,0.0,0.0,1.1326530612244898,1.1099999999999999,0.6122448979591837,0.6,7.346938775510205,7.2,9.091836734693878,0.0
2025-02-03 01:05:00,65,0.0,0.0,1.173469387755102,1.15,0.6122448979591837,0.6,7.448979591836735,7.3,9.23469387755102,0.0
2025-02-03 01:06:00,66,0.0,0.0,1.0816326530612246,1.06,0.6122448979591837,0.6,7.448979591836735,7.3,9.142857142857144,0.0
2025-02-03 01:07:00,67,0.0,0.0,1.4795918367346939,1.45,0.6122448979591837,0.6,8.673469387755102,8.5,10.76530612244898,0.0
2025-02-03 01:08:00,68,0.0,0.0,3.7244897959183674,3.65,0.6122448979591837,0.6,8.979591836734693,8.8,13.316326530612244,0.0
2025-02-03 01:09:00,69,0.0,0.0,3.7653061224489797,3.69,0.6122448979591837,0.6,7.346938775510205,7.2,11.724489795918368,0.0
2025-02-03 01:10:00,70,0.0,0.0,3.7551020408163263,3.6799999999999997,0.6122448979591837,0.6,7.346938775510205,7.2,11.714285714285714,0.0
2025-02-03 01:11:00,71,0.0,0.0,3.6530612244897958,3.5799999999999996,0.6122448979591837,0.6,7.448979591836735,7.3,11.714285714285714,0.0
2025-02-03 01:12:00,72,0.0,0.0,1.7551020408163265,1.72,0.6122448979591837,0.6,6.530612244897959,6.4,8.897959183673471,0.0
2025-02-03 01:13:00,73,0.0,0.0,1.510204081632653,1.48,0.6122448979591837,0.6,7.551020408163265,7.4,9.673469387755102,0.0
2025-02-03 01:14:00,74,0.0,0.0,1.1326530612244898,1.1099999999999999,0.6122448979591837,0.6,8.061224489795919,7.900000000000001,9.806122448979592,0.0
2025-02-03 01:15:00,75,0.0,0.0,1.1632653061224492,1.1400000000000001,0.6122448979591837,0.6,6.428571428571428,6.3,8.204081632653061,0.0
2025-02-03 01:16:00,76,0.0,0.0,2.7755102040816326,2.7199999999999998,0.6122448979591837,0.6,6.428571428571428,6.3,9.816326530612244,0.0
2025-02-03 01:17:00,77,0.0,0.0,3.4591836734693877,3.3899999999999997,0.6122448979591837,0.6,6.530612244897959,6.4,10.60204081632653,0.0
2025-02-03 01:18:00,78,0.0,0.0,2.7142857142857144,2.66,0.6122448979591837,0.6,6.530612244897959,6.4,9.85714285714286,0.0
2025-02-03 01:19:00,79,0.0,0.0,2.387755102040816,2.34,0.6122448979591837,0.6,7.551020408163265,7.4,10.551020408163266,0.0
2025-02-03 01:20:00,80,0.0,0.0,1.7551020408163265,1.72,0.6122448979591837,0.6,8.061224489795919,7.900000000000001,10.428571428571429,0.0
2025-02-03 01:21:00,81,0.0,0.0,1.7448979591836737,1.7100000000000002,0.6122448979591837,0.6,7.142857142857143,7.0,9.500000000000002,0.0
2025-02-03 01:22:00,82,0.0,0.0,2.3775510204081636,2.33,0.6122448979591837,0.6,6.428571428571428,6.3,9.418367346938776,0.0
2025-02-03 01:23:00,83,0.0,0.0,1.704081632653061,1.67,0.6122448979591837,0.6,6.530612244897959,6.4,8.846938775510203,0.0
2025-02-03 01:24:00,84,0.0,0.0,2.0510204081632653,2.0100000000000002,0.6122448979591837,0.6,6.632653061224491,6.5,9.295918367346939,0.0
2025-02-03 01:25:00,85,0.0,0.0,2.7040816326530615,2.65,0.6122448979591837,0.6,7.857142857142858,7.699999999999999,11.173469387755103,0.0
2025-02-03 01:26:00,86,0.0,0.0,2.663265306122449,2.6100000000000003,0.6122448979591837,0.6,8.877551020408163,8.7,12.153061224489795,0.0
2025-02-03 01:27:00,87,0.0,0.0,1.510204081632653,1.48,0.6122448979591837,0.6,7.959183673469388,7.800000000000001,10.081632653061224,0.0
2025-02-03 01:28:00,88,0.0,0.0,1.4489795918367347,1.42,0.6122448979591837,0.6,7.142857142857143,7.0,9.204081632653063,0.0
2025-02-03 01:29:00,89,0.0,0.0,1.4387755102040816,1.41,0.6122448979591837,0.6,7.244897959183673,7.1,9.295918367346939,0.0
2025-02-03 01:30:00,90,0.0,0.0,1.4387755102040816,1.41,0.6122448979591837,0.6,7.244897959183673,7.1,9.295918367346939,0.0
2025-02-03 01:31:00,91,0.0,0.0,1.2346938775510203,1.21,0.6122448979591837,0.6,7.040816326530613,6.9,8.887755102040817,0.0
2025-02-03 01:32:00,92,0.0,0.0,1.2142857142857142,1.19,0.6122448979591837,0.6,8.061224489795919,7.900000000000001,9.887755102040817,0.0
2025-02-03 01:33:00,93,0.0,0.0,1.193877551020408,1.17,0.6122448979591837,0.6,9.183673469387756,9.0,10.989795918367347,0.0
2025-02-03 01:34:00,94,0.0,0.0,1.153061224489796,1.1300000000000001,0.6122448979591837,0.6,7.346938775510205,7.2,9.112244897959185,0.0
2025-02-03 01:35:00,95,0.0,0.0,1.5,1.47,0.6122448979591837,0.6,7.448979591836735,7.3,9.561224489795919,0.0
2025-02-03 01:36:00,96,0.0,0.0,1.6122448979591837,1.58,0.6122448979591837,0.6,7.448979591836735,7.3,9.673469387755102,0.0
2025-02-03 01:37:00,97,0.0,0.0,1.5612244897959187,1.53,0.6122448979591837,0.6,7.551020408163265,7.4,9.724489795918368,0.0
2025-02-03 01:38:00,98,0.0,0.0,1.5816326530612246,1.55,0.6122448979591837,0.6,8.673469387755102,8.5,10.86734693877551,0.0
2025-02-03 01:39:00,99,0.0,0.0,1.2448979591836735,1.22,0.6122448979591837,0.6,9.489795918367347,9.3,11.346938775510205,0.0
2025-02-03 01:40:00,100,0.0,0.0,1.5918367346938778,1.56,0.6122448979591837,0.6,8.673469387755102,8.5,10.877551020408163,0.0
2025-02-03 01:41:00,101,0.0,0.0,2.693877551020408,2.6399999999999997,0.6122448979591837,0.6,8.061224489795919,7.900000000000001,11.36734693877551,0.0
2025-02-03 01:42:00,102,0.0,0.0,3.244897959183674,3.18,0.6122448979591837,0.6,7.448979591836735,7.3,11.306122448979593,0.0
2025-02-03 01:43:00,103,0.0,0.0,2.13265306122449,2.09,0.6122448979591837,0.6,7.448979591836735,7.3,10.193877551020407,0.0
2025-02-03 01:44:00,104,0.0,0.0,2.0510204081632653,2.0100000000000002,0.6122448979591837,0.6,8.673469387755102,8.5,11.33673469387755,0.0
2025-02-03 01:45:00,105,0.0,0.0,2.1530612244897966,2.1100000000000003,0.6122448979591837,0.6,9.081632653061224,8.9,11.846938775510205,0.0
2025-02-03 01:46:00,106,0.0,0.0,2.13265306122449,2.09,0.6122448979591837,0.6,7.346938775510205,7.2,10.091836734693878,0.0
2025-02-03 01:47:00,107,0.0,0.0,1.7244897959183674,1.69,0.6122448979591837,0.6,7.346938775510205,7.2,9.683673469387756,0.0
2025-02-03 01:48:00,108,0.0,0.0,1.7346938775510206,1.7,0.7142857142857142,0.7,7.346938775510205,7.2,9.795918367346939,0.0
2025-02-03 01:49:00,109,0.0,0.0,1.6938775510204085,1.6600000000000001,0.7142857142857142,0.7,7.448979591836735,7.3,9.857142857142858,0.0
2025-02-03 01:50:00,110,0.0,0.0,1.510204081632653,1.48,0.7142857142857142,0.7,8.571428571428573,8.4,10.795918367346939,0.0
2025-02-03 01:51:00,111,0.0,0.0,1.5,1.47,0.7142857142857142,0.7,8.775510204081634,8.6,10.98979591836735,0.0
2025-02-03 01:52:00,112,0.0,0.0,1.5204081632653061,1.49,0.7142857142857142,0.7,7.346938775510205,7.2,9.581632653061225,0.0
2025-02-03 01:53:00,113,0.0,0.0,1.4489795918367347,1.42,0.7142857142857142,0.7,7.346938775510205,7.2,9.510204081632653,0.0
2025-02-03 01:54:00,114,0.0,0.0,1.4285714285714284,1.4,0.7142857142857142,0.7,7.346938775510205,7.2,9.489795918367347,0.0
2025-02-03 01:55:00,115,0.0,0.0,1.2040816326530615,1.1800000000000002,0.7142857142857142,0.7,7.448979591836735,7.3,9.367346938775508,0.0
2025-02-03 01:56:00,116,0.0,0.0,1.183673469387755,1.16,0.7142857142857142,0.7,8.469387755102042,8.3,10.36734693877551,0.0
2025-02-03 01:57:00,117,0.0,0.0,1.489795918367347,1.46,0.7142857142857142,0.7,9.285714285714286,9.1,11.489795918367347,0.0
2025-02-03 01:58:00,118,0.0,0.0,1.489795918367347,1.46,0.7142857142857142,0.7,7.244897959183673,7.1,9.448979591836734,0.0
2025-02-03 01:59:00,119,0.0,0.0,1.469387755102041,1.44,0.7142857142857142,0.7,7.959183673469388,7.800000000000001,10.142857142857144,0.0
2025-02-03 02:00:00,120,0.0,0.0,1.5510204081632653,1.52,0.7142857142857142,0.7,8.061224489795919,7.900000000000001,10.326530612244898,0.0
2025-02-03 02:01:00,121,0.0,0.0,2.1734693877551017,2.13,0.7142857142857142,0.7,7.448979591836735,7.3,10.33673469387755,0.0
2025-02-03 02:02:00,122,0.0,0.0,2.1530612244897966,2.1100000000000003,0.7142857142857142,0.7,8.469387755102042,8.3,11.336734693877553,0.0
2025-02-03 02:03:00,123,0.0,0.0,2.1224489795918364,2.08,0.7142857142857142,0.7,9.081632653061224,8.9,11.918367346938776,0.0
2025-02-03 02:04:00,124,0.0,0.0,1.0918367346938773,1.0699999999999998,0.7142857142857142,0.7,8.979591836734693,8.8,10.785714285714286,0.0
2025-02-03 02:05:00,125,0.0,0.0,1.7448979591836737,1.7100000000000002,0.7142857142857142,0.7,7.959183673469388,7.800000000000001,10.418367346938776,0.0
2025-02-03 02:06:00,126,0.0,0.0,3.0510204081632653,2.9899999999999998,0.7142857142857142,0.7,8.061224489795919,7.900000000000001,11.826530612244898,0.0
2025-02-03 02:07:00,127,0.0,0.0,2.7448979591836733,2.69,0.7142857142857142,0.7,7.448979591836735,7.3,10.908163265306122,0.0
2025-02-03 02:08:00,128,0.0,0.0,1.6326530612244898,1.6,0.7142857142857142,0.7,7.653061224489796,7.5,10.000000000000002,0.0
2025-02-03 02:09:00,129,0.0,0.0,1.7755102040816322,1.7399999999999998,0.6122448979591837,0.6,9.183673469387756,9.0,11.57142857142857,0.0
2025-02-03 02:10:00,130,0.0,0.0,1.7857142857142858,1.75,0.6122448979591837,0.6,8.979591836734693,8.8,11.377551020408164,0.0
2025-02-03 02:11:00,131,0.0,0.0,1.7551020408163265,1.72,0.7142857142857142,0.7,7.346938775510205,7.2,9.816326530612246,0.0
2025-02-03 02:12:00,132,0.0,0.0,1.673469387755102,1.64,0.6122448979591837,0.6,7.346938775510205,7.2,9.63265306122449,0.0
2025-02-03 02:13:00,133,0.0,0.0,1.193877551020408,1.17,0.7142857142857142,0.7,7.448979591836735,7.3,9.357142857142858,0.0
2025-02-03 02:14:00,134,0.0,0.0,1.5612244897959187,1.53,0.7142857142857142,0.7,7.448979591836735,7.3,9.724489795918368,0.0
2025-02-03 02:15:00,135,0.0,0.0,1.5408163265306123,1.51,0.7142857142857142,0.7,7.959183673469388,7.800000000000001,10.214285714285715,0.0
2025-02-03 02:16:00,136,0.0,0.0,1.510204081632653,1.48,0.7142857142857142,0.7,8.673469387755102,8.5,10.897959183673468,0.0
2025-02-03 02:17:00,137,0.0,0.0,1.459183673469388,1.4300000000000002,0.6122448979591837,0.6,7.040816326530613,6.9,9.112244897959185,0.0
2025-02-03 02:18:00,138,0.0,0.0,1.4489795918367347,1.42,0.7142857142857142,0.7,7.040816326530613,6.9,9.204081632653061,0.0
2025-02-03 02:19:00,139,0.0,0.0,1.4387755102040816,1.41,0.7142857142857142,0.7,6.530612244897959,6.4,8.683673469387756,0.0
2025-02-03 02:20:00,140,0.0,0.0,1.469387755102041,1.44,0.6122448979591837,0.6,6.530612244897959,6.4,8.612244897959185,0.0
2025-02-03 02:21:00,141,0.0,0.0,1.0918367346938773,1.0699999999999998,0.7142857142857142,0.7,7.959183673469388,7.800000000000001,9.76530612244898,0.0
2025-02-03 02:22:00,142,0.0,0.0,1.0918367346938773,1.0699999999999998,0.7142857142857142,0.7,8.061224489795919,7.900000000000001,9.86734693877551,0.0
2025-02-03 02:23:00,143,0.0,0.0,3.9693877551020402,3.8899999999999997,0.6122448979591837,0.6,6.428571428571428,6.3,11.010204081632653,0.0
2025-02-03 02:24:00,144,0.0,0.0,3.295918367346938,3.2299999999999995,0.7142857142857142,0.7,6.428571428571428,6.3,10.43877551020408,0.0
2025-02-03 02:25:00,145,0.0,0.0,3.6530612244897958,3.5799999999999996,0.7142857142857142,0.7,6.530612244897959,6.4,10.89795918367347,0.0
2025-02-03 02:26:00,146,0.0,0.0,3.2755102040816326,3.21,0.7142857142857142,0.7,6.632653061224491,6.5,10.622448979591837,0.0
2025-02-03 02:27:00,147,0.0,0.0,1.1326530612244898,1.1099999999999999,0.6122448979591837,0.6,7.857142857142858,7.699999999999999,9.60204081632653,0.0
2025-02-03 02:28:00,148,0.0,0.0,1.1020408163265307,1.08,0.6122448979591837,0.6,8.061224489795919,7.900000000000001,9.775510204081634,0.0
2025-02-03 02:29:00,149,0.0,0.0,1.6428571428571428,1.61,0.6122448979591837,0.6,6.326530612244898,6.2,8.581632653061225,0.0
2025-02-03 02:30:00,150,0.0,0.0,1.6428571428571428,1.61,0.6122448979591837,0.6,6.326530612244898,6.2,8.581632653061225,0.0
2025-02-03 02:31:00,151,0.0,0.0,4.020408163265306,3.94,0.7142857142857142,0.7,6.428571428571428,6.3,11.163265306122447,0.0
2025-02-03 02:32:00,152,0.0,0.0,4.071428571428571,3.9899999999999993,0.7142857142857142,0.7,6.530612244897959,6.4,11.316326530612246,0.0
2025-02-03 02:33:00,153,0.0,0.0,1.9795918367346936,1.94,0.6122448979591837,0.6,7.346938775510205,7.2,9.938775510204081,0.0
2025-02-03 02:34:00,154,0.0,0.0,1.989795918367347,1.9500000000000002,0.7142857142857142,0.7,8.16326530612245,8.0,10.86734693877551,0.0
2025-02-03 02:35:00,155,0.0,0.0,2.0306122448979593,1.9899999999999998,0.7142857142857142,0.7,7.142857142857143,7.0,9.887755102040817,0.0
2025-02-03 02:36:00,156,0.0,0.0,1.989795918367347,1.9500000000000002,0.7142857142857142,0.7,6.428571428571428,6.3,9.13265306122449,0.0
2025-02-03 02:37:00,157,0.0,0.0,2.1020408163265305,2.06,0.7142857142857142,0.7,7.346938775510205,7.2,10.16326530612245,0.0
2025-02-03 02:38:00,158,0.0,0.0,1.8775510204081631,1.8399999999999999,0.7142857142857142,0.7,7.448979591836735,7.3,10.040816326530614,0.0
2025-02-03 02:39:00,159,0.0,0.0,1.8367346938775513,1.8,0.7142857142857142,0.7,7.857142857142858,7.699999999999999,10.408163265306124,0.0
2025-02-03 02:40:00,160,0.0,0.0,1.183673469387755,1.16,0.7142857142857142,0.7,9.081632653061224,8.9,10.979591836734693,0.0
2025-02-03 02:41:00,161,0.0,0.0,1.173469387755102,1.15,0.6122448979591837,0.6,9.081632653061224,8.9,10.86734693877551,0.0
2025-02-03 02:42:00,162,0.0,0.0,1.2244897959183674,1.2,0.7142857142857142,0.7,7.346938775510205,7.2,9.285714285714286,0.0
2025-02-03 02:43:00,163,0.0,0.0,1.173469387755102,1.15,0.7142857142857142,0.7,7.346938775510205,7.2,9.23469387755102,0.0
2025-02-03 02:44:00,164,0.0,0.0,1.183673469387755,1.16,0.7142857142857142,0.7,7.448979591836735,7.3,9.346938775510203,0.0
2025-02-03 02:45:00,165,0.0,0.0,1.2040816326530615,1.1800000000000002,0.7142857142857142,0.7,7.346938775510205,7.2,9.26530612244898,0.0
2025-02-03 02:46:00,166,0.0,0.0,1.1326530612244898,1.1099999999999999,0.7142857142857142,0.7,10.408163265306122,10.2,12.255102040816325,0.0
2025-02-03 02:47:00,167,0.0,0.0,1.5510204081632653,1.52,0.7142857142857142,0.7,10.204081632653061,10.0,12.469387755102039,0.0
2025-02-03 02:48:00,168,0.0,0.0,1.7346938775510206,1.7,0.6122448979591837,0.6,7.346938775510205,7.2,9.693877551020408,0.0
2025-02-03 02:49:00,169,0.0,0.0,1.5408163265306123,1.51,0.6122448979591837,0.6,7.346938775510205,7.2,9.500000000000002,0.0
2025-02-03 02:50:00,170,0.0,0.0,1.459183673469388,1.4300000000000002,0.6122448979591837,0.6,7.448979591836735,7.3,9.520408163265307,0.0
2025-02-03 02:51:00,171,0.0,0.0,1.4387755102040816,1.41,0.6122448979591837,0.6,7.448979591836735,7.3,9.5,0.0
2025-02-03 02:52:00,172,0.0,0.0,2.081632653061225,2.04,0.7142857142857142,0.7,8.571428571428573,8.4,11.367346938775512,0.0
2025-02-03 02:53:00,173,0.0,0.0,2.0000000000000004,1.9600000000000002,0.7142857142857142,0.7,8.775510204081634,8.6,11.48979591836735,0.0
2025-02-03 02:54:00,174,0.0,0.0,1.704081632653061,1.67,0.7142857142857142,0.7,7.346938775510205,7.2,9.76530612244898,0.0
2025-02-03 02:55:00,175,0.0,0.0,1.9693877551020413,1.9300000000000002,0.7142857142857142,0.7,7.346938775510205,7.2,10.030612244897961,0.0
2025-02-03 02:56:00,176,0.0,0.0,2.724489795918367,2.67,0.7142857142857142,0.7,7.551020408163265,7.4,10.989795918367347,0.0
2025-02-03 02:57:00,177,0.0,0.0,2.724489795918367,2.67,0.7142857142857142,0.7,7.448979591836735,7.3,10.887755102040817,0.0
2025-02-03 02:58:00,178,0.0,0.0,1.673469387755102,1.64,0.7142857142857142,0.7,9.387755102040815,9.2,11.775510204081632,0.0
2025-02-03 02:59:00,179,0.0,0.0,1.704081632653061,1.67,0.7142857142857142,0.7,9.591836734693878,9.4,12.010204081632653,0.0
2025-02-03 03:00:00,180,0.0,0.0,1.6428571428571428,1.61,0.7142857142857142,0.7,8.571428571428573,8.4,10.92857142857143,0.0
2025-02-03 03:01:00,181,0.0,0.0,1.2755102040816326,1.25,0.7142857142857142,0.7,7.959183673469388,7.800000000000001,9.948979591836734,0.0
2025-02-03 03:02:00,182,0.0,0.0,1.0612244897959182,1.04,0.7142857142857142,0.7,7.959183673469388,7.800000000000001,9.73469387755102,0.0
2025-02-03 03:03:00,183,0.0,0.0,1.0816326530612246,1.06,0.7142857142857142,0.7,7.346938775510205,7.2,9.142857142857144,0.0
2025-02-03 03:04:00,184,0.0,0.0,1.1326530612244898,1.1099999999999999,0.7142857142857142,0.7,8.16326530612245,8.0,10.010204081632653,0.0
2025-02-03 03:05:00,185,0.0,0.0,1.469387755102041,1.44,0.7142857142857142,0.7,8.775510204081634,8.6,10.95918367346939,0.0
2025-02-03 03:06:00,186,0.0,0.0,1.469387755102041,1.44,0.7142857142857142,0.7,7.959183673469388,7.800000000000001,10.142857142857144,0.0
2025-02-03 03:07:00,187,0.0,0.0,1.5306122448979593,1.5,0.7142857142857142,0.7,7.346938775510205,7.2,9.591836734693878,0.0
2025-02-03 03:08:00,188,0.0,0.0,1.673469387755102,1.64,0.7142857142857142,0.7,7.346938775510205,7.2,9.73469387755102,0.0
2025-02-03 03:09:00,189,0.0,0.0,1.3877551020408163,1.3599999999999999,0.7142857142857142,0.7,7.448979591836735,7.3,9.551020408163264,0.0
2025-02-03 03:10:00,190,0.0,0.0,1.8367346938775513,1.8,0.7142857142857142,0.7,7.755102040816325,7.599999999999999,10.30612244897959,0.0
2025-02-03 03:11:00,191,0.0,0.0,1.816326530612245,1.78,0.7142857142857142,0.7,9.285714285714286,9.1,11.816326530612246,0.0
2025-02-03 03:12:00,192,0.0,0.0,1.4795918367346939,1.45,0.7142857142857142,0.7,8.877551020408163,8.7,11.071428571428573,0.0
2025-02-03 03:13:00,193,0.0,0.0,1.510204081632653,1.48,0.6122448979591837,0.6,7.959183673469388,7.800000000000001,10.081632653061224,0.0
2025-02-03 03:14:00,194,0.0,0.0,1.4387755102040816,1.41,0.6122448979591837,0.6,7.959183673469388,7.800000000000001,10.010204081632653,0.0
2025-02-03 03:15:00,195,0.0,0.0,1.7244897959183674,1.69,0.7142857142857142,0.7,7.448979591836735,7.3,9.887755102040817,0.0
2025-02-03 03:16:00,196,0.0,0.0,1.806122448979592,1.77,0.7142857142857142,0.7,7.448979591836735,7.3,9.96938775510204,0.0
2025-02-03 03:17:00,197,0.0,0.0,1.857142857142857,1.8199999999999998,0.7142857142857142,0.7,8.571428571428573,8.4,11.142857142857142,0.0
2025-02-03 03:18:00,198,0.0,0.0,1.397959183673469,1.3699999999999999,0.7142857142857142,0.7,8.979591836734693,8.8,11.091836734693876,0.0
2025-02-03 03:19:00,199,0.0,0.0,1.6428571428571428,1.61,0.6122448979591837,0.6,7.244897959183673,7.1,9.5,0.0
2025-02-03 03:20:00,200,0.0,0.0,1.6632653061224492,1.6300000000000001,0.6122448979591837,0.6,7.346938775510205,7.2,9.622448979591837,0.0
2025-02-03 03:21:00,201,0.0,0.0,3.091836734693878,3.0300000000000002,0.6122448979591837,0.6,7.346938775510205,7.2,11.051020408163266,0.0
2025-02-03 03:22:00,202,0.0,0.0,3.0612244897959187,3.0,0.7142857142857142,0.7,7.346938775510205,7.2,11.122448979591837,0.0
2025-02-03 03:23:00,203,0.0,0.0,2.010204081632653,1.97,0.7142857142857142,0.7,7.959183673469388,7.800000000000001,10.683673469387754,0.0
2025-02-03 03:24:00,204,0.0,0.0,2.6224489795918364,2.57,0.7142857142857142,0.7,8.775510204081634,8.6,12.112244897959185,0.0
2025-02-03 03:25:00,205,0.0,0.0,2.6326530612244903,2.58,0.7142857142857142,0.7,7.040816326530613,6.9,10.387755102040817,0.0
2025-02-03 03:26:00,206,0.0,0.0,2.071428571428572,2.0300000000000002,0.7142857142857142,0.7,6.326530612244898,6.2,9.112244897959185,0.0
2025-02-03 03:27:00,207,0.0,0.0,1.7755102040816322,1.7399999999999998,0.7142857142857142,0.7,7.040816326530613,6.9,9.53061224489796,0.0
2025-02-03 03:28:00,208,0.0,0.0,1.5,1.47,0.7142857142857142,0.7,7.142857142857143,7.0,9.357142857142858,0.0
2025-02-03 03:29:00,209,0.0,0.0,1.469387755102041,1.44,0.7142857142857142,0.7,7.346938775510205,7.2,9.53061224489796,0.0
2025-02-03 03:30:00,210,0.0,0.0,1.489795918367347,1.46,0.7142857142857142,0.7,7.959183673469388,7.800000000000001,10.16326530612245,0.0
2025-02-03 03:31:00,211,0.0,0.0,1.153061224489796,1.1300000000000001,0.7142857142857142,0.7,7.959183673469388,7.800000000000001,9.826530612244898,0.0
2025-02-03 03:32:00,212,0.0,0.0,1.1224489795918366,1.1,0.7142857142857142,0.7,6.326530612244898,6.2,8.16326530612245,0.0
2025-02-03 03:33:00,213,0.0,0.0,1.3265306122448979,1.3,0.7142857142857142,0.7,6.428571428571428,6.3,8.46938775510204,0.0
2025-02-03 03:34:00,214,0.0,0.0,1.5,1.47,0.7142857142857142,0.7,6.428571428571428,6.3,8.642857142857142,0.0
2025-02-03 03:35:00,215,0.0,0.0,1.112244897959184,1.09,0.7142857142857142,0.7,6.530612244897959,6.4,8.357142857142858,0.0
2025-02-03 03:36:00,216,0.0,0.0,1.3265306122448979,1.3,0.7142857142857142,0.7,8.673469387755102,8.5,10.714285714285714,0.0
2025-02-03 03:37:00,217,0.0,0.0,1.2244897959183674,1.2,0.7142857142857142,0.7,8.775510204081634,8.6,10.714285714285715,0.0
2025-02-03 03:38:00,218,0.0,0.0,1.2653061224489797,1.24,0.6122448979591837,0.6,6.326530612244898,6.2,8.204081632653061,0.0
2025-02-03 03:39:00,219,0.0,0.0,1.5204081632653061,1.49,0.7142857142857142,0.7,6.326530612244898,6.2,8.561224489795919,0.0
2025-02-03 03:40:00,220,0.0,0.0,1.5,1.47,0.7142857142857142,0.7,6.428571428571428,6.3,8.642857142857142,0.0
2025-02-03 03:41:00,221,0.0,0.0,1.4285714285714284,1.4,0.7142857142857142,0.7,6.530612244897959,6.4,8.673469387755102,0.0
2025-02-03 03:42:00,222,0.0,0.0,2.010204081632653,1.97,0.7142857142857142,0.7,7.448979591836735,7.3,10.173469387755102,0.0
2025-02-03 03:43:00,223,0.0,0.0,2.061224489795918,2.02,0.7142857142857142,0.7,7.959183673469388,7.800000000000001,10.73469387755102,0.0
2025-02-03 03:44:00,224,0.0,0.0,2.673469387755102,2.62,0.7142857142857142,0.7,7.959183673469388,7.800000000000001,11.346938775510205,0.0
2025-02-03 03:45:00,225,0.0,0.0,2.6530612244897958,2.6,0.6122448979591837,0.6,6.428571428571428,6.3,9.693877551020408,0.0
2025-02-03 03:46:00,226,0.0,0.0,3.346938775510204,3.28,0.6122448979591837,0.6,6.428571428571428,6.3,10.387755102040817,0.0
2025-02-03 03:47:00,227,0.0,0.0,2.6836734693877546,2.63,0.7142857142857142,0.7,6.530612244897959,6.4,9.928571428571429,0.0
2025-02-03 03:48:00,228,0.0,0.0,1.683673469387755,1.65,0.7142857142857142,0.7,7.448979591836735,7.3,9.846938775510203,0.0
2025-02-03 03:49:00,229,0.0,0.0,2.010204081632653,1.97,0.7142857142857142,0.7,8.979591836734693,8.8,11.704081632653061,0.0
2025-02-03 03:50:00,230,0.0,0.0,1.6428571428571428,1.61,0.6122448979591837,0.6,8.877551020408163,8.7,11.13265306122449,0.0
2025-02-03 03:51:00,231,0.0,0.0,1.7244897959183674,1.69,0.7142857142857142,0.7,7.244897959183673,7.1,9.683673469387756,0.0
2025-02-03 03:52:00,232,0.0,0.0,1.795918367346939,1.7600000000000002,0.7142857142857142,0.7,7.346938775510205,7.2,9.85714285714286,0.0
2025-02-03 03:53:00,233,0.0,0.0,1.1428571428571428,1.1199999999999999,0.6122448979591837,0.6,7.346938775510205,7.2,9.102040816326532,0.0
2025-02-03 03:54:00,234,0.0,0.0,1.112244897959184,1.09,0.6122448979591837,0.6,7.346938775510205,7.2,9.071428571428573,0.0
2025-02-03 03:55:00,235,0.0,0.0,1.4285714285714284,1.4,0.7142857142857142,0.7,8.979591836734693,8.8,11.122448979591836,0.0
2025-02-03 03:56:00,236,0.0,0.0,1.7244897959183674,1.69,0.7142857142857142,0.7,8.979591836734693,8.8,11.418367346938776,0.0
2025-02-03 03:57:00,237,0.0,0.0,1.5,1.47,0.7142857142857142,0.7,7.244897959183673,7.1,9.459183673469388,0.0
2025-02-03 03:58:00,238,0.0,0.0,1.4081632653061227,1.3800000000000001,0.7142857142857142,0.7,7.346938775510205,7.2,9.469387755102042,0.0
2025-02-03 03:59:00,239,0.0,0.0,1.4795918367346939,1.45,0.6122448979591837,0.6,7.448979591836735,7.3,9.540816326530612,0.0
2025-02-03 04:00:00,240,0.0,0.0,1.7653061224489797,1.73,0.6122448979591837,0.6,7.448979591836735,7.3,9.826530612244898,0.0
2025-02-03 04:01:00,241,0.0,0.0,4.061224489795919,3.9799999999999995,0.7142857142857142,0.7,9.387755102040815,9.2,14.163265306122447,0.0
2025-02-03 04:02:00,242,0.0,0.0,3.7448979591836737,3.6700000000000004,0.7142857142857142,0.7,9.591836734693878,9.4,14.051020408163268,0.0
2025-02-03 04:03:00,243,0.0,0.0,3.387755102040817,3.3200000000000003,0.6122448979591837,0.6,7.346938775510205,7.2,11.346938775510205,0.0
2025-02-03 04:04:00,244,0.0,0.0,3.408163265306122,3.34,0.7142857142857142,0.7,7.346938775510205,7.2,11.46938775510204,0.0
2025-02-03 04:05:00,245,0.0,0.0,1.2040816326530615,1.1800000000000002,0.7142857142857142,0.7,7.346938775510205,7.2,9.26530612244898,0.0
2025-02-03 04:06:00,246,0.0,0.0,1.704081632653061,1.67,0.7142857142857142,0.7,7.448979591836735,7.3,9.86734693877551,0.0
2025-02-03 04:07:00,247,0.0,0.0,1.7346938775510206,1.7,0.6122448979591837,0.6,8.16326530612245,8.0,10.510204081632654,0.0
2025-02-03 04:08:00,248,0.0,0.0,1.7551020408163265,1.72,0.6122448979591837,0.6,9.081632653061224,8.9,11.448979591836736,0.0
2025-02-03 04:09:00,249,0.0,0.0,1.6938775510204085,1.6600000000000001,0.7142857142857142,0.7,9.081632653061224,8.9,11.489795918367347,0.0
2025-02-03 04:10:00,250,0.0,0.0,1.6938775510204085,1.6600000000000001,0.7142857142857142,0.7,7.244897959183673,7.1,9.653061224489795,0.0
2025-02-03 04:11:00,251,0.0,0.0,2.724489795918367,2.67,0.7142857142857142,0.7,8.061224489795919,7.900000000000001,11.5,0.0
2025-02-03 04:12:00,252,0.0,0.0,3.0,2.94,0.7142857142857142,0.7,7.959183673469388,7.800000000000001,11.673469387755103,0.0
2025-02-03 04:13:00,253,0.0,0.0,2.0408163265306123,2.0,0.6122448979591837,0.6,7.448979591836735,7.3,10.102040816326532,0.0
2025-02-03 04:14:00,254,0.0,0.0,1.7857142857142858,1.75,0.7142857142857142,0.7,8.979591836734693,8.8,11.479591836734695,0.0
2025-02-03 04:15:00,255,0.0,0.0,1.795918367346939,1.7600000000000002,0.7142857142857142,0.7,8.775510204081634,8.6,11.285714285714286,0.0
2025-02-03 04:16:00,256,0.0,0.0,1.7346938775510206,1.7,0.7142857142857142,0.7,7.959183673469388,7.800000000000001,10.408163265306124,0.0
2025-02-03 04:17:00,257,0.0,0.0,1.8469387755102042,1.81,0.6122448979591837,0.6,7.959183673469388,7.800000000000001,10.418367346938776,0.0
2025-02-03 04:18:00,258,0.0,0.0,1.469387755102041,1.44,0.7142857142857142,0.7,7.959183673469388,7.800000000000001,10.142857142857144,0.0
2025-02-03 04:19:00,259,0.0,0.0,1.1428571428571428,1.1199999999999999,0.7142857142857142,0.7,8.061224489795919,7.900000000000001,9.918367346938776,0.0
2025-02-03 04:20:00,260,0.0,0.0,1.1224489795918366,1.1,0.7142857142857142,0.7,8.571428571428573,8.4,10.408163265306124,0.0
2025-02-03 04:21:00,261,0.0,0.0,1.1020408163265307,1.08,0.7142857142857142,0.7,8.775510204081634,8.6,10.59183673469388,0.0
2025-02-03 04:22:00,262,0.0,0.0,1.112244897959184,1.09,0.7142857142857142,0.7,7.346938775510205,7.2,9.173469387755103,0.0
2025-02-03 04:23:00,263,0.0,0.0,1.193877551020408,1.17,0.6122448979591837,0.6,7.346938775510205,7.2,9.153061224489797,0.0
2025-02-03 04:24:00,264,0.0,0.0,1.4387755102040816,1.41,0.7142857142857142,0.7,7.346938775510205,7.2,9.5,0.0
2025-02-03 04:25:00,265,0.0,0.0,1.7755102040816322,1.7399999999999998,0.7142857142857142,0.7,7.346938775510205,7.2,9.83673469387755,0.0
2025-02-03 04:26:00,266,0.0,0.0,1.0714285714285716,1.05,0.6122448979591837,0.6,8.571428571428573,8.4,10.255102040816327,0.0
2025-02-03 04:27:00,267,0.0,0.0,1.112244897959184,1.09,0.6122448979591837,0.6,9.693877551020407,9.5,11.418367346938775,0.0
2025-02-03 04:28:00,268,0.0,0.0,1.5306122448979593,1.5,0.7142857142857142,0.7,7.959183673469388,7.800000000000001,10.204081632653063,0.0
2025-02-03 04:29:00,269,0.0,0.0,3.030612244897959,2.9699999999999998,0.7142857142857142,0.7,7.244897959183673,7.1,10.989795918367346,0.0
2025-02-03 04:30:00,270,0.0,0.0,2.724489795918367,2.67,0.7142857142857142,0.7,7.346938775510205,7.2,10.785714285714286,0.0
2025-02-03 04:31:00,271,0.0,0.0,2.6428571428571432,2.59,0.7142857142857142,0.7,7.448979591836735,7.3,10.806122448979592,0.0
2025-02-03 04:32:00,272,0.0,0.0,2.0510204081632653,2.0100000000000002,0.7142857142857142,0.7,7.551020408163265,7.4,10.316326530612246,0.0
2025-02-03 04:33:00,273,0.0,0.0,1.9795918367346936,1.94,0.7142857142857142,0.7,9.081632653061224,8.9,11.775510204081632,0.0
2025-02-03 04:34:00,274,0.0,0.0,2.0510204081632653,2.0100000000000002,0.7142857142857142,0.7,9.081632653061224,8.9,11.846938775510205,0.0
2025-02-03 04:35:00,275,0.0,0.0,4.173469387755102,4.09,0.6122448979591837,0.6,6.428571428571428,6.3,11.214285714285715,0.0
2025-02-03 04:36:00,276,0.0,0.0,5.071428571428572,4.970000000000001,0.6122448979591837,0.6,6.428571428571428,6.3,12.112244897959183,0.0
2025-02-03 04:37:00,277,0.0,0.0,9.193877551020408,9.01,0.7142857142857142,0.7,6.428571428571428,6.3,16.336734693877553,0.0
2025-02-03 04:38:00,278,0.0,0.0,7.6734693877551035,7.520000000000001,0.7142857142857142,0.7,6.530612244897959,6.4,14.918367346938776,0.0
2025-02-03 04:39:00,279,0.0,0.0,5.448979591836734,5.34,0.7142857142857142,0.7,7.959183673469388,7.800000000000001,14.122448979591837,0.0
2025-02-03 04:40:00,280,0.0,0.0,5.408163265306123,5.3,0.7142857142857142,0.7,7.959183673469388,7.800000000000001,14.081632653061225,0.0
2025-02-03 04:41:00,281,0.0,0.0,3.3265306122448983,3.2600000000000002,0.6122448979591837,0.6,6.326530612244898,6.2,10.26530612244898,0.0
2025-02-03 04:42:00,282,0.0,0.0,1.0918367346938773,1.0699999999999998,0.6122448979591837,0.6,6.428571428571428,6.3,8.132653061224488,0.0
2025-02-03 04:43:00,283,0.0,0.0,1.1428571428571428,1.1199999999999999,0.7142857142857142,0.7,6.428571428571428,6.3,8.285714285714285,0.0
2025-02-03 04:44:00,284,0.0,0.0,1.1224489795918366,1.1,0.7142857142857142,0.7,6.428571428571428,6.3,8.26530612244898,0.0
2025-02-03 04:45:00,285,0.0,0.0,1.4183673469387756,1.3900000000000001,0.6122448979591837,0.6,7.857142857142858,7.699999999999999,9.887755102040817,0.0
2025-02-03 04:46:00,286,0.0,0.0,3.908163265306122,3.8299999999999996,0.7142857142857142,0.7,8.061224489795919,7.900000000000001,12.683673469387756,0.0
2025-02-03 04:47:00,287,0.0,0.0,3.908163265306122,3.8299999999999996,0.7142857142857142,0.7,6.326530612244898,6.2,10.948979591836734,0.0
2025-02-03 04:48:00,288,0.0,0.0,3.9387755102040827,3.8600000000000003,0.7142857142857142,0.7,7.040816326530613,6.9,11.693877551020408,0.0
2025-02-03 04:49:00,289,0.0,0.0,6.153061224489796,6.029999999999999,0.7142857142857142,0.7,7.142857142857143,7.0,14.010204081632653,0.0
2025-02-03 04:50:00,290,0.0,0.0,3.6632653061224487,3.59,0.7142857142857142,0.7,7.142857142857143,7.0,11.520408163265307,0.0
2025-02-03 04:51:00,291,0.0,0.0,3.6428571428571432,3.5700000000000003,0.6122448979591837,0.6,7.755102040816325,7.599999999999999,12.010204081632653,0.0
2025-02-03 04:52:00,292,0.0,0.0,3.2346938775510203,3.17,0.6122448979591837,0.6,8.061224489795919,7.900000000000001,11.908163265306122,0.0
2025-02-03 04:53:00,293,0.0,0.0,1.7653061224489797,1.73,0.7142857142857142,0.7,6.428571428571428,6.3,8.908163265306122,0.0
2025-02-03 04:54:00,294,0.0,0.0,1.704081632653061,1.67,0.7142857142857142,0.7,6.428571428571428,6.3,8.846938775510203,0.0
2025-02-03 04:55:00,295,0.0,0.0,1.6938775510204085,1.6600000000000001,0.7142857142857142,0.7,7.142857142857143,7.0,9.551020408163266,0.0
2025-02-03 04:56:00,296,0.0,0.0,1.806122448979592,1.77,0.7142857142857142,0.7,7.142857142857143,7.0,9.66326530612245,0.0
2025-02-03 04:57:00,297,0.0,0.0,1.7551020408163265,1.72,0.7142857142857142,0.7,6.938775510204082,6.8,9.408163265306122,0.0
2025-02-03 04:58:00,298,0.0,0.0,2.4489795918367347,2.4,0.7142857142857142,0.7,8.16326530612245,8.0,11.326530612244898,0.0
2025-02-03 04:59:00,299,0.0,0.0,2.418367346938776,2.37,0.7142857142857142,0.7,8.673469387755102,8.5,11.806122448979592,0.0
2025-02-03 05:00:00,300,0.0,0.0,2.6122448979591835,2.56,0.7142857142857142,0.7,7.244897959183673,7.1,10.571428571428571,0.0
2025-02-03 05:01:00,301,0.0,0.0,2.7142857142857144,2.66,0.7142857142857142,0.7,7.346938775510205,7.2,10.775510204081634,0.0
2025-02-03 05:02:00,302,0.0,0.0,2.8163265306122454,2.7600000000000002,0.7142857142857142,0.7,7.346938775510205,7.2,10.877551020408164,0.0
2025-02-03 05:03:00,303,0.0,0.0,1.489795918367347,1.46,0.7142857142857142,0.7,7.755102040816325,7.599999999999999,9.959183673469386,0.0
2025-02-03 05:04:00,304,0.0,0.0,2.1836734693877546,2.1399999999999997,0.6122448979591837,0.6,9.081632653061224,8.9,11.877551020408163,0.0
2025-02-03 05:05:00,305,0.0,0.0,2.0918367346938775,2.05,0.6122448979591837,0.6,9.081632653061224,8.9,11.785714285714285,0.0
2025-02-03 05:06:00,306,0.0,0.0,1.704081632653061,1.67,0.7142857142857142,0.7,7.244897959183673,7.1,9.66326530612245,0.0
2025-02-03 05:07:00,307,0.0,0.0,1.469387755102041,1.44,0.7142857142857142,0.7,7.346938775510205,7.2,9.53061224489796,0.0
2025-02-03 05:08:00,308,0.0,0.0,1.5,1.47,0.7142857142857142,0.7,7.346938775510205,7.2,9.561224489795919,0.0
2025-02-03 05:09:00,309,0.0,0.0,1.1632653061224492,1.1400000000000001,0.7142857142857142,0.7,7.448979591836735,7.3,9.326530612244898,0.0
2025-02-03 05:10:00,310,0.0,0.0,1.469387755102041,1.44,0.7142857142857142,0.7,9.183673469387756,9.0,11.36734693877551,0.0
2025-02-03 05:11:00,311,0.0,0.0,1.510204081632653,1.48,0.6122448979591837,0.6,8.877551020408163,8.7,11.0,0.0
2025-02-03 05:12:00,312,0.0,0.0,1.5,1.47,0.7142857142857142,0.7,7.244897959183673,7.1,9.459183673469388,0.0
2025-02-03 05:13:00,313,0.0,0.0,1.1224489795918366,1.1,0.7142857142857142,0.7,7.346938775510205,7.2,9.183673469387756,0.0
2025-02-03 05:14:00,314,0.0,0.0,1.112244897959184,1.09,0.7142857142857142,0.7,7.346938775510205,7.2,9.173469387755103,0.0
2025-02-03 05:15:00,315,0.0,0.0,1.2040816326530615,1.1800000000000002,0.7142857142857142,0.7,7.346938775510205,7.2,9.26530612244898,0.0
2025-02-03 05:16:00,316,0.0,0.0,1.9387755102040813,1.8999999999999997,0.7142857142857142,0.7,8.979591836734693,8.8,11.63265306122449,0.0
2025-02-03 05:17:00,317,0.0,0.0,1.7244897959183674,1.69,0.7142857142857142,0.7,9.081632653061224,8.9,11.520408163265307,0.0
2025-02-03 05:18:00,318,0.0,0.0,1.6938775510204085,1.6600000000000001,0.7142857142857142,0.7,7.959183673469388,7.800000000000001,10.36734693877551,0.0
2025-02-03 05:19:00,319,0.0,0.0,1.989795918367347,1.9500000000000002,0.7142857142857142,0.7,7.959183673469388,7.800000000000001,10.66326530612245,0.0
2025-02-03 05:20:00,320,0.0,0.0,1.9285714285714288,1.8900000000000001,0.7142857142857142,0.7,8.061224489795919,7.900000000000001,10.704081632653063,0.0
2025-02-03 05:21:00,321,0.0,0.0,2.0408163265306123,2.0,0.7142857142857142,0.7,7.448979591836735,7.3,10.204081632653061,0.0
2025-02-03 05:22:00,322,0.0,0.0,2.071428571428572,2.0300000000000002,0.7142857142857142,0.7,8.36734693877551,8.2,11.153061224489795,0.0
2025-02-03 05:23:00,323,0.0,0.0,2.1428571428571432,2.1,0.7142857142857142,0.7,8.877551020408163,8.7,11.73469387755102,0.0
2025-02-03 05:24:00,324,0.0,0.0,2.1020408163265305,2.06,0.7142857142857142,0.7,7.142857142857143,7.0,9.959183673469388,0.0
2025-02-03 05:25:00,325,0.0,0.0,1.7653061224489797,1.73,0.6122448979591837,0.6,7.346938775510205,7.2,9.724489795918368,0.0
2025-02-03 05:26:00,326,0.0,0.0,3.13265306122449,3.07,0.7142857142857142,0.7,7.244897959183673,7.1,11.091836734693876,0.0
2025-02-03 05:27:00,327,0.0,0.0,2.8877551020408165,2.83,0.7142857142857142,0.7,7.346938775510205,7.2,10.948979591836736,0.0
2025-02-03 05:28:00,328,0.0,0.0,1.4795918367346939,1.45,0.7142857142857142,0.7,7.653061224489796,7.5,9.846938775510203,0.0
2025-02-03 05:29:00,329,0.0,0.0,1.1326530612244898,1.1099999999999999,0.6122448979591837,0.6,9.591836734693878,9.4,11.336734693877553,0.0
2025-02-03 05:30:00,330,0.0,0.0,1.1020408163265307,1.08,0.6122448979591837,0.6,9.489795918367347,9.3,11.204081632653063,0.0
2025-02-03 05:31:00,331,0.0,0.0,1.1224489795918366,1.1,0.7142857142857142,0.7,7.244897959183673,7.1,9.081632653061224,0.0
2025-02-03 05:32:00,332,0.0,0.0,1.1326530612244898,1.1099999999999999,0.7142857142857142,0.7,7.244897959183673,7.1,9.091836734693876,0.0
2025-02-03 05:33:00,333,0.0,0.0,1.1224489795918366,1.1,0.6122448979591837,0.6,7.448979591836735,7.3,9.183673469387756,0.0
2025-02-03 05:34:00,334,0.0,0.0,1.1224489795918366,1.1,0.7142857142857142,0.7,7.959183673469388,7.800000000000001,9.795918367346939,0.0
2025-02-03 05:35:00,335,0.0,0.0,1.4387755102040816,1.41,0.7142857142857142,0.7,9.489795918367347,9.3,11.642857142857142,0.0
2025-02-03 05:36:00,336,0.0,0.0,1.7448979591836737,1.7100000000000002,0.7142857142857142,0.7,8.877551020408163,8.7,11.33673469387755,0.0
2025-02-03 05:37:00,337,0.0,0.0,1.816326530612245,1.78,0.6122448979591837,0.6,7.346938775510205,7.2,9.775510204081634,0.0
2025-02-03 05:38:00,338,0.0,0.0,3.7448979591836737,3.6700000000000004,0.6122448979591837,0.6,7.346938775510205,7.2,11.704081632653063,0.0
2025-02-03 05:39:00,339,0.0,0.0,3.7959183673469394,3.72,0.7142857142857142,0.7,7.448979591836735,7.3,11.95918367346939,0.0
2025-02-03 05:40:00,340,0.0,0.0,3.826530612244898,3.75,0.7142857142857142,0.7,7.346938775510205,7.2,11.887755102040817,0.0
2025-02-03 05:41:00,341,0.0,0.0,2.0918367346938775,2.05,0.7142857142857142,0.7,8.36734693877551,8.2,11.173469387755102,0.0
2025-02-03 05:42:00,342,0.0,0.0,2.1530612244897966,2.1100000000000003,0.7142857142857142,0.7,8.775510204081634,8.6,11.642857142857144,0.0
2025-02-03 05:43:00,343,0.0,0.0,2.7755102040816326,2.7199999999999998,0.7142857142857142,0.7,7.857142857142858,7.699999999999999,11.346938775510205,0.0
2025-02-03 05:44:00,344,0.0,0.0,2.5306122448979593,2.48,0.7142857142857142,0.7,7.244897959183673,7.1,10.489795918367347,0.0
2025-02-03 05:45:00,345,0.0,0.0,2.561224489795919,2.5100000000000002,0.7142857142857142,0.7,6.530612244897959,6.4,9.806122448979593,0.0
2025-02-03 05:46:00,346,0.0,0.0,1.857142857142857,1.8199999999999998,0.7142857142857142,0.7,6.632653061224491,6.5,9.204081632653063,0.0
2025-02-03 05:47:00,347,0.0,0.0,1.806122448979592,1.77,0.7142857142857142,0.7,6.73469387755102,6.6,9.255102040816327,0.0
2025-02-03 05:48:00,348,0.0,0.0,1.8979591836734697,1.86,0.6122448979591837,0.6,8.16326530612245,8.0,10.673469387755103,0.0
2025-02-03 05:49:00,349,0.0,0.0,2.5714285714285716,2.52,0.7142857142857142,0.7,8.16326530612245,8.0,11.448979591836736,0.0
2025-02-03 05:50:00,350,0.0,0.0,2.36734693877551,2.32,0.7142857142857142,0.7,6.428571428571428,6.3,9.51020408163265,0.0
2025-02-03 05:51:00,351,0.0,0.0,1.193877551020408,1.17,0.7142857142857142,0.7,6.530612244897959,6.4,8.438775510204083,0.0
2025-02-03 05:52:00,352,0.0,0.0,1.5408163265306123,1.51,0.7142857142857142,0.7,6.530612244897959,6.4,8.785714285714286,0.0
2025-02-03 05:53:00,353,0.0,0.0,1.6632653061224492,1.6300000000000001,0.7142857142857142,0.7,6.73469387755102,6.6,9.112244897959185,0.0
2025-02-03 05:54:00,354,0.0,0.0,1.5714285714285714,1.54,0.6122448979591837,0.6,7.755102040816325,7.599999999999999,9.93877551020408,0.0
2025-02-03 05:55:00,355,0.0,0.0,1.683673469387755,1.65,0.7142857142857142,0.7,8.061224489795919,7.900000000000001,10.459183673469388,0.0
2025-02-03 05:56:00,356,0.0,0.0,1.7448979591836737,1.7100000000000002,0.7142857142857142,0.7,6.428571428571428,6.3,8.887755102040815,0.0
2025-02-03 05:57:00,357,0.0,0.0,1.469387755102041,1.44,0.7142857142857142,0.7,6.428571428571428,6.3,8.612244897959183,0.0
2025-02-03 05:58:00,358,0.0,0.0,1.4387755102040816,1.41,0.7142857142857142,0.7,6.530612244897959,6.4,8.683673469387756,0.0
2025-02-03 05:59:00,359,0.0,0.0,1.1326530612244898,1.1099999999999999,0.7142857142857142,0.7,6.632653061224491,6.5,8.479591836734693,0.0
2025-02-03 06:00:00,360,0.0,0.0,1.4795918367346939,1.45,0.7142857142857142,0.7,7.755102040816325,7.599999999999999,9.948979591836734,0.0
2025-02-03 06:01:00,361,0.0,0.0,1.469387755102041,1.44,0.7142857142857142,0.7,8.26530612244898,8.1,10.448979591836734,0.0
2025-02-03 06:02:00,362,0.0,0.0,2.2346938775510203,2.19,0.6122448979591837,0.6,6.530612244897959,6.4,9.377551020408164,0.0
2025-02-03 06:03:00,363,0.0,0.0,2.295918367346939,2.25,0.6122448979591837,0.6,6.428571428571428,6.3,9.336734693877549,0.0
2025-02-03 06:04:00,364,0.0,0.0,2.2448979591836733,2.2,0.7142857142857142,0.7,6.530612244897959,6.4,9.489795918367347,0.0
2025-02-03 06:05:00,365,0.0,0.0,2.8163265306122454,2.7600000000000002,0.6122448979591837,0.6,6.530612244897959,6.4,9.95918367346939,0.0
2025-02-03 06:06:00,366,0.0,0.0,1.7448979591836737,1.7100000000000002,0.7142857142857142,0.7,7.551020408163265,7.4,10.010204081632653,0.0
2025-02-03 06:07:00,367,0.0,0.0,1.7142857142857146,1.6800000000000002,0.7142857142857142,0.7,8.775510204081634,8.6,11.204081632653063,0.0
2025-02-03 06:08:00,368,0.0,0.0,1.7142857142857146,1.6800000000000002,0.7142857142857142,0.7,8.979591836734693,8.8,11.408163265306124,0.0
2025-02-03 06:09:00,369,0.0,0.0,2.13265306122449,2.09,0.7142857142857142,0.7,7.448979591836735,7.3,10.295918367346937,0.0
2025-02-03 06:10:00,370,0.0,0.0,2.1224489795918364,2.08,0.7142857142857142,0.7,7.448979591836735,7.3,10.285714285714286,0.0
2025-02-03 06:11:00,371,0.0,0.0,2.163265306122449,2.12,0.7142857142857142,0.7,8.16326530612245,8.0,11.040816326530612,0.0
2025-02-03 06:12:00,372,0.0,0.0,2.1530612244897966,2.1100000000000003,0.6122448979591837,0.6,8.16326530612245,8.0,10.92857142857143,0.0
2025-02-03 06:13:00,373,0.0,0.0,2.795918367346938,2.7399999999999998,0.7142857142857142,0.7,9.183673469387756,9.0,12.693877551020408,0.0
2025-02-03 06:14:00,374,0.0,0.0,2.2551020408163267,2.21,0.7142857142857142,0.7,9.89795918367347,9.7,12.86734693877551,0.0
2025-02-03 06:15:00,375,0.0,0.0,1.5408163265306123,1.51,0.6122448979591837,0.6,7.346938775510205,7.2,9.500000000000002,0.0
2025-02-03 06:16:00,376,0.0,0.0,1.5408163265306123,1.51,0.6122448979591837,0.6,7.346938775510205,7.2,9.500000000000002,0.0
2025-02-03 06:17:00,377,0.0,0.0,1.9387755102040813,1.8999999999999997,0.7142857142857142,0.7,7.448979591836735,7.3,10.10204081632653,0.0
2025-02-03 06:18:00,378,0.0,0.0,2.1020408163265305,2.06,0.6122448979591837,0.6,7.448979591836735,7.3,10.16326530612245,0.0
2025-02-03 06:19:00,379,0.0,0.0,1.183673469387755,1.16,0.6122448979591837,0.6,8.26530612244898,8.1,10.061224489795917,0.0
2025-02-03 06:20:00,380,0.0,0.0,1.2448979591836735,1.22,0.6122448979591837,0.6,8.877551020408163,8.7,10.73469387755102,0.0
2025-02-03 06:21:00,381,0.0,0.0,3.4489795918367347,3.38,0.6122448979591837,0.6,7.959183673469388,7.800000000000001,12.020408163265307,0.0
2025-02-03 06:22:00,382,0.0,0.0,3.36734693877551,3.3,0.6122448979591837,0.6,7.346938775510205,7.2,11.326530612244898,0.0
2025-02-03 06:23:00,383,0.0,0.0,3.6734693877551026,3.6,0.6122448979591837,0.6,7.346938775510205,7.2,11.632653061224492,0.0
2025-02-03 06:24:00,384,0.0,0.0,3.7244897959183674,3.65,0.6122448979591837,0.6,7.448979591836735,7.3,11.785714285714285,0.0
2025-02-03 06:25:00,385,0.0,0.0,3.734693877551021,3.66,0.6122448979591837,0.6,7.448979591836735,7.3,11.795918367346939,0.0
2025-02-03 06:26:00,386,0.0,0.0,3.7755102040816326,3.7,0.6122448979591837,0.6,8.673469387755102,8.5,13.061224489795919,0.0
2025-02-03 06:27:00,387,0.0,0.0,4.755102040816327,4.66,0.6122448979591837,0.6,8.979591836734693,8.8,14.346938775510203,0.0
2025-02-03 06:28:00,388,0.0,0.0,3.7448979591836737,3.6700000000000004,0.6122448979591837,0.6,7.448979591836735,7.3,11.806122448979592,0.0
2025-02-03 06:29:00,389,0.0,0.0,2.3265306122448983,2.2800000000000002,0.6122448979591837,0.6,7.448979591836735,7.3,10.387755102040817,0.0
2025-02-03 06:30:00,390,0.0,0.0,2.0918367346938775,2.05,0.6122448979591837,0.6,7.448979591836735,7.3,10.153061224489795,0.0
2025-02-03 06:31:00,391,0.0,0.0,2.0204081632653064,1.98,0.6122448979591837,0.6,7.551020408163265,7.4,10.183673469387756,0.0
2025-02-03 06:32:00,392,0.0,0.0,2.1122448979591835,2.07,0.6122448979591837,0.6,8.775510204081634,8.6,11.500000000000002,0.0
2025-02-03 06:33:00,393,0.0,0.0,1.673469387755102,1.64,0.7142857142857142,0.7,9.795918367346939,9.6,12.183673469387756,0.0
2025-02-03 06:34:00,394,0.0,0.0,1.673469387755102,1.64,0.7142857142857142,0.7,8.16326530612245,8.0,10.551020408163266,0.0
2025-02-03 06:35:00,395,0.0,0.0,1.7244897959183674,1.69,0.7142857142857142,0.7,8.16326530612245,8.0,10.602040816326532,0.0
2025-02-03 06:36:00,396,0.0,0.0,1.683673469387755,1.65,0.7142857142857142,0.7,7.551020408163265,7.4,9.948979591836734,0.0
2025-02-03 06:37:00,397,0.0,0.0,1.7653061224489797,1.73,0.7142857142857142,0.7,7.551020408163265,7.4,10.03061224489796,0.0
2025-02-03 06:38:00,398,0.0,0.0,1.4489795918367347,1.42,0.7142857142857142,0.7,8.571428571428573,8.4,10.734693877551022,0.0
2025-02-03 06:39:00,399,0.0,0.0,1.5612244897959187,1.53,0.7142857142857142,0.7,9.387755102040815,9.2,11.66326530612245,0.0
2025-02-03 06:40:00,400,0.0,0.0,2.673469387755102,2.62,0.6122448979591837,0.6,7.346938775510205,7.2,10.63265306122449,0.0
2025-02-03 06:41:00,401,0.0,0.0,2.163265306122449,2.12,0.6122448979591837,0.6,7.346938775510205,7.2,10.122448979591837,0.0
2025-02-03 06:42:00,402,0.0,0.0,1.183673469387755,1.16,0.7142857142857142,0.7,7.448979591836735,7.3,9.346938775510203,0.0
2025-02-03 06:43:00,403,0.0,0.0,1.5918367346938778,1.56,0.6122448979591837,0.6,7.448979591836735,7.3,9.653061224489795,0.0
2025-02-03 06:44:00,404,0.0,0.0,1.510204081632653,1.48,0.6122448979591837,0.6,8.061224489795919,7.900000000000001,10.183673469387756,0.0
2025-02-03 06:45:00,405,0.0,0.0,1.857142857142857,1.8199999999999998,0.6122448979591837,0.6,9.183673469387756,9.0,11.653061224489797,0.0
2025-02-03 06:46:00,406,0.0,0.0,1.5408163265306123,1.51,0.6122448979591837,0.6,9.183673469387756,9.0,11.33673469387755,0.0
2025-02-03 06:47:00,407,0.0,0.0,1.7857142857142858,1.75,0.6122448979591837,0.6,7.448979591836735,7.3,9.846938775510203,0.0
2025-02-03 06:48:00,408,0.0,0.0,1.510204081632653,1.48,0.6122448979591837,0.6,7.551020408163265,7.4,9.673469387755102,0.0
2025-02-03 06:49:00,409,0.0,0.0,1.2346938775510203,1.21,0.7142857142857142,0.7,7.551020408163265,7.4,9.5,0.0
2025-02-03 06:50:00,410,0.0,0.0,1.193877551020408,1.17,0.7142857142857142,0.7,6.632653061224491,6.5,8.540816326530614,0.0
2025-02-03 06:51:00,411,0.0,0.0,3.438775510204082,3.37,0.7142857142857142,0.7,8.571428571428573,8.4,12.724489795918368,0.0
2025-02-03 06:52:00,412,0.0,0.0,3.9489795918367347,3.87,0.7142857142857142,0.7,8.877551020408163,8.7,13.540816326530612,0.0
2025-02-03 06:53:00,413,0.0,0.0,3.989795918367347,3.9099999999999997,0.6122448979591837,0.6,7.142857142857143,7.0,11.744897959183675,0.0
2025-02-03 06:54:00,414,0.0,0.0,1.7448979591836737,1.7100000000000002,0.6122448979591837,0.6,7.244897959183673,7.1,9.60204081632653,0.0
2025-02-03 06:55:00,415,0.0,0.0,1.7142857142857146,1.6800000000000002,0.7142857142857142,0.7,7.346938775510205,7.2,9.775510204081634,0.0
2025-02-03 06:56:00,416,0.0,0.0,1.7653061224489797,1.73,0.7142857142857142,0.7,6.632653061224491,6.5,9.112244897959185,0.0
2025-02-03 06:57:00,417,0.0,0.0,2.0000000000000004,1.9600000000000002,0.7142857142857142,0.7,7.755102040816325,7.599999999999999,10.46938775510204,0.0
2025-02-03 06:58:00,418,0.0,0.0,2.7448979591836733,2.69,0.7142857142857142,0.7,8.16326530612245,8.0,11.622448979591837,0.0
2025-02-03 06:59:00,419,0.0,0.0,2.7448979591836733,2.69,0.6122448979591837,0.6,7.142857142857143,7.0,10.5,0.0
2025-02-03 07:00:00,420,0.0,0.0,1.989795918367347,1.9500000000000002,0.6122448979591837,0.6,7.142857142857143,7.0,9.744897959183675,0.0
2025-02-03 07:01:00,421,0.0,0.0,1.510204081632653,1.48,0.6122448979591837,0.6,6.530612244897959,6.4,8.653061224489797,0.0
2025-02-03 07:02:00,422,0.0,0.0,1.5,1.47,0.6122448979591837,0.6,6.530612244897959,6.4,8.642857142857144,0.0
2025-02-03 07:03:00,423,0.0,0.0,1.459183673469388,1.4300000000000002,0.6122448979591837,0.6,7.551020408163265,7.4,9.622448979591837,0.0
2025-02-03 07:04:00,424,0.0,0.0,2.5816326530612246,2.5300000000000002,0.6122448979591837,0.6,8.979591836734693,8.8,12.173469387755102,0.0
2025-02-03 07:05:00,425,0.0,0.0,2.6122448979591835,2.56,0.6122448979591837,0.6,7.142857142857143,7.0,10.36734693877551,0.0
2025-02-03 07:06:00,426,0.0,0.0,1.112244897959184,1.09,0.6122448979591837,0.6,7.040816326530613,6.9,8.76530612244898,0.0
2025-02-03 07:07:00,427,0.0,0.0,1.4081632653061227,1.3800000000000001,0.6122448979591837,0.6,6.428571428571428,6.3,8.448979591836734,0.0
2025-02-03 07:08:00,428,0.0,0.0,1.153061224489796,1.1300000000000001,0.6122448979591837,0.6,7.755102040816325,7.599999999999999,9.520408163265305,0.0
2025-02-03 07:09:00,429,0.0,0.0,1.1428571428571428,1.1199999999999999,0.6122448979591837,0.6,8.16326530612245,8.0,9.918367346938776,0.0
2025-02-03 07:10:00,430,0.0,0.0,1.0918367346938773,1.0699999999999998,0.6122448979591837,0.6,9.081632653061224,8.9,10.785714285714286,0.0
2025-02-03 07:11:00,431,0.0,0.0,1.4183673469387756,1.3900000000000001,0.6122448979591837,0.6,7.959183673469388,7.800000000000001,9.989795918367347,0.0
2025-02-03 07:12:00,432,0.0,0.0,1.469387755102041,1.44,0.6122448979591837,0.6,7.346938775510205,7.2,9.428571428571429,0.0
2025-02-03 07:13:00,433,0.0,0.0,1.153061224489796,1.1300000000000001,0.6122448979591837,0.6,7.346938775510205,7.2,9.112244897959185,0.0
2025-02-03 07:14:00,434,0.0,0.0,1.112244897959184,1.09,0.6122448979591837,0.6,7.346938775510205,7.2,9.071428571428573,0.0
2025-02-03 07:15:00,435,0.0,0.0,1.112244897959184,1.09,0.6122448979591837,0.6,7.551020408163265,7.4,9.275510204081632,0.0
2025-02-03 07:16:00,436,0.0,0.0,1.6632653061224492,1.6300000000000001,0.6122448979591837,0.6,8.775510204081634,8.6,11.051020408163268,0.0
2025-02-03 07:17:00,437,0.0,0.0,1.989795918367347,1.9500000000000002,0.6122448979591837,0.6,8.979591836734693,8.8,11.581632653061225,0.0
2025-02-03 07:18:00,438,0.0,0.0,2.010204081632653,1.97,0.6122448979591837,0.6,7.346938775510205,7.2,9.96938775510204,0.0
2025-02-03 07:19:00,439,0.0,0.0,1.989795918367347,1.9500000000000002,0.7142857142857142,0.7,7.346938775510205,7.2,10.051020408163266,0.0
2025-02-03 07:20:00,440,0.0,0.0,2.061224489795918,2.02,0.7142857142857142,0.7,7.346938775510205,7.2,10.122448979591837,0.0
2025-02-03 07:21:00,441,0.0,0.0,2.0204081632653064,1.98,0.7142857142857142,0.7,7.448979591836735,7.3,10.183673469387756,0.0
2025-02-03 07:22:00,442,0.0,0.0,1.9285714285714288,1.8900000000000001,0.7142857142857142,0.7,8.571428571428573,8.4,11.214285714285715,0.0
2025-02-03 07:23:00,443,0.0,0.0,1.5714285714285714,1.54,0.7142857142857142,0.7,9.081632653061224,8.9,11.36734693877551,0.0
2025-02-03 07:24:00,444,0.85,0.833,1.7448979591836737,1.7100000000000002,0.7142857142857142,0.7,7.346938775510205,7.2,8.973122448979593,0.0
2025-02-03 07:25:00,445,1.1,1.0779999999999998,1.653061224489796,1.6199999999999999,0.7142857142857142,0.7,7.346938775510205,7.2,8.636285714285716,0.0
2025-02-03 07:26:00,446,1.1,1.0779999999999998,2.1020408163265305,2.06,0.7142857142857142,0.7,7.448979591836735,7.3,9.18730612244898,0.0
2025-02-03 07:27:00,447,1.05,1.0290000000000001,1.806122448979592,1.77,0.7142857142857142,0.7,7.448979591836735,7.3,8.94038775510204,0.0
2025-02-03 07:28:00,448,1.2,1.176,1.816326530612245,1.78,0.7142857142857142,0.7,8.36734693877551,8.2,9.721959183673468,0.0
2025-02-03 07:29:00,449,1.35,1.3230000000000002,2.2040816326530615,2.16,0.7142857142857142,0.7,9.081632653061224,8.9,10.677,0.0
2025-02-03 07:30:00,450,1.55,1.519,2.877551020408163,2.82,0.7142857142857142,0.7,8.775510204081634,8.6,10.848346938775514,0.0
2025-02-03 07:31:00,451,1.75,1.7149999999999999,1.795918367346939,1.7600000000000002,0.7142857142857142,0.7,7.959183673469388,7.800000000000001,8.754387755102043,0.0
2025-02-03 07:32:00,452,1.55,1.519,2.2653061224489797,2.2199999999999998,0.7142857142857142,0.7,8.061224489795919,7.900000000000001,9.521816326530613,0.0
2025-02-03 07:33:00,453,1.8999999999999997,1.8619999999999997,2.7040816326530615,2.65,0.7142857142857142,0.7,8.061224489795919,7.900000000000001,9.617591836734695,0.0
2025-02-03 07:34:00,454,1.85,1.813,1.5816326530612246,1.55,0.7142857142857142,0.7,7.551020408163265,7.4,8.033938775510205,0.0
2025-02-03 07:35:00,455,2.15,2.107,1.9081632653061225,1.8699999999999999,0.6122448979591837,0.6,8.673469387755102,8.5,9.086877551020407,0.0
2025-02-03 07:36:00,456,2.4,2.352,1.9183673469387759,1.8800000000000003,0.7142857142857142,0.7,8.877551020408163,8.7,9.158204081632654,0.0
2025-02-03 07:37:00,457,2.8,2.7439999999999998,1.8877551020408163,1.85,0.7142857142857142,0.7,7.346938775510205,7.2,7.204979591836736,0.0
2025-02-03 07:38:00,458,3.1,3.038,1.8775510204081631,1.8399999999999999,0.7142857142857142,0.7,7.346938775510205,7.2,6.900775510204082,0.0
2025-02-03 07:39:00,459,3.25,3.185,1.5306122448979593,1.5,0.7142857142857142,0.7,7.346938775510205,7.2,6.4068367346938775,0.0
2025-02-03 07:40:00,460,3.7,3.626,1.193877551020408,1.17,0.7142857142857142,0.7,7.448979591836735,7.3,5.731142857142856,0.0
2025-02-03 07:41:00,461,3.45,3.3810000000000002,1.2142857142857142,1.19,0.7142857142857142,0.7,8.36734693877551,8.2,6.914918367346937,0.0
2025-02-03 07:42:00,462,3.25,3.185,1.7448979591836737,1.7100000000000002,0.6122448979591837,0.6,8.979591836734693,8.8,8.15173469387755,0.0
2025-02-03 07:43:00,463,3.05,2.989,1.6020408163265305,1.5699999999999998,0.6122448979591837,0.6,7.959183673469388,7.800000000000001,7.184469387755103,0.0
2025-02-03 07:44:00,464,3.2,3.136,1.6428571428571428,1.61,0.7142857142857142,0.7,7.346938775510205,7.2,6.568081632653062,0.0
2025-02-03 07:45:00,465,3.25,3.185,1.683673469387755,1.65,0.7142857142857142,0.7,7.346938775510205,7.2,6.559897959183674,0.0
2025-02-03 07:46:00,466,3.65,3.577,1.653061224489796,1.6199999999999999,0.7142857142857142,0.7,6.428571428571428,6.3,5.218918367346938,0.0
2025-02-03 07:47:00,467,3.65,3.577,1.8673469387755104,1.83,0.7142857142857142,0.7,6.530612244897959,6.4,5.535244897959184,0.0
2025-02-03 07:48:00,468,4.35,4.262999999999999,1.622448979591837,1.59,0.6122448979591837,0.6,7.653061224489796,7.5,5.624755102040817,0.0
2025-02-03 07:49:00,469,4.65,4.557,2.0306122448979593,1.9899999999999998,0.6122448979591837,0.6,7.959183673469388,7.800000000000001,6.045040816326531,0.0
2025-02-03 07:50:00,470,5.25,5.145,1.4183673469387756,1.3900000000000001,0.6122448979591837,0.6,6.326530612244898,6.2,3.212142857142858,0.0
2025-02-03 07:51:00,471,5.15,5.047000000000001,1.806122448979592,1.77,0.6122448979591837,0.6,7.142857142857143,7.0,4.514224489795918,0.0
2025-02-03 07:52:00,472,5.4,5.292000000000001,1.7857142857142858,1.75,0.6122448979591837,0.6,7.142857142857143,7.0,4.248816326530612,0.0
2025-02-03 07:53:00,473,5.25,5.145,1.8265306122448979,1.7899999999999998,0.7142857142857142,0.7,7.346938775510205,7.2,4.742755102040817,0.0
2025-02-03 07:54:00,474,5.55,5.439,1.704081632653061,1.67,0.7142857142857142,0.7,7.653061224489796,7.5,4.632428571428572,0.0
2025-02-03 07:55:00,475,5.8,5.684,1.3877551020408163,1.3599999999999999,0.7142857142857142,0.7,8.061224489795919,7.900000000000001,4.479265306122449,0.0
2025-02-03 07:56:00,476,6.1,5.978,1.1326530612244898,1.1099999999999999,0.7142857142857142,0.7,6.326530612244898,6.2,2.1954693877551033,0.0
2025-02-03 07:57:00,477,6.4,6.272,1.3673469387755102,1.34,0.6122448979591837,0.6,6.428571428571428,6.3,2.1361632653061218,0.0
2025-02-03 07:58:00,478,6.6,6.468,1.0612244897959182,1.04,0.7142857142857142,0.7,6.428571428571428,6.3,1.736081632653061,0.0
2025-02-03 07:59:00,479,6.85,6.713,1.0714285714285716,1.05,0.7142857142857142,0.7,6.530612244897959,6.4,1.6033265306122457,0.0
2025-02-03 08:00:00,480,6.8,6.664,1.0714285714285716,1.05,0.7142857142857142,0.7,7.346938775510205,7.2,2.468653061224491,0.0
2025-02-03 08:01:00,481,6.85,6.713,1.0714285714285716,1.05,0.6122448979591837,0.6,7.755102040816325,7.599999999999999,2.7257755102040804,0.0
2025-02-03 08:02:00,482,6.8,6.664,1.0816326530612246,1.06,0.6122448979591837,0.6,6.938775510204082,6.8,1.9686530612244904,0.0
2025-02-03 08:03:00,483,6.75,6.615,1.0918367346938773,1.0699999999999998,0.6122448979591837,0.6,6.326530612244898,6.2,1.4156122448979593,0.0
2025-02-03 08:04:00,484,6.75,6.615,1.459183673469388,1.4300000000000002,0.6122448979591837,0.6,6.428571428571428,6.3,1.8849999999999998,0.0
2025-02-03 08:05:00,485,6.75,6.615,1.1326530612244898,1.1099999999999999,0.7142857142857142,0.7,6.530612244897959,6.4,1.762551020408164,0.0
2025-02-03 08:06:00,486,7.4,7.252,1.9693877551020413,1.9300000000000002,0.7142857142857142,0.7,6.530612244897959,6.4,1.962285714285715,0.0
2025-02-03 08:07:00,487,8.2,8.036,2.0510204081632653,2.0100000000000002,0.7142857142857142,0.7,8.16326530612245,8.0,2.8925714285714297,0.0
2025-02-03 08:08:00,488,9.45,9.261,3.142857142857143,3.08,0.7142857142857142,0.7,8.061224489795919,7.900000000000001,2.6573673469387775,0.0
2025-02-03 08:09:00,489,7.4,7.252,3.142857142857143,3.08,0.7142857142857142,0.7,6.326530612244898,6.2,2.9316734693877553,0.0
2025-02-03 08:10:00,490,6.2,6.076,1.989795918367347,1.9500000000000002,0.7142857142857142,0.7,7.142857142857143,7.0,3.7709387755102046,0.0
2025-02-03 08:11:00,491,5.6,5.4879999999999995,2.663265306122449,2.6100000000000003,0.7142857142857142,0.7,7.142857142857143,7.0,5.032408163265307,0.0
2025-02-03 08:12:00,492,5.8,5.684,2.7142857142857144,2.66,0.7142857142857142,0.7,6.530612244897959,6.4,4.275183673469389,0.0
2025-02-03 08:13:00,493,5.1,4.997999999999999,2.387755102040816,2.34,0.7142857142857142,0.7,8.775510204081634,8.6,6.879551020408165,0.0
2025-02-03 08:14:00,494,5.35,5.242999999999999,1.0612244897959182,1.04,0.7142857142857142,0.7,9.591836734693878,9.4,6.124346938775511,0.0
2025-02-03 08:15:00,495,6.3,6.1739999999999995,1.0714285714285716,1.05,0.7142857142857142,0.7,7.959183673469388,7.800000000000001,3.5708979591836747,0.0
2025-02-03 08:16:00,496,7.35,7.202999999999999,1.4081632653061227,1.3800000000000001,0.6122448979591837,0.6,7.959183673469388,7.800000000000001,2.776591836734695,0.0
2025-02-03 08:17:00,497,9.9,9.702,1.0816326530612246,1.06,0.6122448979591837,0.6,8.061224489795919,7.900000000000001,0.05310204081632741,0.0
2025-02-03 08:18:00,498,10.7,10.485999999999999,1.0918367346938773,1.0699999999999998,0.7142857142857142,0.7,8.061224489795919,7.900000000000001,0.0,0.0
2025-02-03 08:19:00,499,14.65,14.357,1.0510204081632653,1.03,0.7142857142857142,0.7,9.081632653061224,8.9,0.0,0.0
2025-02-03 08:20:00,500,15.800000000000002,15.484,1.030612244897959,1.01,0.6122448979591837,0.6,9.081632653061224,8.9,0.0,0.0
2025-02-03 08:21:00,501,16.3,15.974,1.1326530612244898,1.1099999999999999,0.7142857142857142,0.7,7.244897959183673,7.1,0.0,0.0
2025-02-03 08:22:00,502,16.0,15.679999999999998,1.1326530612244898,1.1099999999999999,0.7142857142857142,0.7,7.346938775510205,7.2,0.0,0.0
2025-02-03 08:23:00,503,15.450000000000001,15.141000000000002,1.4285714285714284,1.4,0.6122448979591837,0.6,7.346938775510205,7.2,0.0,0.0
2025-02-03 08:24:00,504,15.75,15.434999999999999,1.7346938775510206,1.7,0.7142857142857142,0.7,7.448979591836735,7.3,0.0,0.0
2025-02-03 08:25:00,505,18.4,18.032,1.7551020408163265,1.72,0.7142857142857142,0.7,8.16326530612245,8.0,0.0,0.0
2025-02-03 08:26:00,506,23.55,23.079,1.4081632653061227,1.3800000000000001,0.7142857142857142,0.7,8.775510204081634,8.6,0.0,0.0
2025-02-03 08:27:00,507,25.1,24.598,3.6632653061224487,3.59,0.7142857142857142,0.7,8.673469387755102,8.5,0.0,0.0
2025-02-03 08:28:00,508,25.7,25.186,4.234693877551021,4.15,0.6122448979591837,0.6,7.959183673469388,7.800000000000001,1.6653345369377348e-15,0.0
2025-02-03 08:29:00,509,27.15,26.606999999999996,4.204081632653061,4.12,0.6122448979591837,0.6,7.346938775510205,7.2,0.0,0.0
2025-02-03 08:30:00,510,27.9,27.341999999999995,1.6326530612244898,1.6,0.7142857142857142,0.7,6.530612244897959,6.4,0.0,0.0
2025-02-03 08:31:00,511,28.5,27.93,1.6938775510204085,1.6600000000000001,0.7142857142857142,0.7,7.142857142857143,7.0,0.0,0.0
2025-02-03 08:32:00,512,28.95,28.371,1.683673469387755,1.65,0.7142857142857142,0.7,8.16326530612245,8.0,0.0,0.0
2025-02-03 08:33:00,513,29.9,29.301999999999996,2.693877551020408,2.6399999999999997,0.7142857142857142,0.7,7.857142857142858,7.699999999999999,0.0,0.0
2025-02-03 08:34:00,514,30.25,29.645,2.6122448979591835,2.56,0.7142857142857142,0.7,6.326530612244898,6.2,0.0,0.0
2025-02-03 08:35:00,515,32.6,31.948,1.704081632653061,1.67,0.7142857142857142,0.7,6.326530612244898,6.2,0.0,0.0
2025-02-03 08:36:00,516,35.3,34.593999999999994,1.704081632653061,1.67,0.7142857142857142,0.7,6.428571428571428,6.3,0.0,0.0
2025-02-03 08:37:00,517,35.8,35.083999999999996,1.6020408163265305,1.5699999999999998,0.7142857142857142,0.7,7.142857142857143,7.0,0.0,0.0
2025-02-03 08:38:00,518,36.25,35.525,1.0816326530612246,1.06,0.7142857142857142,0.7,7.857142857142858,7.699999999999999,0.0,0.0
2025-02-03 08:39:00,519,36.2,35.476000000000006,1.0102040816326532,0.99,0.7142857142857142,0.7,7.857142857142858,7.699999999999999,0.0,0.0
2025-02-03 08:40:00,520,33.25,32.585,1.4387755102040816,1.41,0.7142857142857142,0.7,6.326530612244898,6.2,0.0,0.0
2025-02-03 08:41:00,521,25.8,25.284,1.4489795918367347,1.42,0.7142857142857142,0.7,6.326530612244898,6.2,0.0,0.0
2025-02-03 08:42:00,522,34.3,33.614000000000004,2.071428571428572,2.0300000000000002,0.7142857142857142,0.7,6.428571428571428,6.3,0.0,0.0
2025-02-03 08:43:00,523,34.9,34.202,2.7142857142857144,2.66,0.7142857142857142,0.7,7.448979591836735,7.3,0.0,0.0
2025-02-03 08:44:00,524,34.6,33.907999999999994,2.693877551020408,2.6399999999999997,0.7142857142857142,0.7,8.16326530612245,8.0,0.0,0.0
2025-02-03 08:45:00,525,37.85,37.092999999999996,2.0510204081632653,2.0100000000000002,0.7142857142857142,0.7,7.959183673469388,7.800000000000001,0.0,0.0
2025-02-03 08:46:00,526,38.15,37.387,1.4183673469387756,1.3900000000000001,0.7142857142857142,0.7,6.326530612244898,6.2,0.0,0.0
2025-02-03 08:47:00,527,38.35,37.583,1.397959183673469,1.3699999999999999,0.7142857142857142,0.7,6.428571428571428,6.3,0.0,0.0
2025-02-03 08:48:00,528,29.05,28.469,1.397959183673469,1.3699999999999999,0.7142857142857142,0.7,7.755102040816325,7.599999999999999,0.0,0.0
2025-02-03 08:49:00,529,30.449999999999996,29.840999999999998,1.4489795918367347,1.42,0.6122448979591837,0.6,8.877551020408163,8.7,0.0,0.0
2025-02-03 08:50:00,530,25.75,25.235,1.4183673469387756,1.3900000000000001,0.7142857142857142,0.7,8.16326530612245,8.0,1.6653345369377348e-15,0.0
2025-02-03 08:51:00,531,34.7,34.006,1.1224489795918366,1.1,0.7142857142857142,0.7,6.224489795918367,6.1,0.0,0.0
2025-02-03 08:52:00,532,30.650000000000002,30.037000000000003,1.0408163265306125,1.02,0.6122448979591837,0.6,6.326530612244898,6.2,0.0,0.0
2025-02-03 08:53:00,533,25.15,24.647,1.1326530612244898,1.1099999999999999,0.7142857142857142,0.7,6.428571428571428,6.3,0.0,0.0
2025-02-03 08:54:00,534,25.85,25.333000000000002,1.6938775510204085,1.6600000000000001,0.7142857142857142,0.7,6.530612244897959,6.4,0.0,0.0
2025-02-03 08:55:00,535,19.05,18.669,1.704081632653061,1.67,0.6122448979591837,0.6,7.959183673469388,7.800000000000001,0.0,0.0
2025-02-03 08:56:00,536,20.7,20.285999999999998,2.010204081632653,1.97,0.6122448979591837,0.6,7.959183673469388,7.800000000000001,0.0,0.0
2025-02-03 08:57:00,537,19.25,18.865000000000002,2.0000000000000004,1.9600000000000002,0.7142857142857142,0.7,6.326530612244898,6.2,0.0,0.0
2025-02-03 08:58:00,538,20.15,19.747,3.0102040816326534,2.95,0.7142857142857142,0.7,6.326530612244898,6.2,0.0,0.0
2025-02-03 08:59:00,539,21.15,20.727,3.020408163265306,2.96,0.6122448979591837,0.6,6.428571428571428,6.3,0.0,0.0
2025-02-03 09:00:00,540,15.75,15.434999999999999,2.071428571428572,2.0300000000000002,0.6122448979591837,0.6,6.530612244897959,6.4,0.0,0.0
2025-02-03 09:01:00,541,15.85,15.532999999999998,1.795918367346939,1.7600000000000002,0.7142857142857142,0.7,7.551020408163265,7.4,0.0,0.0
2025-02-03 09:02:00,542,16.25,15.924999999999997,1.7653061224489797,1.73,0.7142857142857142,0.7,8.061224489795919,7.900000000000001,0.0,0.0
2025-02-03 09:03:00,543,15.549999999999999,15.239,1.4183673469387756,1.3900000000000001,0.7142857142857142,0.7,7.959183673469388,7.800000000000001,0.0,0.0
2025-02-03 09:04:00,544,17.55,17.199,1.5,1.47,0.7142857142857142,0.7,6.326530612244898,6.2,0.0,0.0
2025-02-03 09:05:00,545,17.1,16.758000000000003,1.4183673469387756,1.3900000000000001,0.6122448979591837,0.6,6.428571428571428,6.3,0.0,0.0
2025-02-03 09:06:00,546,17.4,17.051999999999996,3.214285714285714,3.15,0.7142857142857142,0.7,6.530612244897959,6.4,0.0,0.0
2025-02-03 09:07:00,547,20.15,19.747,3.173469387755102,3.1100000000000003,0.7142857142857142,0.7,7.755102040816325,7.599999999999999,0.0,0.0
2025-02-03 09:08:00,548,23.15,22.686999999999998,3.295918367346938,3.2299999999999995,0.7142857142857142,0.7,8.775510204081634,8.6,0.0,0.0
2025-02-03 09:09:00,549,22.25,21.805,1.0816326530612246,1.06,0.7142857142857142,0.7,8.571428571428573,8.4,0.0,0.0
2025-02-03 09:10:00,550,20.2,19.796000000000003,1.0714285714285716,1.05,0.7142857142857142,0.7,6.326530612244898,6.2,0.0,0.0
2025-02-03 09:11:00,551,16.4,16.072,1.0408163265306125,1.02,0.7142857142857142,0.7,6.428571428571428,6.3,0.0,0.0
2025-02-03 09:12:00,552,17.0,16.66,1.0510204081632653,1.03,0.7142857142857142,0.7,6.530612244897959,6.4,0.0,0.0
2025-02-03 09:13:00,553,17.6,17.247999999999998,1.0714285714285716,1.05,0.7142857142857142,0.7,7.142857142857143,7.0,0.0,0.0
2025-02-03 09:14:00,554,20.75,20.334999999999997,1.4387755102040816,1.41,0.7142857142857142,0.7,8.16326530612245,8.0,0.0,0.0
2025-02-03 09:15:00,555,26.05,25.529000000000003,1.4489795918367347,1.42,0.7142857142857142,0.7,7.857142857142858,7.699999999999999,0.0,0.0
2025-02-03 09:16:00,556,23.4,22.931999999999995,2.2448979591836733,2.2,0.7142857142857142,0.7,6.326530612244898,6.2,0.0,0.0
2025-02-03 09:17:00,557,21.15,20.727,1.948979591836735,1.9100000000000004,0.7142857142857142,0.7,6.326530612244898,6.2,0.0,0.0
2025-02-03 09:18:00,558,21.05,20.628999999999998,1.9795918367346936,1.94,0.6122448979591837,0.6,6.530612244897959,6.4,0.0,0.0
2025-02-03 09:19:00,559,21.6,21.168000000000003,1.8979591836734697,1.86,0.6122448979591837,0.6,6.938775510204082,6.8,0.0,0.0
2025-02-03 09:20:00,560,18.6,18.228,1.6428571428571428,1.61,0.7142857142857142,0.7,8.16326530612245,8.0,0.0,0.0
2025-02-03 09:21:00,561,18.75,18.375,1.6632653061224492,1.6300000000000001,0.7142857142857142,0.7,7.857142857142858,7.699999999999999,0.0,0.0
2025-02-03 09:22:00,562,13.9,13.621999999999998,1.5816326530612246,1.55,0.7142857142857142,0.7,6.326530612244898,6.2,0.0,0.0
2025-02-03 09:23:00,563,13.7,13.426,2.673469387755102,2.62,0.7142857142857142,0.7,6.326530612244898,6.2,0.0,0.0
2025-02-03 09:24:00,564,23.85,23.373,2.6122448979591835,2.56,0.7142857142857142,0.7,6.530612244897959,6.4,0.0,0.0
2025-02-03 09:25:00,565,14.6,14.308,1.112244897959184,1.09,0.7142857142857142,0.7,6.73469387755102,6.6,0.0,0.0
2025-02-03 09:26:00,566,28.35,27.783,2.0510204081632653,2.0100000000000002,0.6122448979591837,0.6,7.857142857142858,7.699999999999999,0.0,0.0
2025-02-03 09:27:00,567,18.95,18.570999999999998,1.795918367346939,1.7600000000000002,0.7142857142857142,0.7,8.061224489795919,7.900000000000001,0.0,0.0
2025-02-03 09:28:00,568,33.95,33.27100000000001,2.3367346938775513,2.29,0.7142857142857142,0.7,6.326530612244898,6.2,0.0,0.0
2025-02-03 09:29:00,569,18.85,18.473,1.3673469387755102,1.34,0.6122448979591837,0.6,6.938775510204082,6.8,0.0,0.0
2025-02-03 09:30:00,570,39.15,38.367,1.489795918367347,1.46,0.7142857142857142,0.7,7.040816326530613,6.9,0.0,0.0
2025-02-03 09:31:00,571,43.35,42.483000000000004,1.489795918367347,1.46,0.6122448979591837,0.6,7.346938775510205,7.2,0.0,0.0
2025-02-03 09:32:00,572,44.9,44.001999999999995,1.4387755102040816,1.41,0.6122448979591837,0.6,8.469387755102042,8.3,0.0,0.0
2025-02-03 09:33:00,573,21.2,20.776,1.3877551020408163,1.3599999999999999,0.7142857142857142,0.7,7.857142857142858,7.699999999999999,0.0,0.0
2025-02-03 09:34:00,574,0.0,0.0,1.3673469387755102,1.34,0.7142857142857142,0.7,6.224489795918367,6.1,8.30612244897959,0.0
2025-02-03 09:35:00,575,0.0,0.0,1.3877551020408163,1.3599999999999999,0.7142857142857142,0.7,6.224489795918367,6.1,8.326530612244898,0.0
2025-02-03 09:36:00,576,6.05,5.929,3.979591836734694,3.9000000000000004,0.7142857142857142,0.7,6.428571428571428,6.3,5.193448979591837,0.0
2025-02-03 09:37:00,577,6.4,6.272,3.6224489795918364,3.55,0.7142857142857142,0.7,6.836734693877551,6.7,4.901469387755101,0.0
2025-02-03 09:38:00,578,18.15,17.787,1.0816326530612246,1.06,0.7142857142857142,0.7,7.959183673469388,7.800000000000001,0.0,0.0
2025-02-03 09:39:00,579,19.25,18.865000000000002,1.0204081632653061,1.0,0.6122448979591837,0.6,7.959183673469388,7.800000000000001,0.0,0.0
2025-02-03 09:40:00,580,21.65,21.217,3.295918367346938,3.2299999999999995,0.7142857142857142,0.7,6.326530612244898,6.2,0.0,0.0
2025-02-03 09:41:00,581,17.35,17.003,5.846938775510203,5.7299999999999995,0.7142857142857142,0.7,6.938775510204082,6.8,0.0,0.0
2025-02-03 09:42:00,582,16.9,16.561999999999998,7.79591836734694,7.6400000000000015,0.7142857142857142,0.7,7.040816326530613,6.9,0.0,0.0
2025-02-03 09:43:00,583,20.1,19.698,5.8061224489795915,5.6899999999999995,0.7142857142857142,0.7,6.73469387755102,6.6,0.0,0.0
2025-02-03 09:44:00,584,23.25,22.785,5.785714285714286,5.67,0.7142857142857142,0.7,7.755102040816325,7.599999999999999,0.0,0.0
2025-02-03 09:45:00,585,24.8,24.304,3.734693877551021,3.66,0.6122448979591837,0.6,7.959183673469388,7.800000000000001,0.0,0.0
2025-02-03 09:46:00,586,23.95,23.471,1.673469387755102,1.64,0.6122448979591837,0.6,6.224489795918367,6.1,0.0,0.0
2025-02-03 09:47:00,587,30.5,29.89,1.959183673469388,1.92,0.7142857142857142,0.7,6.326530612244898,6.2,0.0,0.0
2025-02-03 09:48:00,588,0.0,0.0,2.989795918367347,2.93,0.7142857142857142,0.7,6.326530612244898,6.2,10.03061224489796,0.0
2025-02-03 09:49:00,589,5.7,5.586,11.153061224489797,10.93,0.7142857142857142,0.7,6.326530612244898,6.2,12.60787755102041,0.0
2025-02-03 09:50:00,590,10.35,10.142999999999999,9.653061224489795,9.459999999999999,0.7142857142857142,0.7,7.755102040816325,7.599999999999999,7.979448979591836,0.0
2025-02-03 09:51:00,591,27.3,26.754,9.632653061224492,9.440000000000001,0.7142857142857142,0.7,8.571428571428573,8.4,0.0,0.0
2025-02-03 09:52:00,592,24.1,23.618,9.775510204081634,9.58,0.7142857142857142,0.7,6.938775510204082,6.8,0.0,0.0
2025-02-03 09:53:00,593,24.75,24.255,9.612244897959185,9.42,0.7142857142857142,0.7,6.326530612244898,6.2,0.0,0.0
2025-02-03 09:54:00,594,32.25,31.604999999999997,9.255102040816327,9.07,0.6122448979591837,0.6,6.428571428571428,6.3,0.0,0.0
2025-02-03 09:55:00,595,31.300000000000004,30.674000000000007,9.295918367346939,9.11,0.6122448979591837,0.6,6.530612244897959,6.4,0.0,0.0
2025-02-03 09:56:00,596,0.0,0.0,9.887755102040819,9.690000000000001,0.7142857142857142,0.7,7.857142857142858,7.699999999999999,18.459183673469393,0.0
2025-02-03 09:57:00,597,8.5,8.33,10.46938775510204,10.26,0.7142857142857142,0.7,7.959183673469388,7.800000000000001,10.812857142857142,0.0
2025-02-03 09:58:00,598,12.55,12.299,10.153061224489795,9.95,0.7142857142857142,0.7,6.326530612244898,6.2,4.894877551020409,0.0
2025-02-03 09:59:00,599,34.7,34.006,10.193877551020408,9.99,0.7142857142857142,0.7,6.326530612244898,6.2,0.0,0.0
2025-02-03 10:00:00,600,29.6,29.008,9.60204081632653,9.41,0.6122448979591837,0.6,6.530612244897959,6.4,0.0,0.0
2025-02-03 10:01:00,601,36.0,35.28,9.46938775510204,9.28,0.6122448979591837,0.6,6.530612244897959,6.4,0.0,0.0
2025-02-03 10:02:00,602,25.6,25.088,10.530612244897961,10.32,0.7142857142857142,0.7,7.653061224489796,7.5,0.0,0.0
2025-02-03 10:03:00,603,25.45,24.941,10.214285714285715,10.01,0.7142857142857142,0.7,7.857142857142858,7.699999999999999,0.0,0.0
2025-02-03 10:04:00,604,26.25,25.724999999999998,9.5,9.309999999999999,0.7142857142857142,0.7,6.326530612244898,6.2,0.0,0.0
2025-02-03 10:05:00,605,27.75,27.195,9.551020408163264,9.36,0.7142857142857142,0.7,6.938775510204082,6.8,0.0,0.0
2025-02-03 10:06:00,606,31.200000000000003,30.576000000000004,10.051020408163264,9.85,0.7142857142857142,0.7,7.142857142857143,7.0,1.6653345369377348e-15,0.0
2025-02-03 10:07:00,607,30.85,30.233,10.071428571428573,9.870000000000001,0.7142857142857142,0.7,7.142857142857143,7.0,0.0,0.0
2025-02-03 10:08:00,608,32.0,31.359999999999996,10.112244897959183,9.91,1.1224489795918366,1.1,7.857142857142858,7.699999999999999,0.0,0.0
2025-02-03 10:09:00,609,31.200000000000003,30.576000000000004,10.081632653061224,9.879999999999999,3.469387755102041,3.4,7.959183673469388,7.800000000000001,0.0,0.0
2025-02-03 10:10:00,610,31.15,30.527,9.693877551020407,9.5,9.591836734693878,9.4,6.326530612244898,6.2,0.0,0.0
2025-02-03 10:11:00,611,33.5,32.83,9.663265306122451,9.47,12.959183673469386,12.7,6.938775510204082,6.8,0.0,0.0
2025-02-03 10:12:00,612,0.0,0.0,9.693877551020407,9.5,17.653061224489797,17.3,7.040816326530613,6.9,34.38775510204081,0.0
2025-02-03 10:13:00,613,17.95,17.590999999999998,9.173469387755103,8.99,21.122448979591837,20.7,7.040816326530613,6.9,19.745734693877555,0.0
2025-02-03 10:14:00,614,20.6,20.188000000000002,9.785714285714286,9.59,28.46938775510204,27.9,7.653061224489796,7.5,25.72016326530612,0.0
2025-02-03 10:15:00,615,31.5,30.869999999999997,9.561224489795919,9.370000000000001,30.816326530612244,30.2,7.857142857142858,7.699999999999999,17.364693877551023,0.0
2025-02-03 10:16:00,616,30.3,29.694,9.806122448979592,9.61,33.673469387755105,33.0,6.326530612244898,6.2,20.112122448979594,0.0
2025-02-03 10:17:00,617,28.6,28.028000000000002,9.540816326530612,9.35,35.91836734693877,35.2,9.387755102040815,9.2,26.818938775510198,0.0
2025-02-03 10:18:00,618,26.8,26.264,9.571428571428571,9.379999999999999,37.44897959183674,36.7,8.36734693877551,8.2,29.12375510204082,0.0
2025-02-03 10:19:00,619,26.9,26.362,9.26530612244898,9.08,38.87755102040816,38.1,8.571428571428573,8.4,30.352285714285717,0.0
2025-02-03 10:20:00,620,27.75,27.195,9.540816326530612,9.35,39.08163265306123,38.3,11.122448979591837,10.9,32.549897959183674,0.0
2025-02-03 10:21:00,621,28.25,27.685,9.816326530612248,9.620000000000001,38.9795918367347,38.2,14.387755102040815,14.1,35.49867346938776,0.0
2025-02-03 10:22:00,622,30.15,29.546999999999997,9.571428571428571,9.379999999999999,38.46938775510205,37.7,16.53061224489796,16.2,35.02442857142858,0.0
2025-02-03 10:23:00,623,0.0,0.0,9.551020408163264,9.36,38.673469387755105,37.9,22.448979591836732,22.0,70.67346938775509,0.0
2025-02-03 10:24:00,624,32.4,31.751999999999995,9.622448979591836,9.43,40.20408163265306,39.4,27.75510204081633,27.2,45.829632653061225,0.0
2025-02-03 10:25:00,625,34.8,34.10399999999999,9.673469387755103,9.48,40.61224489795918,39.8,34.79591836734694,34.1,50.977632653061235,0.0
2025-02-03 10:26:00,626,35.95,35.231,9.520408163265307,9.33,40.71428571428571,39.9,41.42857142857143,40.6,56.43226530612244,0.0
2025-02-03 10:27:00,627,33.35,32.68300000000001,9.867346938775508,9.67,41.93877551020408,41.1,50.61224489795919,49.6,69.73536734693877,0.0
2025-02-03 10:28:00,628,28.95,28.371,9.826530612244897,9.629999999999999,40.30612244897959,39.5,56.42857142857143,55.3,78.19022448979592,0.0
2025-02-03 10:29:00,629,23.05,22.589,9.724489795918366,9.53,43.6734693877551,42.8,56.53061224489796,55.4,87.33957142857143,0.0
2025-02-03 10:30:00,630,24.4,23.912,9.877551020408163,9.68,45.51020408163266,44.6,56.53061224489796,55.4,88.00636734693879,0.0
2025-02-03 10:31:00,631,27.35,26.803,9.816326530612248,9.620000000000001,48.163265306122454,47.2,56.632653061224495,55.5,87.8092448979592,0.0
2025-02-03 10:32:00,632,26.95,26.410999999999998,11.826530612244897,11.59,52.44897959183674,51.4,57.44897959183673,56.3,95.31348979591837,0.0
2025-02-03 10:33:00,633,23.3,22.834,11.83673469387755,11.6,56.83673469387755,55.7,58.16326530612245,57.0,104.00273469387754,0.0
2025-02-03 10:34:00,634,22.75,22.294999999999998,12.112244897959185,11.870000000000001,59.795918367346935,58.6,58.06122448979592,56.9,107.67438775510203,0.0
2025-02-03 10:35:00,635,22.55,22.099,11.826530612244897,11.59,63.46938775510204,62.199999999999996,56.53061224489796,55.4,109.72753061224489,0.0
2025-02-03 10:36:00,636,23.2,22.736,12.806122448979593,12.55,65.71428571428572,64.4,56.73469387755102,55.6,112.51910204081632,0.0
2025-02-03 10:37:00,637,22.9,22.442,10.806122448979592,10.59,67.55102040816327,66.2,56.632653061224495,55.5,112.54779591836736,0.0
2025-02-03 10:38:00,638,26.2,25.676,10.734693877551019,10.52,67.95918367346938,66.6,57.75510204081633,56.6,110.77297959183672,0.0
2025-02-03 10:39:00,639,28.85,28.273,9.520408163265307,9.33,68.57142857142858,67.2,58.26530612244898,57.1,108.08414285714287,0.0
2025-02-03 10:40:00,640,27.7,27.146,9.489795918367347,9.3,68.6734693877551,67.3,57.44897959183673,56.3,108.46624489795917,0.0
2025-02-03 10:41:00,641,0.0,0.0,10.112244897959183,9.91,62.65306122448979,61.39999999999999,31.42857142857143,30.799999999999997,104.19387755102039,0.0
2025-02-03 10:42:00,642,21.05,20.628999999999998,10.193877551020408,9.99,64.18367346938777,62.9,6.632653061224491,6.5,60.38120408163267,0.0
2025-02-03 10:43:00,643,24.35,23.863000000000003,9.581632653061224,9.39,62.3469387755102,61.1,6.530612244897959,6.4,54.59618367346938,0.0
2025-02-03 10:44:00,644,26.55,26.019,9.285714285714286,9.1,62.55102040816327,61.300000000000004,59.28571428571429,58.1,105.10344897959185,0.0
2025-02-03 10:45:00,645,27.15,26.606999999999996,9.214285714285715,9.03,61.836734693877546,60.6,59.08163265306123,57.9,103.52565306122449,0.0
2025-02-03 10:46:00,646,28.3,27.733999999999998,9.571428571428571,9.379999999999999,62.14285714285714,60.89999999999999,57.34693877551021,56.2,101.32722448979591,0.0
2025-02-03 10:47:00,647,27.65,27.097,9.489795918367347,9.3,62.85714285714286,61.599999999999994,56.73469387755102,55.6,101.98463265306123,0.0
2025-02-03 10:48:00,648,28.8,28.224000000000004,9.83673469387755,9.64,63.06122448979592,61.800000000000004,57.44897959183673,56.3,102.12293877551019,0.0
2025-02-03 10:49:00,649,28.05,27.489,9.346938775510205,9.16,61.12244897959184,59.9,57.55102040816326,56.4,100.5314081632653,0.0
2025-02-03 10:50:00,650,28.05,27.489,9.26530612244898,9.08,62.3469387755102,61.1,58.57142857142857,57.4,102.69467346938775,0.0
2025-02-03 10:51:00,651,28.45,27.881,9.346938775510205,9.16,61.42857142857144,60.2,58.36734693877551,57.2,101.26185714285717,0.0
2025-02-03 10:52:00,652,28.0,27.439999999999998,9.887755102040819,9.690000000000001,61.836734693877546,60.6,56.83673469387755,55.7,101.12122448979592,0.0
2025-02-03 10:53:00,653,26.85,26.313,9.76530612244898,9.57,64.28571428571428,63.0,57.44897959183673,56.3,105.187,0.0
2025-02-03 10:54:00,654,25.05,24.549,10.071428571428573,9.870000000000001,65.4081632653061,64.1,56.93877551020408,55.8,107.86936734693874,0.0
2025-02-03 10:55:00,655,25.4,24.891999999999996,10.163265306122447,9.959999999999999,65.81632653061224,64.5,57.34693877551021,56.2,108.4345306122449,0.0
2025-02-03 10:56:00,656,27.15,26.606999999999996,10.173469387755103,9.97,64.79591836734694,63.5,58.97959183673469,57.8,107.34197959183673,0.0
2025-02-03 10:57:00,657,28.9,28.322,10.01020408163265,9.809999999999999,65.81632653061224,64.5,58.57142857142857,57.4,106.07595918367346,0.0
2025-02-03 10:58:00,658,0.0,0.0,10.061224489795919,9.86,64.6938775510204,63.4,56.93877551020408,55.8,131.69387755102042,0.0
2025-02-03 10:59:00,659,68.1,66.738,10.01020408163265,9.809999999999999,63.77551020408164,62.50000000000001,57.142857142857146,56.0,64.19057142857143,0.0
2025-02-03 11:00:00,660,30.900000000000002,30.282000000000004,9.785714285714286,9.59,64.38775510204081,63.10000000000001,57.24489795918368,56.1,101.13636734693878,0.0
2025-02-03 11:01:00,661,33.3,32.63399999999999,9.132653061224488,8.95,66.42857142857143,65.1,57.34693877551021,56.2,100.27416326530613,0.0
2025-02-03 11:02:00,662,34.2,33.516000000000005,10.183673469387756,9.98,64.89795918367348,63.6,58.57142857142857,57.4,100.1370612244898,0.0
2025-02-03 11:03:00,663,35.4,34.69199999999999,10.244897959183676,10.040000000000001,65.4081632653061,64.1,58.77551020408164,57.6,99.73657142857141,0.0
2025-02-03 11:04:00,664,0.0,0.0,9.153061224489797,8.97,66.42857142857143,65.1,57.34693877551021,56.2,132.92857142857144,0.0
2025-02-03 11:05:00,665,38.25,37.48499999999999,9.071428571428573,8.89,63.57142857142857,62.3,58.673469387755105,57.5,93.83132653061226,0.0
2025-02-03 11:06:00,666,0.0,0.0,9.142857142857142,8.959999999999999,63.26530612244898,62.00000000000001,58.16326530612245,57.0,130.57142857142856,0.0
2025-02-03 11:07:00,667,0.0,0.0,9.193877551020408,9.01,63.46938775510204,62.199999999999996,58.57142857142857,57.4,131.23469387755102,0.0
2025-02-03 11:08:00,668,65.6,64.288,11.336734693877549,11.11,62.44897959183674,61.2,59.183673469387756,58.0,68.68138775510205,0.0
2025-02-03 11:09:00,669,66.65,65.317,11.428571428571427,11.2,61.224489795918366,60.0,59.183673469387756,58.0,66.51973469387755,0.0
2025-02-03 11:10:00,670,86.2,84.47600000000001,11.408163265306122,11.18,59.59183673469388,58.4,57.6530612244898,56.5,44.17706122448979,0.0
2025-02-03 11:11:00,671,86.3,84.574,11.795918367346937,11.559999999999999,40.10204081632652,39.3,57.85714285714286,56.7,25.181102040816334,0.0
2025-02-03 11:12:00,672,83.95,82.271,10.275510204081634,10.07,39.59183673469388,38.8,57.95918367346938,56.8,25.555530612244887,0.0
2025-02-03 11:13:00,673,83.4,81.732,10.612244897959183,10.4,39.69387755102041,38.9,58.16326530612245,57.0,26.737387755102034,0.0
2025-02-03 11:14:00,674,89.25,87.465,10.285714285714286,10.08,40.40816326530613,39.6,60.0,58.8,23.22887755102041,0.0
2025-02-03 11:15:00,675,93.75,91.875,11.561224489795919,11.33,40.61224489795918,39.8,60.306122448979586,59.1,20.604591836734684,0.0
2025-02-03 11:16:00,676,0.0,0.0,11.142857142857142,10.92,40.91836734693878,40.1,6.428571428571428,6.3,58.48979591836735,0.0
2025-02-03 11:17:00,677,30.05,29.449,10.193877551020408,9.99,40.510204081632665,39.7,6.428571428571428,6.3,27.683653061224497,0.0
2025-02-03 11:18:00,678,30.15,29.546999999999997,9.806122448979592,9.61,39.79591836734694,39.0,6.530612244897959,6.4,26.585653061224498,0.0
2025-02-03 11:19:00,679,55.65,54.53699999999999,9.816326530612248,9.620000000000001,39.38775510204081,38.6,6.632653061224491,6.5,1.2997346938775556,0.0
2025-02-03 11:20:00,680,52.7,51.646,10.193877551020408,9.99,40.00000000000001,39.2,7.653061224489796,7.5,6.200938775510207,0.0
2025-02-03 11:21:00,681,57.65,56.497,9.92857142857143,9.73,40.71428571428571,39.9,59.59183673469388,58.4,53.73769387755102,0.0
2025-02-03 11:22:00,682,87.55,85.799,9.846938775510203,9.65,40.20408163265306,39.4,58.06122448979592,56.9,22.31324489795918,0.0
2025-02-03 11:23:00,683,0.0,0.0,9.36734693877551,9.18,40.71428571428571,39.9,58.16326530612245,57.0,108.24489795918366,0.0
2025-02-03 11:24:00,684,47.9,46.942,9.244897959183671,9.059999999999999,40.00000000000001,39.2,58.26530612244898,57.1,60.56820408163265,0.0
2025-02-03 11:25:00,685,48.05,47.089,9.23469387755102,9.05,39.08163265306123,38.3,58.36734693877551,57.2,59.594673469387764,0.0
2025-02-03 11:26:00,686,63.4,62.13199999999999,10.459183673469388,10.25,39.38775510204081,38.6,59.693877551020414,58.5,47.40881632653062,0.0
2025-02-03 11:27:00,687,53.35,52.282999999999994,10.193877551020408,9.99,40.30612244897959,39.5,60.71428571428571,59.5,58.931285714285714,0.0
2025-02-03 11:28:00,688,53.95,52.871,9.479591836734695,9.290000000000001,41.53061224489796,40.7,59.08163265306123,57.9,57.22083673469388,0.0
2025-02-03 11:29:00,689,58.5,57.33,9.448979591836734,9.26,41.12244897959183,40.3,59.08163265306123,57.9,52.32306122448979,0.0
2025-02-03 11:30:00,690,63.6,62.327999999999996,9.479591836734695,9.290000000000001,40.30612244897959,39.5,58.57142857142857,57.4,46.02914285714286,0.0
2025-02-03 11:31:00,691,67.8,66.444,9.673469387755103,9.48,39.89795918367348,39.1,58.57142857142857,57.4,41.69885714285716,0.0
2025-02-03 11:32:00,692,72.7,71.246,9.479591836734695,9.290000000000001,38.265306122448976,37.5,59.693877551020414,58.5,36.19277551020409,0.0
2025-02-03 11:33:00,693,79.95,78.351,9.73469387755102,9.540000000000001,39.38775510204081,38.6,60.816326530612244,59.6,31.587775510204086,0.0
2025-02-03 11:34:00,694,84.65,82.957,9.857142857142858,9.66,37.6530612244898,36.9,59.183673469387756,58.0,23.736877551020413,0.0
2025-02-03 11:35:00,695,86.6,84.868,9.438775510204081,9.25,37.55102040816326,36.8,59.183673469387756,58.0,21.305469387755103,0.0
2025-02-03 11:36:00,696,86.4,84.67200000000001,9.061224489795919,8.879999999999999,38.36734693877551,37.6,58.673469387755105,57.5,21.430040816326525,0.0
2025-02-03 11:37:00,697,86.0,84.28,9.173469387755103,8.99,39.08163265306123,38.3,58.77551020408164,57.6,22.750612244897958,0.0
2025-02-03 11:38:00,698,56.0,54.879999999999995,9.16326530612245,8.98,39.08163265306123,38.3,59.795918367346935,58.6,53.160816326530615,0.0
2025-02-03 11:39:00,699,0.0,0.0,9.683673469387756,9.49,38.87755102040816,38.1,8.775510204081634,8.6,57.33673469387755,0.0
2025-02-03 11:40:00,700,28.0,27.439999999999998,12.091836734693876,11.85,38.9795918367347,38.2,8.469387755102042,8.3,32.10081632653061,0.0
2025-02-03 11:41:00,701,30.55,29.939,11.76530612244898,11.53,39.59183673469388,38.8,6.938775510204082,6.8,28.356918367346935,0.0
2025-02-03 11:42:00,702,54.75,53.655,11.775510204081636,11.540000000000001,39.59183673469388,38.8,7.551020408163265,7.4,5.26336734693878,0.0
2025-02-03 11:43:00,703,54.15,53.067,9.714285714285714,9.52,38.673469387755105,37.9,7.755102040816325,7.599999999999999,3.075857142857142,0.0
2025-02-03 11:44:00,704,53.6,52.528,9.683673469387756,9.49,39.08163265306123,38.3,7.755102040816325,7.599999999999999,3.99240816326531,0.0
2025-02-03 11:45:00,705,58.7,57.525999999999996,10.275510204081634,10.07,39.69387755102041,38.9,8.469387755102042,8.3,0.9127755102040885,0.0
2025-02-03 11:46:00,706,64.45,63.161,9.96938775510204,9.77,38.673469387755105,37.9,8.061224489795919,7.900000000000001,0.0,0.0
2025-02-03 11:47:00,707,68.25,66.88499999999999,9.520408163265307,9.33,39.08163265306123,38.3,6.326530612244898,6.2,0.0,0.0
2025-02-03 11:48:00,708,73.7,72.226,9.479591836734695,9.290000000000001,37.85714285714286,37.1,6.428571428571428,6.3,0.0,0.0
2025-02-03 11:49:00,709,78.5,76.93,9.459183673469388,9.27,37.755102040816325,37.0,6.530612244897959,6.4,0.0,0.0
2025-02-03 11:50:00,710,83.8,82.124,9.489795918367347,9.3,37.6530612244898,36.9,6.73469387755102,6.6,0.0,0.0
2025-02-03 11:51:00,711,83.75,82.075,9.714285714285714,9.52,37.04081632653061,36.3,8.26530612244898,8.1,0.0,0.0
2025-02-03 11:52:00,712,96.25,94.325,10.418367346938776,10.209999999999999,37.6530612244898,36.9,7.857142857142858,7.699999999999999,0.0,0.0
2025-02-03 11:53:00,713,95.55,93.63900000000001,10.418367346938776,10.209999999999999,37.44897959183674,36.7,6.326530612244898,6.2,0.0,0.0
2025-02-03 11:54:00,714,96.0,94.08,9.183673469387756,9.0,38.673469387755105,37.9,6.326530612244898,6.2,0.0,0.0
2025-02-03 11:55:00,715,94.3,92.41399999999999,9.438775510204081,9.25,37.244897959183675,36.5,6.632653061224491,6.5,0.0,0.0
2025-02-03 11:56:00,716,53.35,52.282999999999994,9.5,9.309999999999999,37.3469387755102,36.6,7.448979591836735,7.3,2.0129183673469426,0.0
2025-02-03 11:57:00,717,89.35,87.56299999999999,9.581632653061224,9.39,38.16326530612245,37.4,8.36734693877551,8.2,0.0,0.0
2025-02-03 11:58:00,718,92.0,90.16000000000001,9.448979591836734,9.26,38.57142857142858,37.8,7.857142857142858,7.699999999999999,0.0,0.0
2025-02-03 11:59:00,719,96.5,94.57000000000001,9.418367346938776,9.23,38.46938775510205,37.7,8.061224489795919,7.900000000000001,0.0,0.0
2025-02-03 12:00:00,720,90.75,88.93499999999999,9.816326530612248,9.620000000000001,38.06122448979592,37.3,7.857142857142858,7.699999999999999,0.0,0.0
2025-02-03 12:01:00,721,94.75,92.855,10.418367346938776,10.209999999999999,37.3469387755102,36.6,6.428571428571428,6.3,0.0,0.0
2025-02-03 12:02:00,722,90.8,88.984,9.510204081632654,9.32,37.6530612244898,36.9,6.632653061224491,6.5,0.0,0.0
2025-02-03 12:03:00,723,76.2,74.676,11.306122448979593,11.08,37.244897959183675,36.5,9.183673469387756,9.0,0.0,0.0
2025-02-03 12:04:00,724,60.0,58.8,11.081632653061224,10.86,37.142857142857146,36.4,10.306122448979592,10.1,0.0,0.0
2025-02-03 12:05:00,725,53.95,52.871,11.071428571428571,10.85,37.85714285714286,37.1,9.693877551020407,9.5,5.751448979591843,0.0
2025-02-03 12:06:00,726,51.0,49.98,10.020408163265307,9.82,38.46938775510205,37.7,7.653061224489796,7.5,6.1628571428571535,0.0
2025-02-03 12:07:00,727,57.95,56.791000000000004,10.000000000000002,9.8,37.44897959183674,36.7,7.142857142857143,7.0,0.0,0.0
2025-02-03 12:08:00,728,76.35,74.823,10.01020408163265,9.809999999999999,37.142857142857146,36.4,6.530612244897959,6.4,0.0,0.0
2025-02-03 12:09:00,729,0.55,0.5389999999999999,9.693877551020407,9.5,36.12244897959184,35.4,7.346938775510205,7.2,52.62426530612245,0.0
2025-02-03 12:10:00,730,28.6,28.028000000000002,9.153061224489797,8.97,36.734693877551024,36.0,8.061224489795919,7.900000000000001,25.920979591836737,0.0
2025-02-03 12:11:00,731,35.0,34.3,9.081632653061224,8.9,36.63265306122449,35.9,7.857142857142858,7.699999999999999,19.27142857142857,0.0
2025-02-03 12:12:00,732,51.5,50.47,9.387755102040815,9.2,36.326530612244895,35.6,6.326530612244898,6.2,1.570816326530613,0.0
2025-02-03 12:13:00,733,52.25,51.205000000000005,9.387755102040815,9.2,37.6530612244898,36.9,6.326530612244898,6.2,2.1623469387755034,0.0
2025-02-03 12:14:00,734,52.8,51.744,9.46938775510204,9.28,38.16326530612245,37.4,6.632653061224491,6.5,2.5213061224489755,0.0
2025-02-03 12:15:00,735,62.70000000000001,61.44600000000001,9.459183673469388,9.27,37.55102040816326,36.8,6.836734693877551,6.7,0.0,0.0
2025-02-03 12:16:00,736,64.5,63.209999999999994,9.377551020408166,9.190000000000001,36.93877551020408,36.2,8.571428571428573,8.4,0.0,0.0
2025-02-03 12:17:00,737,72.9,71.44200000000001,9.081632653061224,8.9,36.22448979591837,35.5,7.959183673469388,7.800000000000001,0.0,0.0
2025-02-03 12:18:00,738,72.95,71.491,9.03061224489796,8.85,36.83673469387755,36.1,6.326530612244898,6.2,0.0,0.0
2025-02-03 12:19:00,739,69.85,68.45299999999999,9.479591836734695,9.290000000000001,36.734693877551024,36.0,6.428571428571428,6.3,0.0,0.0
2025-02-03 12:20:00,740,75.65,74.13700000000001,9.46938775510204,9.28,36.83673469387755,36.1,6.632653061224491,6.5,0.0,0.0
2025-02-03 12:21:00,741,78.9,77.32200000000002,9.744897959183675,9.55,36.83673469387755,36.1,7.346938775510205,7.2,0.0,0.0
2025-02-03 12:22:00,742,87.2,85.45599999999999,9.510204081632654,9.32,38.16326530612245,37.4,8.26530612244898,8.1,0.0,0.0
2025-02-03 12:23:00,743,76.6,75.068,9.438775510204081,9.25,38.06122448979592,37.3,7.959183673469388,7.800000000000001,0.0,0.0
2025-02-03 12:24:00,744,78.55,76.97899999999998,9.5,9.309999999999999,36.42857142857143,35.7,7.959183673469388,7.800000000000001,0.0,0.0
2025-02-03 12:25:00,745,70.35,68.943,9.5,9.309999999999999,36.53061224489795,35.8,6.326530612244898,6.2,0.0,0.0
2025-02-03 12:26:00,746,76.9,75.362,9.714285714285714,9.52,38.9795918367347,38.2,6.632653061224491,6.5,0.0,0.0
2025-02-03 12:27:00,747,72.2,70.756,9.755102040816325,9.559999999999999,43.46938775510205,42.6,6.73469387755102,6.6,0.0,0.0
2025-02-03 12:28:00,748,92.45,90.601,9.73469387755102,9.540000000000001,45.61224489795919,44.7,8.36734693877551,8.2,0.0,0.0
2025-02-03 12:29:00,749,92.15,90.307,10.387755102040817,10.18,47.653061224489804,46.7,8.36734693877551,8.2,0.0,0.0
2025-02-03 12:30:00,750,84.75,83.05499999999999,10.408163265306122,10.2,48.06122448979592,47.1,8.16326530612245,8.0,0.0,0.0
2025-02-03 12:31:00,751,85.8,84.084,10.448979591836734,10.24,48.26530612244898,47.3,7.244897959183673,7.1,0.0,0.0
2025-02-03 12:32:00,752,78.2,76.63600000000001,9.755102040816325,9.559999999999999,47.653061224489804,46.7,7.448979591836735,7.3,0.0,0.0
2025-02-03 12:33:00,753,71.25,69.825,9.204081632653061,9.02,47.653061224489804,46.7,6.938775510204082,6.8,0.0,0.0
2025-02-03 12:34:00,754,78.7,77.126,10.13265306122449,9.93,47.653061224489804,46.7,7.959183673469388,7.800000000000001,0.0,0.0
2025-02-03 12:35:00,755,80.75,79.135,9.877551020408163,9.68,47.653061224489804,46.7,8.571428571428573,8.4,0.0,0.0
2025-02-03 12:36:00,756,82.2,80.556,10.173469387755103,9.97,49.08163265306122,48.1,8.877551020408163,8.7,0.0,0.0
2025-02-03 12:37:00,757,83.4,81.732,9.428571428571429,9.24,48.775510204081634,47.8,8.979591836734693,8.8,0.0,0.0
2025-02-03 12:38:00,758,75.95,74.431,9.683673469387756,9.49,49.89795918367347,48.9,6.530612244897959,6.4,0.0,0.0
2025-02-03 12:39:00,759,65.75,64.43500000000002,9.561224489795919,9.370000000000001,49.89795918367347,48.9,6.73469387755102,6.6,1.758877551020396,0.0
2025-02-03 12:40:00,760,74.35,72.86299999999999,9.53061224489796,9.34,47.75510204081632,46.8,6.836734693877551,6.7,0.0,0.0
2025-02-03 12:41:00,761,81.65,80.017,9.448979591836734,9.26,48.06122448979592,47.1,8.061224489795919,7.900000000000001,0.0,0.0
2025-02-03 12:42:00,762,84.0,82.32,9.489795918367347,9.3,48.87755102040817,47.9,8.571428571428573,8.4,0.0,0.0
2025-02-03 12:43:00,763,74.75,73.255,10.153061224489795,9.95,48.57142857142857,47.6,8.26530612244898,8.1,0.0,0.0
2025-02-03 12:44:00,764,63.05,61.788999999999994,10.102040816326532,9.9,50.102040816326536,49.1,8.36734693877551,8.2,6.782428571428581,0.0
2025-02-03 12:45:00,765,57.55,56.398999999999994,9.418367346938776,9.23,49.48979591836735,48.5,6.530612244897959,6.4,9.039775510204091,0.0
2025-02-03 12:46:00,766,55.8,54.68399999999999,9.10204081632653,8.92,49.285714285714285,48.3,6.632653061224491,6.5,10.336408163265311,0.0
2025-02-03 12:47:00,767,57.8,56.644,9.357142857142858,9.17,49.693877551020414,48.7,7.448979591836735,7.3,9.856000000000009,0.0
2025-02-03 12:48:00,768,70.25,68.845,9.020408163265307,8.84,49.59183673469388,48.6,8.571428571428573,8.4,0.0,0.0
2025-02-03 12:49:00,769,70.9,69.48200000000001,9.60204081632653,9.41,50.30612244897959,49.3,8.061224489795919,7.900000000000001,0.0,0.0
2025-02-03 12:50:00,770,71.4,69.97200000000001,9.653061224489795,9.459999999999999,50.51020408163265,49.5,7.959183673469388,7.800000000000001,0.0,0.0
2025-02-03 12:51:00,771,45.4,44.492,9.693877551020407,9.5,51.02040816326531,50.0,6.326530612244898,6.2,22.54881632653062,0.0
2025-02-03 12:52:00,772,44.65,43.757,9.540816326530612,9.35,51.42857142857142,50.4,6.326530612244898,6.2,23.53891836734694,0.0
2025-02-03 12:53:00,773,0.0,0.0,9.979591836734691,9.78,51.122448979591844,50.1,6.530612244897959,6.4,67.6326530612245,0.0
2025-02-03 12:54:00,774,0.0,0.0,9.938775510204081,9.74,51.53061224489796,50.5,7.551020408163265,7.4,69.02040816326532,0.0
2025-02-03 12:55:00,775,35.75,35.035,10.040816326530614,9.84,52.142857142857146,51.1,31.42857142857143,30.799999999999997,58.57724489795919,0.0
2025-02-03 12:56:00,776,33.95,33.27100000000001,9.438775510204081,9.25,51.938775510204074,50.9,32.244897959183675,31.600000000000005,60.35144897959184,0.0
2025-02-03 12:57:00,777,30.699999999999996,30.086,9.479591836734695,9.290000000000001,50.816326530612244,49.8,32.6530612244898,32.0,62.862979591836734,0.0
2025-02-03 12:58:00,778,31.049999999999997,30.429,9.408163265306122,9.22,51.122448979591844,50.1,35.30612244897959,34.6,65.40773469387756,0.0
2025-02-03 12:59:00,779,33.05,32.388999999999996,9.387755102040815,9.2,50.0,49.0,40.61224489795918,39.8,67.611,0.0
2025-02-03 13:00:00,780,39.7,38.906000000000006,9.122448979591837,8.940000000000001,50.71428571428572,49.7,45.0,44.1,65.93073469387755,0.0
2025-02-03 13:01:00,781,44.5,43.61,9.122448979591837,8.940000000000001,50.816326530612244,49.8,49.59183673469388,48.6,65.92061224489797,0.0
2025-02-03 13:02:00,782,42.45,41.601,9.153061224489797,8.97,50.40816326530612,49.4,52.95918367346939,51.9,70.9194081632653,0.0
2025-02-03 13:03:00,783,41.35,40.523,9.081632653061224,8.9,50.51020408163265,49.5,55.10204081632653,54.0,74.17087755102041,0.0
2025-02-03 13:04:00,784,42.1,41.257999999999996,9.173469387755103,8.99,49.89795918367347,48.9,57.34693877551021,56.2,75.16036734693877,0.0
2025-02-03 13:05:00,785,62.449999999999996,61.20099999999999,9.948979591836736,9.75,49.59183673469388,48.6,57.55102040816326,56.4,55.890836734693885,0.0
2025-02-03 13:06:00,786,62.60000000000001,61.34800000000001,9.795918367346939,9.6,48.673469387755105,47.7,58.16326530612245,57.0,55.284653061224475,0.0
2025-02-03 13:07:00,787,54.1,53.018,9.091836734693876,8.91,48.367346938775505,47.4,59.183673469387756,58.0,63.62485714285713,0.0
2025-02-03 13:08:00,788,56.0,54.879999999999995,9.112244897959183,8.93,48.06122448979592,47.1,59.08163265306123,57.9,61.37510204081633,0.0
2025-02-03 13:09:00,789,53.9,52.821999999999996,9.173469387755103,8.99,51.326530612244895,50.3,58.26530612244898,57.1,65.94330612244899,0.0
2025-02-03 13:10:00,790,54.4,53.312,9.387755102040815,9.2,51.42857142857142,50.4,57.44897959183673,56.3,64.95330612244896,0.0
2025-02-03 13:11:00,791,42.65,41.797,11.010204081632654,10.790000000000001,53.163265306122454,52.1,57.55102040816326,56.4,79.92748979591836,0.0
2025-02-03 13:12:00,792,50.5,49.489999999999995,11.020408163265309,10.8,52.95918367346939,51.9,57.75510204081633,56.6,72.24469387755103,0.0
2025-02-03 13:13:00,793,40.8,39.983999999999995,9.979591836734691,9.78,53.673469387755105,52.6,59.183673469387756,58.0,82.85273469387757,0.0
2025-02-03 13:14:00,794,43.25,42.385000000000005,9.959183673469388,9.76,55.61224489795918,54.5,59.08163265306123,57.9,82.2680612244898,0.0
2025-02-03 13:15:00,795,47.95,46.991,12.122448979591836,11.879999999999999,56.83673469387755,55.7,57.55102040816326,56.4,79.51920408163265,0.0
2025-02-03 13:16:00,796,46.5,45.57,12.16326530612245,11.92,56.93877551020408,55.8,57.55102040816326,56.4,81.08306122448978,0.0
2025-02-03 13:17:00,797,50.15,49.147,11.193877551020408,10.97,57.24489795918368,56.1,57.75510204081633,56.6,77.04687755102043,0.0
2025-02-03 13:18:00,798,41.25,40.425,9.377551020408166,9.190000000000001,58.97959183673469,57.8,58.46938775510204,57.3,86.40153061224491,0.0
2025-02-03 13:19:00,799,0.0,0.0,9.16326530612245,8.98,58.97959183673469,57.8,59.183673469387756,58.0,127.3265306122449,0.0
2025-02-03 13:20:00,800,61.49999999999999,60.269999999999996,9.173469387755103,8.99,56.83673469387755,55.7,59.38775510204082,58.2,65.12795918367348,0.0
2025-02-03 13:21:00,801,64.55,63.25899999999999,8.989795918367346,8.809999999999999,56.83673469387755,55.7,57.44897959183673,56.3,60.016510204081634,0.0
2025-02-03 13:22:00,802,48.5,47.53,9.704081632653061,9.51,55.51020408163266,54.4,6.428571428571428,6.3,24.112857142857145,0.0
2025-02-03 13:23:00,803,48.65,47.677,9.846938775510203,9.65,57.04081632653061,55.9,6.530612244897959,6.4,25.741367346938777,0.0
2025-02-03 13:24:00,804,52.55,51.49899999999999,9.193877551020408,9.01,58.87755102040816,57.7,8.775510204081634,8.6,25.347938775510222,0.0
2025-02-03 13:25:00,805,60.5,59.29,9.489795918367347,9.3,57.6530612244898,56.5,9.489795918367347,9.3,17.342653061224492,0.0
2025-02-03 13:26:00,806,65.5,64.19,9.173469387755103,8.99,58.673469387755105,57.5,9.285714285714286,9.1,12.942653061224497,0.0
2025-02-03 13:27:00,807,66.8,65.464,9.510204081632654,9.32,58.26530612244898,57.1,58.87755102040816,57.7,61.189061224489805,0.0
2025-02-03 13:28:00,808,62.05,60.809,9.46938775510204,9.28,57.24489795918368,56.1,58.46938775510204,57.3,64.37467346938776,0.0
2025-02-03 13:29:00,809,58.25,57.085,10.122448979591837,9.92,57.04081632653061,55.9,58.77551020408164,57.6,68.85377551020409,0.0
2025-02-03 13:30:00,810,56.1,54.978,10.122448979591837,9.92,57.04081632653061,55.9,59.08163265306123,57.9,71.26689795918368,0.0
2025-02-03 13:31:00,811,0.0,0.0,10.081632653061224,9.879999999999999,56.53061224489796,55.4,9.183673469387756,9.0,75.79591836734694,0.0
2025-02-03 13:32:00,812,36.1,35.378,10.071428571428573,9.870000000000001,56.3265306122449,55.2,8.061224489795919,7.900000000000001,39.08118367346939,0.0
2025-02-03 13:33:00,813,48.45,47.481,10.061224489795919,9.86,56.0204081632653,54.9,6.530612244897959,6.4,25.13124489795918,0.0
2025-02-03 13:34:00,814,37.45,36.70100000000001,9.775510204081634,9.58,55.91836734693878,54.8,6.428571428571428,6.3,35.42144897959183,0.0
2025-02-03 13:35:00,815,36.5,35.769999999999996,9.795918367346939,9.6,55.0,53.9,6.428571428571428,6.3,35.45448979591837,0.0
2025-02-03 13:36:00,816,41.85,41.013,9.76530612244898,9.57,55.51020408163266,54.4,6.73469387755102,6.6,30.997204081632656,0.0
2025-02-03 13:37:00,817,46.8,45.86399999999999,9.173469387755103,8.99,55.3061224489796,54.2,8.16326530612245,8.0,26.778857142857166,0.0
2025-02-03 13:38:00,818,51.2,50.176,10.224489795918366,10.02,55.714285714285715,54.6,7.857142857142858,7.699999999999999,23.619918367346934,0.0
2025-02-03 13:39:00,819,46.55,45.61899999999999,10.102040816326532,9.9,56.42857142857143,55.3,6.224489795918367,6.1,27.136102040816336,0.0
2025-02-03 13:40:00,820,44.5,43.61,9.173469387755103,8.99,57.75510204081633,56.6,6.326530612244898,6.2,29.645102040816337,0.0
2025-02-03 13:41:00,821,44.35,43.462999999999994,9.16326530612245,8.98,56.224489795918366,55.1,6.530612244897959,6.4,28.45536734693878,0.0
2025-02-03 13:42:00,822,45.5,44.589999999999996,9.10204081632653,8.92,56.224489795918366,55.1,6.836734693877551,6.7,27.573265306122448,0.0
2025-02-03 13:43:00,823,47.7,46.746,9.173469387755103,8.99,56.42857142857143,55.3,8.36734693877551,8.2,27.223387755102042,0.0
2025-02-03 13:44:00,824,50.3,49.294,9.489795918367347,9.3,56.93877551020408,55.8,7.959183673469388,7.800000000000001,25.093755102040824,0.0
2025-02-03 13:45:00,825,53.1,52.038,9.428571428571429,9.24,55.81632653061225,54.7,6.326530612244898,6.2,19.53342857142858,0.0
2025-02-03 13:46:00,826,49.5,48.51,10.122448979591837,9.92,55.51020408163266,54.4,6.326530612244898,6.2,23.44918367346939,0.0
2025-02-03 13:47:00,827,49.75,48.755,9.408163265306122,9.22,56.632653061224495,55.5,6.530612244897959,6.4,23.81642857142858,0.0
2025-02-03 13:48:00,828,51.4,50.372,10.040816326530614,9.84,55.81632653061225,54.7,6.530612244897959,6.4,22.01575510204082,0.0
2025-02-03 13:49:00,829,49.9,48.901999999999994,10.489795918367346,10.28,55.40816326530612,54.3,8.16326530612245,8.0,25.159224489795918,0.0
2025-02-03 13:50:00,830,51.2,50.176,10.438775510204081,10.23,56.0204081632653,54.9,7.959183673469388,7.800000000000001,24.242367346938774,0.0
2025-02-03 13:51:00,831,48.95,47.971000000000004,9.142857142857142,8.959999999999999,55.204081632653065,54.1,6.326530612244898,6.2,22.7024693877551,0.0
2025-02-03 13:52:00,832,38.65,37.876999999999995,9.10204081632653,8.92,56.42857142857143,55.3,6.326530612244898,6.2,33.98014285714286,0.0
2025-02-03 13:53:00,833,38.95,38.171,9.714285714285714,9.52,55.10204081632653,54.0,6.428571428571428,6.3,33.07389795918367,0.0
2025-02-03 13:54:00,834,38.85,38.073,10.397959183673471,10.190000000000001,55.3061224489796,54.2,7.551020408163265,7.4,35.18210204081633,0.0
2025-02-03 13:55:00,835,41.6,40.768,10.714285714285715,10.5,54.48979591836735,53.4,8.673469387755102,8.5,33.10955102040816,0.0
2025-02-03 13:56:00,836,47.0,46.059999999999995,9.663265306122451,9.47,53.97959183673469,52.9,8.673469387755102,8.5,26.25632653061225,0.0
2025-02-03 13:57:00,837,52.2,51.156,9.673469387755103,9.48,56.93877551020408,55.8,6.326530612244898,6.2,21.78277551020408,0.0
2025-02-03 13:58:00,838,51.0,49.98,11.846938775510203,11.61,37.6530612244898,36.9,6.428571428571428,6.3,5.9485714285714275,0.0
2025-02-03 13:59:00,839,59.25,58.065,12.081632653061224,11.84,40.00000000000001,39.2,6.530612244897959,6.4,0.5472448979591849,0.0
2025-02-03 14:00:00,840,58.5,57.33,11.908163265306124,11.67,46.326530612244895,45.4,8.571428571428573,8.4,9.47612244897959,0.0
2025-02-03 14:01:00,841,53.3,52.233999999999995,11.326530612244898,11.1,56.42857142857143,55.3,9.387755102040815,9.2,24.908857142857144,0.0
2025-02-03 14:02:00,842,47.45,46.501000000000005,11.63265306122449,11.4,45.0,44.1,8.26530612244898,8.1,18.396959183673466,0.0
2025-02-03 14:03:00,843,40.45,39.641000000000005,11.591836734693878,11.36,44.285714285714285,43.4,6.428571428571428,6.3,22.665122448979584,0.0
2025-02-03 14:04:00,844,36.7,35.966,17.07142857142857,16.73,36.53061224489795,35.8,6.530612244897959,6.4,24.16665306122448,0.0
2025-02-03 14:05:00,845,36.75,36.015,14.857142857142856,14.559999999999999,39.69387755102041,38.9,6.530612244897959,6.4,25.066632653061223,0.0
2025-02-03 14:06:00,846,36.0,35.28,12.642857142857144,12.39,43.6734693877551,42.8,7.653061224489796,7.5,28.68938775510204,0.0
2025-02-03 14:07:00,847,34.9,34.202,9.561224489795919,9.370000000000001,42.14285714285714,41.3,8.26530612244898,8.1,25.76738775510204,0.0
2025-02-03 14:08:00,848,34.25,33.565,9.53061224489796,9.34,46.73469387755102,45.8,8.16326530612245,8.0,30.863571428571426,0.0
2025-02-03 14:09:00,849,34.45,33.761,9.316326530612244,9.129999999999999,48.673469387755105,47.7,6.326530612244898,6.2,30.55532653061224,0.0
2025-02-03 14:10:00,850,31.65,31.016999999999996,9.081632653061224,8.9,50.102040816326536,49.1,6.428571428571428,6.3,34.59524489795919,0.0
2025-02-03 14:11:00,851,30.5,29.89,9.142857142857142,8.959999999999999,51.938775510204074,50.9,6.530612244897959,6.4,37.72224489795918,0.0
2025-02-03 14:12:00,852,29.05,28.469,9.16326530612245,8.98,52.6530612244898,51.6,7.448979591836735,7.3,40.796306122448975,0.0
2025-02-03 14:13:00,853,28.8,28.224000000000004,9.122448979591837,8.940000000000001,52.6530612244898,51.6,8.16326530612245,8.0,41.714775510204085,0.0
2025-02-03 14:14:00,854,29.6,29.008,9.112244897959183,8.93,51.326530612244895,50.3,8.061224489795919,7.900000000000001,39.49199999999999,0.0
2025-02-03 14:15:00,855,30.6,29.988,9.173469387755103,8.99,51.02040816326531,50.0,6.326530612244898,6.2,36.53240816326531,0.0
2025-02-03 14:16:00,856,29.95,29.351,9.663265306122451,9.47,50.91836734693877,49.9,6.326530612244898,6.2,37.55716326530613,0.0
2025-02-03 14:17:00,857,30.05,29.449,9.683673469387756,9.49,51.02040816326531,50.0,7.142857142857143,7.0,38.39793877551021,0.0
2025-02-03 14:18:00,858,29.95,29.351,9.683673469387756,9.49,50.204081632653065,49.2,7.959183673469388,7.800000000000001,38.49593877551021,0.0
2025-02-03 14:19:00,859,30.399999999999995,29.791999999999994,10.673469387755102,10.459999999999999,49.183673469387756,48.2,9.285714285714286,9.1,39.350857142857144,0.0
2025-02-03 14:20:00,860,30.950000000000003,30.331000000000003,10.36734693877551,10.16,49.89795918367347,48.9,8.571428571428573,8.4,38.50573469387755,0.0
2025-02-03 14:21:00,861,32.65,31.997,9.989795918367347,9.790000000000001,49.285714285714285,48.3,6.326530612244898,6.2,33.60504081632653,0.0
2025-02-03 14:22:00,862,33.45,32.781,10.051020408163264,9.85,49.38775510204082,48.4,6.326530612244898,6.2,32.984306122448984,0.0
2025-02-03 14:23:00,863,34.6,33.907999999999994,10.051020408163264,9.85,49.59183673469388,48.6,6.530612244897959,6.4,32.26546938775511,0.0
2025-02-03 14:24:00,864,34.9,34.202,10.01020408163265,9.809999999999999,49.795918367346935,48.8,6.530612244897959,6.4,32.13473469387755,0.0
2025-02-03 14:25:00,865,34.85,34.153,9.489795918367347,9.3,49.183673469387756,48.2,7.959183673469388,7.800000000000001,32.4796530612245,0.0
2025-02-03 14:26:00,866,34.5,33.81,9.214285714285715,9.03,49.285714285714285,48.3,7.959183673469388,7.800000000000001,32.64918367346939,0.0
2025-02-03 14:27:00,867,33.95,33.27100000000001,9.479591836734695,9.290000000000001,48.46938775510204,47.5,6.326530612244898,6.2,31.004510204081626,0.0
2025-02-03 14:28:00,868,33.65,32.977,9.39795918367347,9.209999999999999,48.46938775510204,47.5,6.326530612244898,6.2,31.21687755102041,0.0
2025-02-03 14:29:00,869,35.3,34.593999999999994,9.132653061224488,8.95,48.163265306122454,47.2,6.530612244897959,6.4,29.23253061224491,0.0
2025-02-03 14:30:00,870,33.35,32.68300000000001,9.459183673469388,9.27,48.57142857142857,47.6,6.530612244897959,6.4,31.87822448979592,0.0
2025-02-03 14:31:00,871,33.6,32.928000000000004,11.336734693877549,11.11,48.57142857142857,47.6,7.959183673469388,7.800000000000001,34.9393469387755,0.0
2025-02-03 14:32:00,872,31.85,31.213,11.285714285714285,11.059999999999999,48.57142857142857,47.6,7.857142857142858,7.699999999999999,36.501285714285714,0.0
2025-02-03 14:33:00,873,30.35,29.743000000000002,12.306122448979592,12.059999999999999,47.24489795918367,46.3,6.326530612244898,6.2,36.13455102040816,0.0
2025-02-03 14:34:00,874,30.0,29.4,12.428571428571427,12.18,46.63265306122449,45.7,6.326530612244898,6.2,35.987755102040815,0.0
2025-02-03 14:35:00,875,28.05,27.489,9.316326530612244,9.129999999999999,46.122448979591844,45.2,6.530612244897959,6.4,34.48038775510204,0.0
2025-02-03 14:36:00,876,27.05,26.509,9.561224489795919,9.370000000000001,46.122448979591844,45.2,6.632653061224491,6.5,35.80732653061225,0.0
2025-02-03 14:37:00,877,26.6,26.068,9.479591836734695,9.290000000000001,45.91836734693878,45.0,8.16326530612245,8.0,37.49322448979593,0.0
2025-02-03 14:38:00,878,26.55,26.019,9.60204081632653,9.41,46.122448979591844,45.2,7.857142857142858,7.699999999999999,37.56263265306123,0.0
2025-02-03 14:39:00,879,24.05,23.569,10.153061224489795,9.95,45.51020408163266,44.6,6.326530612244898,6.2,38.420795918367354,0.0
2025-02-03 14:40:00,880,22.95,22.491,10.102040816326532,9.9,45.30612244897959,44.4,6.428571428571428,6.3,39.34573469387755,0.0
2025-02-03 14:41:00,881,21.75,21.315,10.051020408163264,9.85,44.18367346938775,43.3,6.428571428571428,6.3,39.348265306122435,0.0
2025-02-03 14:42:00,882,21.25,20.825000000000003,10.051020408163264,9.85,43.57142857142857,42.7,7.142857142857143,7.0,39.94030612244897,0.0
2025-02-03 14:43:00,883,19.25,18.865000000000002,9.704081632653061,9.51,43.46938775510205,42.6,8.571428571428573,8.4,42.87989795918369,0.0
2025-02-03 14:44:00,884,18.15,17.787,9.785714285714286,9.59,43.16326530612245,42.3,8.673469387755102,8.5,43.83544897959183,0.0
2025-02-03 14:45:00,885,18.0,17.64,9.744897959183675,9.55,43.26530612244898,42.4,7.653061224489796,7.5,43.02326530612245,0.0
2025-02-03 14:46:00,886,18.25,17.884999999999998,10.418367346938776,10.209999999999999,43.57142857142857,42.7,7.142857142857143,7.0,43.24765306122449,0.0
2025-02-03 14:47:00,887,18.6,18.228,9.867346938775508,9.67,43.775510204081634,42.9,6.530612244897959,6.4,41.945469387755104,0.0
2025-02-03 14:48:00,888,18.9,18.522,11.36734693877551,11.14,31.53061224489796,30.900000000000002,7.346938775510205,7.2,31.722897959183673,0.0
2025-02-03 14:49:00,889,20.55,20.139,11.336734693877549,11.11,31.836734693877553,31.200000000000003,7.959183673469388,7.800000000000001,30.99365306122449,0.0
2025-02-03 14:50:00,890,20.65,20.236999999999995,11.316326530612246,11.09,31.836734693877553,31.200000000000003,7.959183673469388,7.800000000000001,30.87524489795919,0.0
2025-02-03 14:51:00,891,20.2,19.796000000000003,11.36734693877551,11.14,31.42857142857143,30.799999999999997,6.428571428571428,6.3,29.42848979591837,0.0
2025-02-03 14:52:00,892,18.85,18.473,11.183673469387752,10.959999999999999,32.04081632653062,31.4,6.530612244897959,6.4,31.28210204081633,0.0
2025-02-03 14:53:00,893,19.2,18.816,9.061224489795919,8.879999999999999,32.14285714285714,31.5,6.530612244897959,6.4,28.91869387755102,0.0
2025-02-03 14:54:00,894,19.2,18.816,9.346938775510205,9.16,31.93877551020409,31.300000000000004,7.653061224489796,7.5,30.122775510204086,0.0
2025-02-03 14:55:00,895,19.4,19.011999999999997,9.5,9.309999999999999,31.836734693877553,31.200000000000003,8.26530612244898,8.1,30.590040816326535,0.0
2025-02-03 14:56:00,896,20.65,20.236999999999995,10.153061224489795,9.95,32.44897959183674,31.8,8.16326530612245,8.0,30.528306122448985,0.0
2025-02-03 14:57:00,897,21.3,20.874000000000002,9.959183673469388,9.76,32.44897959183674,31.8,6.326530612244898,6.2,27.860693877551018,0.0
2025-02-03 14:58:00,898,20.2,19.796000000000003,10.36734693877551,10.16,32.95918367346939,32.3,6.530612244897959,6.4,30.061142857142855,0.0
2025-02-03 14:59:00,899,18.55,18.179000000000002,11.591836734693878,11.36,32.95918367346939,32.3,6.632653061224491,6.5,33.004673469387754,0.0
2025-02-03 15:00:00,900,15.75,15.434999999999999,10.122448979591837,9.92,33.26530612244898,32.6,7.755102040816325,7.599999999999999,35.70785714285715,0.0
2025-02-03 15:01:00,901,14.45,14.161,10.795918367346939,10.58,32.6530612244898,32.0,8.16326530612245,8.0,37.45124489795919,0.0
2025-02-03 15:02:00,902,13.4,13.132,12.39795918367347,12.15,31.53061224489796,30.900000000000002,7.959183673469388,7.800000000000001,38.755755102040816,0.0
2025-02-03 15:03:00,903,12.5,12.25,12.408163265306122,12.16,31.326530612244895,30.699999999999996,6.326530612244898,6.2,37.81122448979592,0.0
2025-02-03 15:04:00,904,12.05,11.809,11.316326530612246,11.09,32.244897959183675,31.600000000000005,6.428571428571428,6.3,38.180795918367345,0.0
2025-02-03 15:05:00,905,11.7,11.465999999999998,11.93877551020408,11.7,32.14285714285714,31.5,6.530612244897959,6.4,39.146244897959185,0.0
2025-02-03 15:06:00,906,10.8,10.584000000000001,11.316326530612246,11.09,33.06122448979592,32.4,6.836734693877551,6.7,40.630285714285705,0.0
2025-02-03 15:07:00,907,9.9,9.702,11.346938775510205,11.120000000000001,33.673469387755105,33.0,8.26530612244898,8.1,43.58371428571429,0.0
2025-02-03 15:08:00,908,7.85,7.6930000000000005,11.387755102040817,11.16,33.97959183673469,33.3,8.061224489795919,7.900000000000001,45.73557142857142,0.0
2025-02-03 15:09:00,909,6.35,6.222999999999999,11.418367346938778,11.190000000000001,33.57142857142857,32.9,6.326530612244898,6.2,45.09332653061225,0.0
2025-02-03 15:10:00,910,4.95,4.851,10.867346938775512,10.65,32.44897959183674,31.8,6.326530612244898,6.2,44.79185714285715,0.0
2025-02-03 15:11:00,911,4.05,3.9689999999999994,11.122448979591837,10.9,31.93877551020409,31.300000000000004,6.530612244897959,6.4,45.622836734693884,0.0
2025-02-03 15:12:00,912,3.1,3.038,11.132653061224492,10.91,32.6530612244898,32.0,6.530612244897959,6.4,47.278326530612254,0.0
2025-02-03 15:13:00,913,2.75,2.6949999999999994,11.132653061224492,10.91,32.95918367346939,32.3,7.959183673469388,7.800000000000001,49.35602040816327,0.0
2025-02-03 15:14:00,914,2.15,2.107,11.112244897959185,10.89,33.06122448979592,32.4,8.571428571428573,8.4,50.637897959183675,0.0
2025-02-03 15:15:00,915,2.1,2.0580000000000003,11.163265306122451,10.940000000000001,33.87755102040817,33.2,6.938775510204082,6.8,49.921591836734706,0.0
2025-02-03 15:16:00,916,1.8,1.7640000000000002,11.775510204081636,11.540000000000001,34.183673469387756,33.5,6.938775510204082,6.8,51.13395918367347,0.0
2025-02-03 15:17:00,917,1.5,1.47,11.785714285714285,11.55,33.97959183673469,33.3,6.428571428571428,6.3,50.7238775510204,0.0
2025-02-03 15:18:00,918,1.2,1.176,11.54081632653061,11.309999999999999,33.775510204081634,33.1,6.530612244897959,6.4,50.6709387755102,0.0
2025-02-03 15:19:00,919,0.9499999999999998,0.9309999999999998,10.959183673469388,10.74,32.85714285714286,32.2,8.061224489795919,7.900000000000001,50.946551020408165,0.0
2025-02-03 15:20:00,920,0.85,0.833,10.836734693877553,10.620000000000001,32.755102040816325,32.1,8.673469387755102,8.5,51.43230612244898,0.0
2025-02-03 15:21:00,921,1.1,1.0779999999999998,10.887755102040817,10.67,32.755102040816325,32.1,6.938775510204082,6.8,49.50363265306123,0.0
2025-02-03 15:22:00,922,1.1,1.0779999999999998,10.877551020408164,10.66,33.06122448979592,32.4,6.326530612244898,6.2,49.18730612244897,0.0
2025-02-03 15:23:00,923,1.4,1.3719999999999999,12.775510204081634,12.52,33.97959183673469,33.3,7.142857142857143,7.0,52.525959183673464,0.0
2025-02-03 15:24:00,924,1.7,1.666,12.806122448979593,12.55,34.38775510204083,33.7,7.142857142857143,7.0,52.67073469387756,0.0
2025-02-03 15:25:00,925,2.05,2.009,11.744897959183675,11.51,34.38775510204083,33.7,8.061224489795919,7.900000000000001,52.18487755102041,0.0
2025-02-03 15:26:00,926,2.5,2.45,11.438775510204081,11.209999999999999,34.28571428571429,33.6,8.061224489795919,7.900000000000001,51.33571428571429,0.0
2025-02-03 15:27:00,927,2.6,2.548,11.36734693877551,11.14,33.06122448979592,32.4,6.938775510204082,6.8,48.81934693877551,0.0
2025-02-03 15:28:00,928,2.75,2.6949999999999994,11.704081632653063,11.47,33.16326530612245,32.5,6.224489795918367,6.1,48.39683673469388,0.0
2025-02-03 15:29:00,929,2.9,2.842,12.346938775510205,12.1,33.16326530612245,32.5,6.428571428571428,6.3,49.096775510204075,0.0
2025-02-03 15:30:00,930,3.4,3.332,11.989795918367347,11.75,33.26530612244898,32.6,6.530612244897959,6.4,48.45371428571429,0.0
2025-02-03 15:31:00,931,4.3,4.214,13.85714285714286,13.580000000000002,33.97959183673469,33.3,7.755102040816325,7.599999999999999,51.37783673469387,0.0
2025-02-03 15:32:00,932,5.8,5.684,13.795918367346939,13.52,34.08163265306122,33.4,8.061224489795919,7.900000000000001,50.254775510204084,0.0
2025-02-03 15:33:00,933,8.55,8.379000000000001,13.285714285714285,13.02,33.57142857142857,32.9,7.857142857142858,7.699999999999999,46.33528571428571,0.0
2025-02-03 15:34:00,934,10.25,10.045,13.224489795918368,12.959999999999999,33.36734693877551,32.7,6.326530612244898,6.2,42.87336734693878,0.0
2025-02-03 15:35:00,935,12.65,12.397,11.071428571428571,10.85,32.55102040816327,31.9,6.428571428571428,6.3,37.65402040816326,0.0
2025-02-03 15:36:00,936,14.1,13.817999999999998,10.795918367346939,10.58,33.36734693877551,32.7,7.244897959183673,7.1,37.590163265306124,0.0
2025-02-03 15:37:00,937,15.399999999999999,15.092,11.23469387755102,11.01,33.26530612244898,32.6,8.36734693877551,8.2,37.77534693877551,0.0
2025-02-03 15:38:00,938,16.0,15.679999999999998,10.744897959183673,10.53,33.775510204081634,33.1,8.16326530612245,8.0,37.003673469387756,0.0
2025-02-03 15:39:00,939,15.7,15.386000000000001,10.755102040816327,10.540000000000001,34.69387755102041,34.0,8.16326530612245,8.0,38.226244897959184,0.0
2025-02-03 15:40:00,940,14.95,14.650999999999998,10.795918367346939,10.58,34.38775510204083,33.7,6.326530612244898,6.2,36.85920408163266,0.0
2025-02-03 15:41:00,941,12.7,12.445999999999998,11.387755102040817,11.16,34.38775510204083,33.7,6.530612244897959,6.4,39.8601224489796,0.0
2025-02-03 15:42:00,942,12.05,11.809,10.734693877551019,10.52,33.26530612244898,32.6,7.244897959183673,7.1,39.43589795918368,0.0
2025-02-03 15:43:00,943,12.05,11.809,10.734693877551019,10.52,33.26530612244898,32.6,8.26530612244898,8.1,40.456306122448986,0.0
2025-02-03 15:44:00,944,13.25,12.985,10.775510204081632,10.559999999999999,33.775510204081634,33.1,8.061224489795919,7.900000000000001,39.62724489795919,0.0
2025-02-03 15:45:00,945,13.6,13.328,10.755102040816327,10.540000000000001,34.183673469387756,33.5,7.244897959183673,7.1,38.85567346938775,0.0
2025-02-03 15:46:00,946,13.55,13.279000000000002,11.153061224489797,10.93,34.69387755102041,34.0,6.428571428571428,6.3,38.99651020408162,0.0
2025-02-03 15:47:00,947,13.1,12.838,12.816326530612244,12.559999999999999,34.59183673469387,33.9,6.530612244897959,6.4,41.10077551020408,0.0
2025-02-03 15:48:00,948,12.65,12.397,12.785714285714285,12.53,33.87755102040817,33.2,6.938775510204082,6.8,41.20504081632654,0.0
2025-02-03 15:49:00,949,12.3,12.054000000000002,11.918367346938776,11.68,33.673469387755105,33.0,8.16326530612245,8.0,41.70110204081633,0.0
2025-02-03 15:50:00,950,12.35,12.103000000000002,11.66326530612245,11.43,33.16326530612245,32.5,7.959183673469388,7.800000000000001,40.68271428571428,0.0
2025-02-03 15:51:00,951,12.0,11.76,11.744897959183675,11.51,33.26530612244898,32.6,6.326530612244898,6.2,39.576734693877555,0.0
2025-02-03 15:52:00,952,11.35,11.123,11.306122448979593,11.08,16.836734693877553,16.5,6.428571428571428,6.3,23.44842857142858,0.0
2025-02-03 15:53:00,953,10.3,10.094000000000001,11.45918367346939,11.23,16.836734693877553,16.5,6.530612244897959,6.4,24.732530612244904,0.0
2025-02-03 15:54:00,954,9.25,9.065000000000001,11.39795918367347,11.17,17.653061224489797,17.3,6.530612244897959,6.4,26.516632653061222,0.0
2025-02-03 15:55:00,955,9.0,8.82,11.306122448979593,11.08,17.959183673469386,17.6,8.16326530612245,8.0,28.608571428571434,0.0
2025-02-03 15:56:00,956,9.8,9.604000000000001,10.76530612244898,10.55,17.959183673469386,17.6,8.061224489795919,7.900000000000001,27.181714285714285,0.0
2025-02-03 15:57:00,957,9.75,9.555,10.836734693877553,10.620000000000001,17.755102040816325,17.4,6.326530612244898,6.2,25.36336734693878,0.0
2025-02-03 15:58:00,958,9.25,9.065000000000001,10.857142857142858,10.64,17.346938775510203,17.0,6.326530612244898,6.2,25.465612244897958,0.0
2025-02-03 15:59:00,959,8.8,8.623999999999999,10.714285714285715,10.5,17.44897959183674,17.1,6.428571428571428,6.3,25.96783673469388,0.0
2025-02-03 16:00:00,960,7.65,7.497,10.744897959183673,10.53,17.653061224489797,17.3,6.530612244897959,6.4,27.431571428571427,0.0
2025-02-03 16:01:00,961,7.1,6.958,10.724489795918368,10.51,18.06122448979592,17.7,8.673469387755102,8.5,30.501183673469384,0.0
2025-02-03 16:02:00,962,8.3,8.134,10.76530612244898,10.55,18.6734693877551,18.3,8.571428571428573,8.4,29.876204081632654,0.0
2025-02-03 16:03:00,963,8.9,8.722,11.112244897959185,10.89,18.571428571428573,18.2,6.428571428571428,6.3,27.390244897959185,0.0
2025-02-03 16:04:00,964,9.5,9.309999999999999,11.061224489795919,10.84,18.367346938775512,18.0,6.326530612244898,6.2,26.44510204081633,0.0
2025-02-03 16:05:00,965,8.85,8.672999999999998,11.071428571428571,10.85,17.959183673469386,17.6,6.428571428571428,6.3,26.786183673469388,0.0
2025-02-03 16:06:00,966,9.2,9.016,11.030612244897958,10.809999999999999,17.85714285714286,17.5,7.244897959183673,7.1,27.11665306122449,0.0
2025-02-03 16:07:00,967,9.05,8.869000000000002,11.040816326530612,10.82,18.06122448979592,17.7,8.673469387755102,8.5,28.90651020408163,0.0
2025-02-03 16:08:00,968,9.6,9.408,11.071428571428571,10.85,18.265306122448976,17.9,8.673469387755102,8.5,28.602204081632646,0.0
2025-02-03 16:09:00,969,10.4,10.192,11.418367346938778,11.190000000000001,18.6734693877551,18.3,6.326530612244898,6.2,26.226367346938776,0.0
2025-02-03 16:10:00,970,10.6,10.388,11.96938775510204,11.73,18.46938775510204,18.1,6.428571428571428,6.3,26.479346938775514,0.0
2025-02-03 16:11:00,971,10.7,10.485999999999999,11.918367346938776,11.68,17.959183673469386,17.6,6.428571428571428,6.3,25.820122448979593,0.0
2025-02-03 16:12:00,972,10.4,10.192,11.438775510204081,11.209999999999999,17.755102040816325,17.4,6.530612244897959,6.4,25.53248979591837,0.0
2025-02-03 16:13:00,973,10.15,9.947,11.336734693877549,11.11,18.46938775510204,18.1,7.959183673469388,7.800000000000001,27.818306122448984,0.0
2025-02-03 16:14:00,974,10.2,9.995999999999999,12.010204081632653,11.77,18.367346938775512,18.0,8.061224489795919,7.900000000000001,28.442775510204086,0.0
2025-02-03 16:15:00,975,12.0,11.76,12.020408163265307,11.78,18.571428571428573,18.2,6.326530612244898,6.2,25.158367346938775,0.0
2025-02-03 16:16:00,976,12.55,12.299,12.010204081632653,11.77,18.979591836734695,18.6,6.428571428571428,6.3,25.119367346938777,0.0
2025-02-03 16:17:00,977,12.8,12.544,11.387755102040817,11.16,18.77551020408163,18.4,6.530612244897959,6.4,24.149877551020406,0.0
2025-02-03 16:18:00,978,12.55,12.299,11.357142857142856,11.129999999999999,18.265306122448976,17.9,6.530612244897959,6.4,23.854061224489794,0.0
2025-02-03 16:19:00,979,11.25,11.025,10.785714285714286,10.57,17.653061224489797,17.3,7.551020408163265,7.4,24.964795918367347,0.0
2025-02-03 16:20:00,980,10.55,10.339,10.846938775510203,10.629999999999999,17.85714285714286,17.5,7.959183673469388,7.800000000000001,26.32426530612245,0.0
2025-02-03 16:21:00,981,9.9,9.702,11.112244897959185,10.89,17.755102040816325,17.4,6.326530612244898,6.2,25.49187755102041,0.0
2025-02-03 16:22:00,982,9.55,9.359,11.693877551020407,11.459999999999999,18.46938775510204,18.1,6.326530612244898,6.2,27.130795918367347,0.0
2025-02-03 16:23:00,983,9.0,8.82,11.724489795918368,11.49,18.6734693877551,18.3,6.530612244897959,6.4,28.10857142857143,0.0
2025-02-03 16:24:00,984,8.25,8.085,11.061224489795919,10.84,18.6734693877551,18.3,6.836734693877551,6.7,28.486428571428572,0.0
2025-02-03 16:25:00,985,6.5,6.37,11.0,10.78,19.591836734693878,19.2,7.959183673469388,7.800000000000001,32.18102040816326,0.0
2025-02-03 16:26:00,986,6.25,6.125,11.10204081632653,10.879999999999999,18.6734693877551,18.3,8.16326530612245,8.0,31.81377551020408,0.0
2025-02-03 16:27:00,987,6.1,5.978,11.112244897959185,10.89,18.46938775510204,18.1,6.326530612244898,6.2,29.930163265306124,0.0
2025-02-03 16:28:00,988,6.35,6.222999999999999,10.734693877551019,10.52,18.571428571428573,18.2,6.326530612244898,6.2,29.40965306122449,0.0
2025-02-03 16:29:00,989,6.55,6.419,12.0,11.76,18.367346938775512,18.0,6.530612244897959,6.4,30.478959183673474,0.0
2025-02-03 16:30:00,990,6.95,6.810999999999999,11.755102040816327,11.52,18.77551020408163,18.4,6.530612244897959,6.4,30.25022448979592,0.0
2025-02-03 16:31:00,991,7.2,7.056000000000001,10.877551020408164,10.66,18.877551020408163,18.5,7.551020408163265,7.4,30.250122448979596,0.0
2025-02-03 16:32:00,992,7.45,7.301,10.877551020408164,10.66,18.877551020408163,18.5,7.857142857142858,7.699999999999999,30.311244897959185,0.0
2025-02-03 16:33:00,993,7.15,7.007000000000001,10.948979591836736,10.73,18.6734693877551,18.3,6.326530612244898,6.2,28.941979591836738,0.0
2025-02-03 16:34:00,994,7.15,7.007000000000001,11.510204081632653,11.28,18.367346938775512,18.0,7.040816326530613,6.9,29.91136734693878,0.0
2025-02-03 16:35:00,995,6.7,6.566,11.448979591836736,11.22,18.6734693877551,18.3,7.142857142857143,7.0,30.69930612244898,0.0
2025-02-03 16:36:00,996,6.55,6.419,11.39795918367347,11.17,18.77551020408163,18.4,7.346938775510205,7.2,31.101408163265305,0.0
2025-02-03 16:37:00,997,7.15,7.007000000000001,11.489795918367347,11.26,18.77551020408163,18.4,7.755102040816325,7.599999999999999,31.0134081632653,0.0
2025-02-03 16:38:00,998,7.699999999999999,7.546,11.76530612244898,11.53,19.081632653061224,18.7,7.959183673469388,7.800000000000001,31.26012244897959,0.0
2025-02-03 16:39:00,999,7.800000000000001,7.644000000000001,11.775510204081636,11.540000000000001,19.183673469387756,18.8,6.326530612244898,6.2,29.64171428571429,0.0
2025-02-03 16:40:00,1000,8.45,8.280999999999999,12.5,12.25,18.571428571428573,18.2,6.428571428571428,6.3,29.219,0.0
2025-02-03 16:41:00,1001,8.8,8.623999999999999,12.479591836734695,12.23,18.46938775510204,18.1,6.530612244897959,6.4,28.855591836734696,0.0
2025-02-03 16:42:00,1002,8.65,8.476999999999999,12.418367346938776,12.17,18.46938775510204,18.1,6.530612244897959,6.4,28.941367346938776,0.0
2025-02-03 16:43:00,1003,8.0,7.839999999999999,11.163265306122451,10.940000000000001,18.6734693877551,18.3,7.959183673469388,7.800000000000001,29.95591836734694,0.0
2025-02-03 16:44:00,1004,6.2,6.076,10.877551020408164,10.66,19.183673469387756,18.8,8.061224489795919,7.900000000000001,32.04644897959184,0.0
2025-02-03 16:45:00,1005,5.7,5.586,10.897959183673468,10.68,19.183673469387756,18.8,6.326530612244898,6.2,30.822163265306123,0.0
2025-02-03 16:46:00,1006,5.15,5.047000000000001,10.857142857142858,10.64,19.28571428571429,18.9,6.938775510204082,6.8,32.03463265306123,0.0
2025-02-03 16:47:00,1007,4.7,4.606,10.908163265306124,10.690000000000001,18.877551020408163,18.5,7.755102040816325,7.599999999999999,32.93481632653061,0.0
2025-02-03 16:48:00,1008,3.8499999999999996,3.773,10.724489795918368,10.51,18.46938775510204,18.1,7.755102040816325,7.599999999999999,33.17597959183673,0.0
2025-02-03 16:49:00,1009,3.55,3.479,12.979591836734697,12.72,18.6734693877551,18.3,7.959183673469388,7.800000000000001,36.13324489795919,0.0
2025-02-03 16:50:00,1010,2.95,2.891,12.938775510204081,12.68,18.877551020408163,18.5,7.959183673469388,7.800000000000001,36.884510204081636,0.0
2025-02-03 16:51:00,1011,3.15,3.0869999999999997,14.275510204081632,13.99,19.183673469387756,18.8,6.326530612244898,6.2,36.69871428571429,0.0
2025-02-03 16:52:00,1012,2.6,2.548,14.020408163265309,13.74,19.387755102040813,19.0,6.326530612244898,6.2,37.18669387755102,0.0
2025-02-03 16:53:00,1013,1.9500000000000002,1.9110000000000003,11.877551020408164,11.64,19.387755102040813,19.0,6.428571428571428,6.3,35.782877551020405,0.0
2025-02-03 16:54:00,1014,2.55,2.4989999999999997,10.806122448979592,10.59,17.346938775510203,17.0,7.142857142857143,7.0,32.79691836734694,0.0
2025-02-03 16:55:00,1015,1.65,1.617,13.346938775510205,13.080000000000002,17.959183673469386,17.6,8.673469387755102,8.5,38.3625918367347,0.0
2025-02-03 16:56:00,1016,1.25,1.225,13.306122448979593,13.040000000000001,1.3265306122448979,1.3,8.673469387755102,8.5,22.081122448979592,0.0
2025-02-03 16:57:00,1017,1.75,1.7149999999999999,13.918367346938775,13.64,3.163265306122449,3.1,6.326530612244898,6.2,21.693163265306122,0.0
2025-02-03 16:58:00,1018,1.45,1.421,13.918367346938775,13.64,7.244897959183673,7.1,6.326530612244898,6.2,26.068795918367346,0.0
2025-02-03 16:59:00,1019,2.95,2.891,13.85714285714286,13.580000000000002,18.265306122448976,17.9,6.428571428571428,6.3,35.66002040816326,0.0
2025-02-03 17:00:00,1020,4.15,4.067,13.8265306122449,13.55,18.06122448979592,17.7,6.530612244897959,6.4,34.35136734693878,0.0
2025-02-03 17:01:00,1021,4.65,4.557,13.489795918367346,13.219999999999999,0.6122448979591837,0.6,7.653061224489796,7.5,17.198102040816327,0.0
2025-02-03 17:02:00,1022,4.8,4.704,13.551020408163268,13.280000000000001,3.36734693877551,3.3,8.571428571428573,8.4,20.78579591836735,0.0
2025-02-03 17:03:00,1023,4.5,4.41,13.581632653061222,13.309999999999999,4.591836734693878,4.5,7.142857142857143,7.0,20.90632653061224,0.0
2025-02-03 17:04:00,1024,4.15,4.067,13.540816326530612,13.27,5.510204081632654,5.4,6.938775510204082,6.8,21.922795918367346,0.0
2025-02-03 17:05:00,1025,3.3,3.234,11.244897959183675,11.02,7.448979591836735,7.3,6.530612244897959,6.4,21.990489795918368,0.0
2025-02-03 17:06:00,1026,2.75,2.6949999999999994,10.836734693877553,10.620000000000001,10.000000000000002,9.8,6.530612244897959,6.4,24.672346938775515,0.0
2025-02-03 17:07:00,1027,2.35,2.303,10.887755102040817,10.67,13.775510204081632,13.5,7.959183673469388,7.800000000000001,30.319448979591836,0.0
2025-02-03 17:08:00,1028,2.0,1.9599999999999997,10.785714285714286,10.57,16.3265306122449,16.0,7.959183673469388,7.800000000000001,33.111428571428576,0.0
2025-02-03 17:09:00,1029,1.45,1.421,10.744897959183673,10.53,17.755102040816325,17.4,7.959183673469388,7.800000000000001,35.03818367346938,0.0
2025-02-03 17:10:00,1030,0.9499999999999998,0.9309999999999998,10.826530612244897,10.61,18.6734693877551,18.3,6.326530612244898,6.2,34.895530612244904,0.0
2025-02-03 17:11:00,1031,0.5,0.48999999999999994,10.806122448979592,10.59,18.6734693877551,18.3,6.428571428571428,6.3,35.41816326530613,0.0
2025-02-03 17:12:00,1032,0.45,0.44100000000000006,11.163265306122451,10.940000000000001,18.571428571428573,18.2,6.530612244897959,6.4,35.82430612244898,0.0
2025-02-03 17:13:00,1033,0.65,0.637,11.051020408163264,10.83,19.591836734693878,19.2,7.551020408163265,7.4,37.55687755102041,0.0
2025-02-03 17:14:00,1034,0.9,0.8820000000000001,11.071428571428571,10.85,20.30612244897959,19.9,8.061224489795919,7.900000000000001,38.556775510204076,0.0
2025-02-03 17:15:00,1035,0.45,0.44100000000000006,11.061224489795919,10.84,20.408163265306122,20.0,7.857142857142858,7.699999999999999,38.8855306122449,0.0
2025-02-03 17:16:00,1036,0.45,0.44100000000000006,11.010204081632654,10.790000000000001,20.408163265306122,20.0,6.326530612244898,6.2,37.30389795918368,0.0
2025-02-03 17:17:00,1037,0.3,0.294,11.183673469387752,10.959999999999999,21.02040816326531,20.6,6.428571428571428,6.3,38.33865306122449,0.0
2025-02-03 17:18:00,1038,0.0,0.0,12.10204081632653,11.86,20.408163265306122,20.0,6.530612244897959,6.4,39.04081632653061,0.0
2025-02-03 17:19:00,1039,0.0,0.0,12.020408163265307,11.78,19.79591836734694,19.4,7.959183673469388,7.800000000000001,39.775510204081634,0.0
2025-02-03 17:20:00,1040,0.0,0.0,11.285714285714285,11.059999999999999,19.387755102040813,19.0,8.571428571428573,8.4,39.244897959183675,0.0
2025-02-03 17:21:00,1041,0.0,0.0,11.285714285714285,11.059999999999999,18.877551020408163,18.5,7.959183673469388,7.800000000000001,38.12244897959184,0.0
2025-02-03 17:22:00,1042,0.0,0.0,11.306122448979593,11.08,18.265306122448976,17.9,6.326530612244898,6.2,35.89795918367347,0.0
2025-02-03 17:23:00,1043,0.0,0.0,11.346938775510205,11.120000000000001,17.959183673469386,17.6,6.428571428571428,6.3,35.73469387755102,0.0
2025-02-03 17:24:00,1044,0.0,0.0,11.387755102040817,11.16,17.755102040816325,17.4,6.428571428571428,6.3,35.57142857142857,0.0
2025-02-03 17:25:00,1045,0.0,0.0,11.438775510204081,11.209999999999999,17.959183673469386,17.6,7.346938775510205,7.2,36.744897959183675,0.0
2025-02-03 17:26:00,1046,0.0,0.0,11.39795918367347,11.17,18.46938775510204,18.1,7.959183673469388,7.800000000000001,37.8265306122449,0.0
2025-02-03 17:27:00,1047,0.0,0.0,11.387755102040817,11.16,19.081632653061224,18.7,8.16326530612245,8.0,38.63265306122449,0.0
2025-02-03 17:28:00,1048,0.0,0.0,11.387755102040817,11.16,19.081632653061224,18.7,8.16326530612245,8.0,38.63265306122449,0.0
2025-02-03 17:29:00,1049,0.0,0.0,10.857142857142858,10.64,20.30612244897959,19.9,7.142857142857143,7.0,38.30612244897959,0.0
2025-02-03 17:30:00,1050,0.0,0.0,12.204081632653061,11.959999999999999,20.714285714285715,20.3,8.16326530612245,8.0,41.08163265306123,0.0
2025-02-03 17:31:00,1051,0.0,0.0,12.459183673469386,12.209999999999999,20.510204081632654,20.1,9.183673469387756,9.0,42.1530612244898,0.0
2025-02-03 17:32:00,1052,0.0,0.0,12.204081632653061,11.959999999999999,20.408163265306122,20.0,8.775510204081634,8.6,41.38775510204082,0.0
2025-02-03 17:33:00,1053,0.0,0.0,11.795918367346937,11.559999999999999,20.000000000000004,19.6,8.979591836734693,8.8,40.77551020408163,0.0
2025-02-03 17:34:00,1054,0.0,0.0,11.816326530612246,11.58,20.000000000000004,19.6,7.142857142857143,7.0,38.95918367346939,0.0
2025-02-03 17:35:00,1055,0.0,0.0,11.816326530612246,11.58,19.89795918367347,19.5,7.346938775510205,7.2,39.06122448979592,0.0
2025-02-03 17:36:00,1056,0.0,0.0,11.46938775510204,11.24,20.204081632653065,19.8,7.346938775510205,7.2,39.020408163265316,0.0
2025-02-03 17:37:00,1057,0.0,0.0,13.397959183673471,13.13,19.693877551020407,19.3,8.571428571428573,8.4,41.663265306122454,0.0
2025-02-03 17:38:00,1058,0.0,0.0,12.724489795918368,12.47,19.48979591836735,19.1,9.183673469387756,9.0,41.39795918367348,0.0
2025-02-03 17:39:00,1059,0.0,0.0,12.642857142857144,12.39,18.979591836734695,18.6,7.959183673469388,7.800000000000001,39.58163265306123,0.0
2025-02-03 17:40:00,1060,0.0,0.0,12.704081632653061,12.45,18.877551020408163,18.5,7.142857142857143,7.0,38.724489795918366,0.0
2025-02-03 17:41:00,1061,0.0,0.0,12.642857142857144,12.39,19.28571428571429,18.9,7.346938775510205,7.2,39.27551020408164,0.0
2025-02-03 17:42:00,1062,0.0,0.0,12.642857142857144,12.39,19.693877551020407,19.3,7.346938775510205,7.2,39.683673469387756,0.0
2025-02-03 17:43:00,1063,0.0,0.0,13.16326530612245,12.9,20.204081632653065,19.8,8.571428571428573,8.4,41.93877551020408,0.0
2025-02-03 17:44:00,1064,0.0,0.0,13.275510204081634,13.01,20.612244897959183,20.2,8.877551020408163,8.7,42.76530612244898,0.0
2025-02-03 17:45:00,1065,0.0,0.0,13.336734693877549,13.069999999999999,20.612244897959183,20.2,7.142857142857143,7.0,41.09183673469388,0.0
2025-02-03 17:46:00,1066,0.0,0.0,13.295918367346939,13.030000000000001,20.408163265306122,20.0,7.244897959183673,7.1,40.94897959183673,0.0
2025-02-03 17:47:00,1067,0.0,0.0,13.632653061224488,13.36,18.979591836734695,18.6,7.346938775510205,7.2,39.95918367346939,0.0
2025-02-03 17:48:00,1068,0.0,0.0,13.602040816326532,13.330000000000002,18.979591836734695,18.6,7.346938775510205,7.2,39.92857142857143,0.0
2025-02-03 17:49:00,1069,0.0,0.0,13.581632653061222,13.309999999999999,19.79591836734694,19.4,8.775510204081634,8.6,42.1530612244898,0.0
2025-02-03 17:50:00,1070,0.0,0.0,13.693877551020407,13.419999999999998,20.612244897959183,20.2,8.877551020408163,8.7,43.18367346938775,0.0
2025-02-03 17:51:00,1071,0.0,0.0,13.714285714285717,13.440000000000001,20.510204081632654,20.1,6.326530612244898,6.2,40.55102040816327,0.0
2025-02-03 17:52:00,1072,0.0,0.0,13.10204081632653,12.84,21.53061224489796,21.1,6.326530612244898,6.2,40.95918367346939,0.0
2025-02-03 17:53:00,1073,0.0,0.0,12.79591836734694,12.540000000000001,21.224489795918366,20.8,7.142857142857143,7.0,41.163265306122454,0.0
2025-02-03 17:54:00,1074,0.0,0.0,12.816326530612244,12.559999999999999,21.224489795918366,20.8,7.244897959183673,7.1,41.285714285714285,0.0
2025-02-03 17:55:00,1075,0.0,0.0,12.785714285714285,12.53,19.79591836734694,19.4,8.26530612244898,8.1,40.846938775510196,0.0
2025-02-03 17:56:00,1076,0.0,0.0,12.775510204081634,12.52,20.000000000000004,19.6,8.061224489795919,7.900000000000001,40.83673469387755,0.0
2025-02-03 17:57:00,1077,0.0,0.0,12.775510204081634,12.52,20.408163265306122,20.0,7.040816326530613,6.9,40.224489795918366,0.0
2025-02-03 17:58:00,1078,0.0,0.0,13.5,13.23,20.714285714285715,20.3,6.326530612244898,6.2,40.54081632653061,0.0
2025-02-03 17:59:00,1079,0.0,0.0,12.734693877551022,12.48,21.02040816326531,20.6,6.428571428571428,6.3,40.183673469387756,0.0
2025-02-03 18:00:00,1080,0.0,0.0,13.204081632653063,12.940000000000001,22.142857142857142,21.7,6.428571428571428,6.3,41.775510204081634,0.0
2025-02-03 18:01:00,1081,0.0,0.0,13.387755102040815,13.12,22.040816326530617,21.6,7.653061224489796,7.5,43.08163265306123,0.0
2025-02-03 18:02:00,1082,0.0,0.0,12.857142857142856,12.6,20.816326530612244,20.4,8.571428571428573,8.4,42.244897959183675,0.0
2025-02-03 18:03:00,1083,0.0,0.0,13.183673469387752,12.919999999999998,20.204081632653065,19.8,8.26530612244898,8.1,41.6530612244898,0.0
2025-02-03 18:04:00,1084,0.0,0.0,13.877551020408164,13.6,20.10204081632653,19.7,6.938775510204082,6.8,40.91836734693878,0.0
2025-02-03 18:05:00,1085,0.0,0.0,14.204081632653057,13.919999999999998,20.408163265306122,20.0,6.428571428571428,6.3,41.0408163265306,0.0
2025-02-03 18:06:00,1086,0.0,0.0,13.775510204081632,13.5,21.122448979591837,20.7,6.530612244897959,6.4,41.42857142857143,0.0
2025-02-03 18:07:00,1087,0.0,0.0,13.846938775510203,13.569999999999999,20.918367346938776,20.5,7.755102040816325,7.599999999999999,42.5204081632653,0.0
2025-02-03 18:08:00,1088,0.0,0.0,13.816326530612246,13.540000000000001,20.612244897959183,20.2,7.959183673469388,7.800000000000001,42.38775510204081,0.0
2025-02-03 18:09:00,1089,0.0,0.0,13.714285714285717,13.440000000000001,20.204081632653065,19.8,7.244897959183673,7.1,41.163265306122454,0.0
2025-02-03 18:10:00,1090,0.0,0.0,13.377551020408164,13.11,8.775510204081634,8.6,6.326530612244898,6.2,28.479591836734695,0.0
2025-02-03 18:11:00,1091,0.0,0.0,13.387755102040815,13.12,1.1224489795918366,1.1,6.428571428571428,6.3,20.93877551020408,0.0
2025-02-03 18:12:00,1092,0.0,0.0,14.408163265306122,14.12,1.1224489795918366,1.1,7.142857142857143,7.0,22.6734693877551,0.0
2025-02-03 18:13:00,1093,0.0,0.0,14.53061224489796,14.24,1.1224489795918366,1.1,8.36734693877551,8.2,24.020408163265305,0.0
2025-02-03 18:14:00,1094,0.0,0.0,13.479591836734693,13.209999999999999,1.1224489795918366,1.1,8.16326530612245,8.0,22.76530612244898,0.0
2025-02-03 18:15:00,1095,0.0,0.0,13.571428571428573,13.3,1.1224489795918366,1.1,7.551020408163265,7.4,22.244897959183675,0.0
2025-02-03 18:16:00,1096,0.0,0.0,12.755102040816327,12.5,1.1224489795918366,1.1,6.428571428571428,6.3,20.30612244897959,0.0
2025-02-03 18:17:00,1097,0.0,0.0,13.173469387755102,12.91,1.1224489795918366,1.1,7.346938775510205,7.2,21.642857142857142,0.0
2025-02-03 18:18:00,1098,0.0,0.0,15.040816326530612,14.74,1.1224489795918366,1.1,7.448979591836735,7.3,23.612244897959183,0.0
2025-02-03 18:19:00,1099,0.0,0.0,15.020408163265305,14.719999999999999,1.1224489795918366,1.1,9.081632653061224,8.9,25.224489795918366,0.0
2025-02-03 18:20:00,1100,0.0,0.0,15.397959183673471,15.09,1.1224489795918366,1.1,9.693877551020407,9.5,26.214285714285715,0.0
2025-02-03 18:21:00,1101,0.0,0.0,13.112244897959185,12.85,1.1224489795918366,1.1,9.591836734693878,9.4,23.8265306122449,0.0
2025-02-03 18:22:00,1102,0.0,0.0,13.091836734693882,12.830000000000002,1.1224489795918366,1.1,7.244897959183673,7.1,21.45918367346939,0.0
2025-02-03 18:23:00,1103,0.0,0.0,13.07142857142857,12.809999999999999,1.1224489795918366,1.1,7.346938775510205,7.2,21.54081632653061,0.0
2025-02-03 18:24:00,1104,0.0,0.0,13.081632653061224,12.819999999999999,1.1224489795918366,1.1,7.346938775510205,7.2,21.551020408163264,0.0
2025-02-03 18:25:00,1105,0.0,0.0,13.224489795918368,12.959999999999999,1.1224489795918366,1.1,8.16326530612245,8.0,22.51020408163265,0.0
2025-02-03 18:26:00,1106,0.0,0.0,13.040816326530612,12.78,1.1224489795918366,1.1,9.489795918367347,9.3,23.653061224489797,0.0
2025-02-03 18:27:00,1107,0.0,0.0,12.734693877551022,12.48,1.1224489795918366,1.1,9.081632653061224,8.9,22.93877551020408,0.0
2025-02-03 18:28:00,1108,0.0,0.0,12.785714285714285,12.53,1.1224489795918366,1.1,7.244897959183673,7.1,21.153061224489793,0.0
2025-02-03 18:29:00,1109,0.0,0.0,12.806122448979593,12.55,1.1224489795918366,1.1,7.346938775510205,7.2,21.275510204081634,0.0
2025-02-03 18:30:00,1110,0.0,0.0,13.663265306122451,13.39,3.0612244897959187,3.0,7.346938775510205,7.2,24.071428571428573,0.0
2025-02-03 18:31:00,1111,0.0,0.0,13.602040816326532,13.330000000000002,1.1224489795918366,1.1,8.571428571428573,8.4,23.295918367346943,0.0
2025-02-03 18:32:00,1112,0.0,0.0,13.306122448979593,13.040000000000001,1.1224489795918366,1.1,9.183673469387756,9.0,23.612244897959183,0.0
2025-02-03 18:33:00,1113,0.0,0.0,13.295918367346939,13.030000000000001,1.1224489795918366,1.1,8.469387755102042,8.3,22.88775510204082,0.0
2025-02-03 18:34:00,1114,0.0,0.0,13.418367346938776,13.15,1.1224489795918366,1.1,7.346938775510205,7.2,21.88775510204082,0.0
2025-02-03 18:35:00,1115,0.0,0.0,13.346938775510205,13.080000000000002,1.1224489795918366,1.1,7.346938775510205,7.2,21.816326530612248,0.0
2025-02-03 18:36:00,1116,0.0,0.0,13.428571428571429,13.16,1.1224489795918366,1.1,7.448979591836735,7.3,22.0,0.0
2025-02-03 18:37:00,1117,0.0,0.0,13.683673469387756,13.41,1.1224489795918366,1.1,8.36734693877551,8.2,23.173469387755105,0.0
2025-02-03 18:38:00,1118,0.0,0.0,13.744897959183671,13.469999999999999,1.1224489795918366,1.1,8.979591836734693,8.8,23.8469387755102,0.0
2025-02-03 18:39:00,1119,0.0,0.0,14.193877551020408,13.91,1.1224489795918366,1.1,8.673469387755102,8.5,23.989795918367346,0.0
2025-02-03 18:40:00,1120,0.0,0.0,14.193877551020408,13.91,0.6122448979591837,0.6,7.244897959183673,7.1,22.051020408163264,0.0
2025-02-03 18:41:00,1121,0.0,0.0,13.13265306122449,12.87,0.6122448979591837,0.6,6.530612244897959,6.4,20.275510204081634,0.0
2025-02-03 18:42:00,1122,0.0,0.0,13.061224489795919,12.8,0.6122448979591837,0.6,6.428571428571428,6.3,20.102040816326532,0.0
2025-02-03 18:43:00,1123,0.0,0.0,14.051020408163264,13.77,1.1224489795918366,1.1,7.244897959183673,7.1,22.418367346938776,0.0
2025-02-03 18:44:00,1124,0.0,0.0,13.673469387755102,13.4,1.1224489795918366,1.1,7.959183673469388,7.800000000000001,22.75510204081633,0.0
2025-02-03 18:45:00,1125,0.0,0.0,12.755102040816327,12.5,1.1224489795918366,1.1,7.857142857142858,7.699999999999999,21.73469387755102,0.0
2025-02-03 18:46:00,1126,0.0,0.0,13.612244897959183,13.34,1.1224489795918366,1.1,6.326530612244898,6.2,21.06122448979592,0.0
2025-02-03 18:47:00,1127,0.0,0.0,15.540816326530614,15.23,1.1224489795918366,1.1,6.326530612244898,6.2,22.98979591836735,0.0
2025-02-03 18:48:00,1128,0.0,0.0,15.142857142857142,14.84,1.1224489795918366,1.1,6.428571428571428,6.3,22.69387755102041,0.0
2025-02-03 18:49:00,1129,0.0,0.0,12.714285714285712,12.459999999999999,1.1224489795918366,1.1,6.530612244897959,6.4,20.367346938775512,0.0
2025-02-03 18:50:00,1130,0.0,0.0,13.255102040816327,12.99,1.1224489795918366,1.1,7.755102040816325,7.599999999999999,22.132653061224488,0.0
2025-02-03 18:51:00,1131,0.0,0.0,12.877551020408164,12.620000000000001,1.1224489795918366,1.1,8.061224489795919,7.900000000000001,22.061224489795922,0.0
2025-02-03 18:52:00,1132,0.0,0.0,12.857142857142856,12.6,2.346938775510204,2.3,6.938775510204082,6.8,22.142857142857146,0.0
2025-02-03 18:53:00,1133,0.0,0.0,12.908163265306124,12.65,1.1224489795918366,1.1,6.938775510204082,6.8,20.96938775510204,0.0
2025-02-03 18:54:00,1134,0.0,0.0,13.5,13.23,1.1224489795918366,1.1,6.428571428571428,6.3,21.051020408163264,0.0
2025-02-03 18:55:00,1135,0.0,0.0,13.714285714285717,13.440000000000001,1.1224489795918366,1.1,6.530612244897959,6.4,21.367346938775512,0.0
2025-02-03 18:56:00,1136,0.0,0.0,14.408163265306122,14.12,2.755102040816327,2.7,7.551020408163265,7.4,24.71428571428571,0.0
2025-02-03 18:57:00,1137,0.0,0.0,14.39795918367347,14.11,1.1224489795918366,1.1,7.857142857142858,7.699999999999999,23.377551020408166,0.0
2025-02-03 18:58:00,1138,0.0,0.0,13.785714285714285,13.51,0.6122448979591837,0.6,6.326530612244898,6.2,20.724489795918366,0.0
2025-02-03 18:59:00,1139,0.0,0.0,13.744897959183671,13.469999999999999,0.6122448979591837,0.6,6.326530612244898,6.2,20.683673469387756,0.0
2025-02-03 19:00:00,1140,0.0,0.0,13.683673469387756,13.41,0.6122448979591837,0.6,6.428571428571428,6.3,20.72448979591837,0.0
2025-02-03 19:01:00,1141,0.0,0.0,13.418367346938776,13.15,0.6122448979591837,0.6,6.530612244897959,6.4,20.56122448979592,0.0
2025-02-03 19:02:00,1142,0.0,0.0,13.244897959183675,12.98,0.6122448979591837,0.6,7.653061224489796,7.5,21.510204081632654,0.0
2025-02-03 19:03:00,1143,0.0,0.0,13.326530612244897,13.059999999999999,0.6122448979591837,0.6,8.26530612244898,8.1,22.20408163265306,0.0
2025-02-03 19:04:00,1144,0.0,0.0,12.887755102040815,12.629999999999999,0.6122448979591837,0.6,6.428571428571428,6.3,19.928571428571427,0.0
2025-02-03 19:05:00,1145,0.0,0.0,12.918367346938776,12.66,0.6122448979591837,0.6,6.428571428571428,6.3,19.959183673469386,0.0
2025-02-03 19:06:00,1146,0.0,0.0,13.938775510204081,13.66,0.6122448979591837,0.6,6.428571428571428,6.3,20.979591836734695,0.0
2025-02-03 19:07:00,1147,0.0,0.0,14.0,13.719999999999999,0.6122448979591837,0.6,6.530612244897959,6.4,21.142857142857146,0.0
2025-02-03 19:08:00,1148,0.0,0.0,12.918367346938776,12.66,0.6122448979591837,0.6,7.653061224489796,7.5,21.183673469387756,0.0
2025-02-03 19:09:00,1149,0.0,0.0,12.877551020408164,12.620000000000001,0.6122448979591837,0.6,7.959183673469388,7.800000000000001,21.448979591836736,0.0
2025-02-03 19:10:00,1150,0.0,0.0,12.877551020408164,12.620000000000001,0.6122448979591837,0.6,8.775510204081634,8.6,22.265306122448983,0.0
2025-02-03 19:11:00,1151,0.0,0.0,13.183673469387752,12.919999999999998,0.6122448979591837,0.6,7.244897959183673,7.1,21.04081632653061,0.0
2025-02-03 19:12:00,1152,0.0,0.0,13.551020408163268,13.280000000000001,0.6122448979591837,0.6,7.346938775510205,7.2,21.510204081632654,0.0
2025-02-03 19:13:00,1153,0.0,0.0,13.295918367346939,13.030000000000001,0.6122448979591837,0.6,7.346938775510205,7.2,21.255102040816325,0.0
2025-02-03 19:14:00,1154,0.0,0.0,13.265306122448981,13.0,0.6122448979591837,0.6,8.16326530612245,8.0,22.040816326530617,0.0
2025-02-03 19:15:00,1155,0.0,0.0,13.214285714285714,12.95,0.6122448979591837,0.6,9.489795918367347,9.3,23.316326530612244,0.0
2025-02-03 19:16:00,1156,0.0,0.0,13.285714285714285,13.02,0.6122448979591837,0.6,9.591836734693878,9.4,23.48979591836735,0.0
2025-02-03 19:17:00,1157,0.0,0.0,13.918367346938775,13.64,0.6122448979591837,0.6,7.244897959183673,7.1,21.775510204081634,0.0
2025-02-03 19:18:00,1158,0.0,0.0,13.540816326530612,13.27,0.6122448979591837,0.6,7.346938775510205,7.2,21.5,0.0
2025-02-03 19:19:00,1159,0.0,0.0,11.642857142857142,11.41,0.6122448979591837,0.6,7.346938775510205,7.2,19.602040816326532,0.0
2025-02-03 19:20:00,1160,0.0,0.0,11.66326530612245,11.43,0.6122448979591837,0.6,8.673469387755102,8.5,20.948979591836736,0.0
2025-02-03 19:21:00,1161,0.0,0.0,6.010204081632653,5.89,0.6122448979591837,0.6,10.408163265306122,10.2,17.03061224489796,0.0
2025-02-03 19:22:00,1162,0.0,0.0,5.826530612244897,5.71,0.6122448979591837,0.6,9.489795918367347,9.3,15.928571428571429,0.0
2025-02-03 19:23:00,1163,0.0,0.0,5.836734693877552,5.720000000000001,0.6122448979591837,0.6,7.244897959183673,7.1,13.693877551020408,0.0
2025-02-03 19:24:00,1164,0.0,0.0,6.13265306122449,6.01,0.6122448979591837,0.6,7.346938775510205,7.2,14.091836734693878,0.0
2025-02-03 19:25:00,1165,0.0,0.0,3.63265306122449,3.56,0.6122448979591837,0.6,7.346938775510205,7.2,11.591836734693878,0.0
2025-02-03 19:26:00,1166,0.0,0.0,3.6224489795918364,3.55,0.6122448979591837,0.6,7.448979591836735,7.3,11.683673469387754,0.0
2025-02-03 19:27:00,1167,0.0,0.0,4.367346938775509,4.279999999999999,0.6122448979591837,0.6,8.877551020408163,8.7,13.857142857142856,0.0
2025-02-03 19:28:00,1168,0.0,0.0,3.7653061224489797,3.69,0.6122448979591837,0.6,9.081632653061224,8.9,13.459183673469386,0.0
2025-02-03 19:29:00,1169,0.0,0.0,3.4285714285714293,3.3600000000000003,0.6122448979591837,0.6,7.244897959183673,7.1,11.285714285714285,0.0
2025-02-03 19:30:00,1170,0.0,0.0,3.469387755102041,3.4,0.6122448979591837,0.6,7.346938775510205,7.2,11.428571428571429,0.0
2025-02-03 19:31:00,1171,0.0,0.0,4.510204081632653,4.42,0.6122448979591837,0.6,7.346938775510205,7.2,12.469387755102042,0.0
2025-02-03 19:32:00,1172,0.0,0.0,4.428571428571429,4.34,0.6122448979591837,0.6,7.653061224489796,7.5,12.693877551020408,0.0
2025-02-03 19:33:00,1173,0.0,0.0,3.36734693877551,3.3,0.6122448979591837,0.6,8.775510204081634,8.6,12.755102040816327,0.0
2025-02-03 19:34:00,1174,0.0,0.0,3.469387755102041,3.4,0.6122448979591837,0.6,8.877551020408163,8.7,12.959183673469388,0.0
2025-02-03 19:35:00,1175,0.0,0.0,3.1122448979591835,3.05,0.6122448979591837,0.6,6.326530612244898,6.2,10.051020408163264,0.0
2025-02-03 19:36:00,1176,0.0,0.0,3.0816326530612246,3.02,0.6122448979591837,0.6,7.040816326530613,6.9,10.73469387755102,0.0
2025-02-03 19:37:00,1177,0.0,0.0,3.4285714285714293,3.3600000000000003,0.6122448979591837,0.6,7.142857142857143,7.0,11.183673469387756,0.0
2025-02-03 19:38:00,1178,0.0,0.0,3.387755102040817,3.3200000000000003,0.6122448979591837,0.6,6.530612244897959,6.4,10.530612244897961,0.0
2025-02-03 19:39:00,1179,0.0,0.0,3.4591836734693877,3.3899999999999997,0.6122448979591837,0.6,7.755102040816325,7.599999999999999,11.826530612244895,0.0
2025-02-03 19:40:00,1180,0.0,0.0,3.5306122448979593,3.46,0.6122448979591837,0.6,8.673469387755102,8.5,12.816326530612244,0.0
2025-02-03 19:41:00,1181,0.0,0.0,3.4183673469387754,3.35,0.6122448979591837,0.6,6.938775510204082,6.8,10.96938775510204,0.0
2025-02-03 19:42:00,1182,0.0,0.0,3.091836734693878,3.0300000000000002,0.6122448979591837,0.6,7.040816326530613,6.9,10.744897959183675,0.0
2025-02-03 19:43:00,1183,0.0,0.0,3.0714285714285716,3.0100000000000002,0.6122448979591837,0.6,7.040816326530613,6.9,10.724489795918368,0.0
2025-02-03 19:44:00,1184,0.0,0.0,3.5306122448979593,3.46,0.6122448979591837,0.6,6.530612244897959,6.4,10.673469387755103,0.0
2025-02-03 19:45:00,1185,0.0,0.0,4.153061224489797,4.07,0.6122448979591837,0.6,7.653061224489796,7.5,12.418367346938776,0.0
2025-02-03 19:46:00,1186,0.0,0.0,4.836734693877552,4.74,0.6122448979591837,0.6,8.061224489795919,7.900000000000001,13.510204081632654,0.0
2025-02-03 19:47:00,1187,0.0,0.0,3.989795918367347,3.9099999999999997,0.6122448979591837,0.6,6.326530612244898,6.2,10.92857142857143,0.0
2025-02-03 19:48:00,1188,0.0,0.0,3.928571428571429,3.8499999999999996,0.6122448979591837,0.6,6.428571428571428,6.3,10.96938775510204,0.0
2025-02-03 19:49:00,1189,0.0,0.0,4.030612244897959,3.9500000000000006,0.6122448979591837,0.6,6.428571428571428,6.3,11.071428571428573,0.0
2025-02-03 19:50:00,1190,0.0,0.0,4.091836734693877,4.01,0.6122448979591837,0.6,6.530612244897959,6.4,11.23469387755102,0.0
2025-02-03 19:51:00,1191,0.0,0.0,4.020408163265306,3.94,0.6122448979591837,0.6,7.755102040816325,7.599999999999999,12.387755102040815,0.0
2025-02-03 19:52:00,1192,0.0,0.0,3.6632653061224487,3.59,0.6122448979591837,0.6,7.959183673469388,7.800000000000001,12.234693877551022,0.0
2025-02-03 19:53:00,1193,0.0,0.0,3.9591836734693873,3.88,0.6122448979591837,0.6,6.326530612244898,6.2,10.89795918367347,0.0
2025-02-03 19:54:00,1194,0.0,0.0,3.397959183673469,3.3299999999999996,0.6122448979591837,0.6,6.428571428571428,6.3,10.43877551020408,0.0
2025-02-03 19:55:00,1195,0.0,0.0,3.6938775510204085,3.62,0.6122448979591837,0.6,6.530612244897959,6.4,10.83673469387755,0.0
2025-02-03 19:56:00,1196,0.0,0.0,3.387755102040817,3.3200000000000003,0.6122448979591837,0.6,6.530612244897959,6.4,10.530612244897961,0.0
2025-02-03 19:57:00,1197,0.0,0.0,3.408163265306122,3.34,0.6122448979591837,0.6,7.755102040816325,7.599999999999999,11.775510204081632,0.0
2025-02-03 19:58:00,1198,0.0,0.0,4.122448979591836,4.04,0.6122448979591837,0.6,8.16326530612245,8.0,12.89795918367347,0.0
2025-02-03 19:59:00,1199,0.0,0.0,4.1938775510204085,4.11,0.6122448979591837,0.6,7.244897959183673,7.1,12.051020408163264,0.0
2025-02-03 20:00:00,1200,0.0,0.0,3.8061224489795915,3.7299999999999995,0.6122448979591837,0.6,7.244897959183673,7.1,11.66326530612245,0.0
2025-02-03 20:01:00,1201,0.0,0.0,3.5306122448979593,3.46,0.6122448979591837,0.6,7.346938775510205,7.2,11.489795918367347,0.0
2025-02-03 20:02:00,1202,0.0,0.0,5.346938775510204,5.24,0.6122448979591837,0.6,7.244897959183673,7.1,13.204081632653061,0.0
2025-02-03 20:03:00,1203,0.0,0.0,5.346938775510204,5.24,0.6122448979591837,0.6,8.571428571428573,8.4,14.530612244897961,0.0
2025-02-03 20:04:00,1204,0.0,0.0,5.479591836734694,5.37,0.6122448979591837,0.6,8.979591836734693,8.8,15.071428571428571,0.0
2025-02-03 20:05:00,1205,0.0,0.0,5.459183673469387,5.35,0.6122448979591837,0.6,7.244897959183673,7.1,13.316326530612244,0.0
2025-02-03 20:06:00,1206,0.0,0.0,5.479591836734694,5.37,0.6122448979591837,0.6,7.244897959183673,7.1,13.33673469387755,0.0
2025-02-03 20:07:00,1207,0.0,0.0,3.3775510204081636,3.31,0.6122448979591837,0.6,7.346938775510205,7.2,11.336734693877553,0.0
2025-02-03 20:08:00,1208,0.0,0.0,3.357142857142857,3.29,0.6122448979591837,0.6,7.346938775510205,7.2,11.316326530612246,0.0
2025-02-03 20:09:00,1209,0.0,0.0,3.0714285714285716,3.0100000000000002,0.6122448979591837,0.6,8.16326530612245,8.0,11.846938775510207,0.0
2025-02-03 20:10:00,1210,0.0,0.0,3.0,2.94,0.6122448979591837,0.6,8.877551020408163,8.7,12.489795918367347,0.0
2025-02-03 20:11:00,1211,0.0,0.0,3.020408163265306,2.96,0.6122448979591837,0.6,7.346938775510205,7.2,10.979591836734693,0.0
2025-02-03 20:12:00,1212,0.0,0.0,3.6020408163265305,3.53,0.6122448979591837,0.6,7.244897959183673,7.1,11.459183673469388,0.0
2025-02-03 20:13:00,1213,0.0,0.0,3.5204081632653064,3.45,0.6122448979591837,0.6,7.959183673469388,7.800000000000001,12.09183673469388,0.0
2025-02-03 20:14:00,1214,0.0,0.0,3.63265306122449,3.56,0.6122448979591837,0.6,8.061224489795919,7.900000000000001,12.306122448979593,0.0
2025-02-03 20:15:00,1215,0.0,0.0,4.295918367346939,4.21,0.6122448979591837,0.6,7.959183673469388,7.800000000000001,12.86734693877551,0.0
2025-02-03 20:16:00,1216,0.0,0.0,4.234693877551021,4.15,0.6122448979591837,0.6,8.877551020408163,8.7,13.724489795918368,0.0
2025-02-03 20:17:00,1217,0.0,0.0,3.561224489795918,3.4899999999999998,0.6122448979591837,0.6,8.979591836734693,8.8,13.153061224489795,0.0
2025-02-03 20:18:00,1218,0.0,0.0,3.612244897959184,3.54,0.6122448979591837,0.6,7.142857142857143,7.0,11.367346938775512,0.0
2025-02-03 20:19:00,1219,0.0,0.0,3.928571428571429,3.8499999999999996,0.6122448979591837,0.6,7.346938775510205,7.2,11.887755102040817,0.0
2025-02-03 20:20:00,1220,0.0,0.0,3.8469387755102047,3.7700000000000005,0.6122448979591837,0.6,7.346938775510205,7.2,11.806122448979593,0.0
2025-02-03 20:21:00,1221,0.0,0.0,3.887755102040816,3.81,0.6122448979591837,0.6,7.448979591836735,7.3,11.948979591836734,0.0
2025-02-03 20:22:00,1222,0.0,0.0,3.397959183673469,3.3299999999999996,0.6122448979591837,0.6,8.571428571428573,8.4,12.581632653061225,0.0
2025-02-03 20:23:00,1223,0.0,0.0,3.397959183673469,3.3299999999999996,0.6122448979591837,0.6,8.775510204081634,8.6,12.785714285714286,0.0
2025-02-03 20:24:00,1224,0.0,0.0,6.448979591836735,6.32,0.6122448979591837,0.6,7.244897959183673,7.1,14.306122448979593,0.0
2025-02-03 20:25:00,1225,0.0,0.0,6.428571428571428,6.3,0.6122448979591837,0.6,7.244897959183673,7.1,14.285714285714285,0.0
2025-02-03 20:26:00,1226,0.0,0.0,5.214285714285715,5.11,0.6122448979591837,0.6,7.346938775510205,7.2,13.173469387755102,0.0
2025-02-03 20:27:00,1227,0.0,0.0,5.13265306122449,5.029999999999999,0.6122448979591837,0.6,7.346938775510205,7.2,13.09183673469388,0.0
2025-02-03 20:28:00,1228,0.0,0.0,3.2653061224489797,3.2,0.6122448979591837,0.6,8.36734693877551,8.2,12.244897959183675,0.0
2025-02-03 20:29:00,1229,0.0,0.0,3.163265306122449,3.1,0.6122448979591837,0.6,8.979591836734693,8.8,12.755102040816327,0.0
2025-02-03 20:30:00,1230,0.0,0.0,3.0510204081632653,2.9899999999999998,0.6122448979591837,0.6,8.061224489795919,7.900000000000001,11.724489795918368,0.0
2025-02-03 20:31:00,1231,0.0,0.0,3.306122448979592,3.2399999999999998,0.6122448979591837,0.6,7.244897959183673,7.1,11.16326530612245,0.0
2025-02-03 20:32:00,1232,0.0,0.0,3.357142857142857,3.29,0.6122448979591837,0.6,7.346938775510205,7.2,11.316326530612246,0.0
2025-02-03 20:33:00,1233,0.0,0.0,3.0714285714285716,3.0100000000000002,0.6122448979591837,0.6,7.346938775510205,7.2,11.030612244897961,0.0
2025-02-03 20:34:00,1234,0.0,0.0,3.0816326530612246,3.02,0.6122448979591837,0.6,7.346938775510205,7.2,11.040816326530612,0.0
2025-02-03 20:35:00,1235,0.0,0.0,2.989795918367347,2.93,0.6122448979591837,0.6,8.571428571428573,8.4,12.173469387755102,0.0
2025-02-03 20:36:00,1236,0.0,0.0,3.9489795918367347,3.87,0.6122448979591837,0.6,9.489795918367347,9.3,14.051020408163266,0.0
2025-02-03 20:37:00,1237,0.0,0.0,3.908163265306122,3.8299999999999996,0.6122448979591837,0.6,7.959183673469388,7.800000000000001,12.479591836734695,0.0
2025-02-03 20:38:00,1238,0.0,0.0,3.89795918367347,3.8200000000000007,0.6122448979591837,0.6,7.346938775510205,7.2,11.857142857142858,0.0
2025-02-03 20:39:00,1239,0.0,0.0,3.918367346938776,3.84,0.6122448979591837,0.6,7.346938775510205,7.2,11.877551020408164,0.0
2025-02-03 20:40:00,1240,0.0,0.0,3.9693877551020402,3.8899999999999997,0.6122448979591837,0.6,7.448979591836735,7.3,12.03061224489796,0.0
2025-02-03 20:41:00,1241,0.0,0.0,4.561224489795919,4.470000000000001,0.6122448979591837,0.6,9.591836734693878,9.4,14.765306122448981,0.0
2025-02-03 20:42:00,1242,0.0,0.0,3.6734693877551026,3.6,0.6122448979591837,0.6,10.408163265306122,10.2,14.693877551020408,0.0
2025-02-03 20:43:00,1243,0.0,0.0,3.612244897959184,3.54,0.6122448979591837,0.6,7.857142857142858,7.699999999999999,12.081632653061225,0.0
2025-02-03 20:44:00,1244,0.0,0.0,3.6530612244897958,3.5799999999999996,0.6122448979591837,0.6,7.346938775510205,7.2,11.612244897959185,0.0
2025-02-03 20:45:00,1245,0.0,0.0,3.7551020408163263,3.6799999999999997,0.6122448979591837,0.6,7.346938775510205,7.2,11.714285714285714,0.0
2025-02-03 20:46:00,1246,0.0,0.0,3.6734693877551026,3.6,0.6122448979591837,0.6,7.346938775510205,7.2,11.632653061224492,0.0
2025-02-03 20:47:00,1247,0.0,0.0,3.0102040816326534,2.95,0.6122448979591837,0.6,7.448979591836735,7.3,11.071428571428573,0.0
2025-02-03 20:48:00,1248,0.0,0.0,3.6938775510204085,3.62,0.6122448979591837,0.6,8.673469387755102,8.5,12.979591836734693,0.0
2025-02-03 20:49:00,1249,0.0,0.0,5.816326530612245,5.7,0.6122448979591837,0.6,8.775510204081634,8.6,15.204081632653061,0.0
2025-02-03 20:50:00,1250,0.0,0.0,4.816326530612246,4.720000000000001,0.6122448979591837,0.6,7.346938775510205,7.2,12.775510204081634,0.0
2025-02-03 20:51:00,1251,0.0,0.0,3.0510204081632653,2.9899999999999998,0.6122448979591837,0.6,7.346938775510205,7.2,11.010204081632653,0.0
2025-02-03 20:52:00,1252,0.0,0.0,3.0612244897959187,3.0,0.6122448979591837,0.6,7.346938775510205,7.2,11.020408163265307,0.0
2025-02-03 20:53:00,1253,0.0,0.0,3.357142857142857,3.29,0.6122448979591837,0.6,7.448979591836735,7.3,11.418367346938776,0.0
2025-02-03 20:54:00,1254,0.0,0.0,3.357142857142857,3.29,0.6122448979591837,0.6,7.959183673469388,7.800000000000001,11.928571428571429,0.0
2025-02-03 20:55:00,1255,0.0,0.0,3.6428571428571432,3.5700000000000003,0.6122448979591837,0.6,8.979591836734693,8.8,13.234693877551022,0.0
2025-02-03 20:56:00,1256,0.0,0.0,3.7755102040816326,3.7,0.6122448979591837,0.6,7.959183673469388,7.800000000000001,12.346938775510205,0.0
2025-02-03 20:57:00,1257,0.0,0.0,3.7755102040816326,3.7,0.6122448979591837,0.6,7.959183673469388,7.800000000000001,12.346938775510205,0.0
2025-02-03 20:58:00,1258,0.0,0.0,2.2857142857142856,2.2399999999999998,0.6122448979591837,0.6,8.061224489795919,7.900000000000001,10.95918367346939,0.0
2025-02-03 20:59:00,1259,0.0,0.0,1.0816326530612246,1.06,0.6122448979591837,0.6,7.448979591836735,7.3,9.142857142857144,0.0
2025-02-03 21:00:00,1260,0.0,0.0,1.1326530612244898,1.1099999999999999,0.6122448979591837,0.6,8.16326530612245,8.0,9.908163265306122,0.0
2025-02-03 21:01:00,1261,0.0,0.0,1.653061224489796,1.6199999999999999,0.6122448979591837,0.6,9.591836734693878,9.4,11.857142857142858,0.0
2025-02-03 21:02:00,1262,0.0,0.0,1.6938775510204085,1.6600000000000001,0.6122448979591837,0.6,9.489795918367347,9.3,11.795918367346939,0.0
2025-02-03 21:03:00,1263,0.0,0.0,1.704081632653061,1.67,0.6122448979591837,0.6,7.244897959183673,7.1,9.561224489795919,0.0
2025-02-03 21:04:00,1264,0.0,0.0,1.6632653061224492,1.6300000000000001,0.6122448979591837,0.6,7.346938775510205,7.2,9.622448979591837,0.0
2025-02-03 21:05:00,1265,0.0,0.0,1.704081632653061,1.67,0.6122448979591837,0.6,7.959183673469388,7.800000000000001,10.275510204081634,0.0
2025-02-03 21:06:00,1266,0.0,0.0,1.5816326530612246,1.55,0.6122448979591837,0.6,8.061224489795919,7.900000000000001,10.255102040816325,0.0
2025-02-03 21:07:00,1267,0.0,0.0,1.6122448979591837,1.58,0.6122448979591837,0.6,8.469387755102042,8.3,10.693877551020408,0.0
2025-02-03 21:08:00,1268,0.0,0.0,1.7244897959183674,1.69,0.6122448979591837,0.6,8.775510204081634,8.6,11.112244897959185,0.0
2025-02-03 21:09:00,1269,0.0,0.0,1.7653061224489797,1.73,0.6122448979591837,0.6,7.244897959183673,7.1,9.622448979591836,0.0
2025-02-03 21:10:00,1270,0.0,0.0,1.7346938775510206,1.7,0.6122448979591837,0.6,7.244897959183673,7.1,9.591836734693878,0.0
2025-02-03 21:11:00,1271,0.0,0.0,1.3571428571428572,1.33,0.6122448979591837,0.6,7.346938775510205,7.2,9.316326530612246,0.0
2025-02-03 21:12:00,1272,0.0,0.0,1.4387755102040816,1.41,0.6122448979591837,0.6,7.448979591836735,7.3,9.5,0.0
2025-02-03 21:13:00,1273,0.0,0.0,1.4489795918367347,1.42,0.6122448979591837,0.6,7.346938775510205,7.2,9.408163265306124,0.0
2025-02-03 21:14:00,1274,0.0,0.0,1.4489795918367347,1.42,0.6122448979591837,0.6,8.979591836734693,8.8,11.040816326530612,0.0
2025-02-03 21:15:00,1275,0.0,0.0,2.8367346938775513,2.7800000000000002,0.6122448979591837,0.6,8.877551020408163,8.7,12.326530612244897,0.0
2025-02-03 21:16:00,1276,0.0,0.0,2.2040816326530615,2.16,0.6122448979591837,0.6,7.244897959183673,7.1,10.061224489795919,0.0
2025-02-03 21:17:00,1277,0.0,0.0,1.653061224489796,1.6199999999999999,0.6122448979591837,0.6,7.244897959183673,7.1,9.510204081632653,0.0
2025-02-03 21:18:00,1278,0.0,0.0,1.7653061224489797,1.73,0.6122448979591837,0.6,7.346938775510205,7.2,9.724489795918368,0.0
2025-02-03 21:19:00,1279,0.0,0.0,1.857142857142857,1.8199999999999998,0.6122448979591837,0.6,7.346938775510205,7.2,9.816326530612246,0.0
2025-02-03 21:20:00,1280,0.0,0.0,1.4285714285714284,1.4,0.6122448979591837,0.6,8.469387755102042,8.3,10.510204081632654,0.0
2025-02-03 21:21:00,1281,0.0,0.0,1.0816326530612246,1.06,0.6122448979591837,0.6,8.877551020408163,8.7,10.571428571428571,0.0
2025-02-03 21:22:00,1282,0.0,0.0,1.1326530612244898,1.1099999999999999,0.6122448979591837,0.6,7.346938775510205,7.2,9.091836734693878,0.0
2025-02-03 21:23:00,1283,0.0,0.0,1.1428571428571428,1.1199999999999999,0.6122448979591837,0.6,7.244897959183673,7.1,9.0,0.0
2025-02-03 21:24:00,1284,0.0,0.0,1.704081632653061,1.67,0.6122448979591837,0.6,7.448979591836735,7.3,9.76530612244898,0.0
2025-02-03 21:25:00,1285,0.0,0.0,1.6428571428571428,1.61,0.6122448979591837,0.6,7.448979591836735,7.3,9.704081632653061,0.0
2025-02-03 21:26:00,1286,0.0,0.0,1.6326530612244898,1.6,0.6122448979591837,0.6,7.448979591836735,7.3,9.693877551020408,0.0
2025-02-03 21:27:00,1287,0.0,0.0,2.0408163265306123,2.0,0.6122448979591837,0.6,8.571428571428573,8.4,11.22448979591837,0.0
2025-02-03 21:28:00,1288,0.0,0.0,2.071428571428572,2.0300000000000002,0.6122448979591837,0.6,8.877551020408163,8.7,11.561224489795919,0.0
2025-02-03 21:29:00,1289,0.0,0.0,1.989795918367347,1.9500000000000002,0.6122448979591837,0.6,7.346938775510205,7.2,9.948979591836736,0.0
2025-02-03 21:30:00,1290,0.0,0.0,1.9693877551020413,1.9300000000000002,0.6122448979591837,0.6,7.346938775510205,7.2,9.92857142857143,0.0
2025-02-03 21:31:00,1291,0.0,0.0,2.061224489795918,2.02,0.6122448979591837,0.6,7.448979591836735,7.3,10.122448979591836,0.0
2025-02-03 21:32:00,1292,0.0,0.0,3.387755102040817,3.3200000000000003,0.6122448979591837,0.6,7.448979591836735,7.3,11.448979591836736,0.0
2025-02-03 21:33:00,1293,0.0,0.0,3.0510204081632653,2.9899999999999998,0.6122448979591837,0.6,8.061224489795919,7.900000000000001,11.724489795918368,0.0
2025-02-03 21:34:00,1294,0.0,0.0,3.9387755102040827,3.8600000000000003,0.6122448979591837,0.6,9.795918367346939,9.6,14.346938775510205,0.0
2025-02-03 21:35:00,1295,0.0,0.0,3.8469387755102047,3.7700000000000005,0.6122448979591837,0.6,7.959183673469388,7.800000000000001,12.418367346938776,0.0
2025-02-03 21:36:00,1296,0.0,0.0,3.295918367346938,3.2299999999999995,0.6122448979591837,0.6,7.346938775510205,7.2,11.255102040816325,0.0
2025-02-03 21:37:00,1297,0.0,0.0,5.489795918367347,5.38,0.6122448979591837,0.6,7.346938775510205,7.2,13.448979591836736,0.0
2025-02-03 21:38:00,1298,0.0,0.0,3.2857142857142856,3.22,0.6122448979591837,0.6,7.448979591836735,7.3,11.346938775510205,0.0
2025-02-03 21:39:00,1299,0.0,0.0,3.591836734693878,3.5200000000000005,0.6122448979591837,0.6,7.551020408163265,7.4,11.755102040816327,0.0
2025-02-03 21:40:00,1300,0.0,0.0,2.2040816326530615,2.16,0.6122448979591837,0.6,8.571428571428573,8.4,11.387755102040819,0.0
2025-02-03 21:41:00,1301,0.0,0.0,2.163265306122449,2.12,0.6122448979591837,0.6,8.979591836734693,8.8,11.755102040816327,0.0
2025-02-03 21:42:00,1302,0.0,0.0,1.1326530612244898,1.1099999999999999,0.6122448979591837,0.6,7.346938775510205,7.2,9.091836734693878,0.0
2025-02-03 21:43:00,1303,0.0,0.0,1.489795918367347,1.46,0.6122448979591837,0.6,7.346938775510205,7.2,9.448979591836736,0.0
2025-02-03 21:44:00,1304,0.0,0.0,1.8469387755102042,1.81,0.6122448979591837,0.6,7.448979591836735,7.3,9.908163265306122,0.0
2025-02-03 21:45:00,1305,0.0,0.0,1.857142857142857,1.8199999999999998,0.6122448979591837,0.6,7.448979591836735,7.3,9.918367346938775,0.0
2025-02-03 21:46:00,1306,0.0,0.0,1.816326530612245,1.78,0.6122448979591837,0.6,7.448979591836735,7.3,9.877551020408163,0.0
2025-02-03 21:47:00,1307,0.0,0.0,1.4489795918367347,1.42,0.6122448979591837,0.6,8.775510204081634,8.6,10.836734693877553,0.0
2025-02-03 21:48:00,1308,0.0,0.0,1.5,1.47,0.6122448979591837,0.6,8.775510204081634,8.6,10.887755102040819,0.0
2025-02-03 21:49:00,1309,0.0,0.0,1.459183673469388,1.4300000000000002,0.6122448979591837,0.6,7.346938775510205,7.2,9.418367346938776,0.0
2025-02-03 21:50:00,1310,0.0,0.0,2.418367346938776,2.37,0.6122448979591837,0.6,7.346938775510205,7.2,10.377551020408164,0.0
2025-02-03 21:51:00,1311,0.0,0.0,1.7653061224489797,1.73,0.6122448979591837,0.6,7.448979591836735,7.3,9.826530612244898,0.0
2025-02-03 21:52:00,1312,0.0,0.0,1.673469387755102,1.64,0.6122448979591837,0.6,7.448979591836735,7.3,9.73469387755102,0.0
2025-02-03 21:53:00,1313,0.0,0.0,1.683673469387755,1.65,0.6122448979591837,0.6,8.469387755102042,8.3,10.76530612244898,0.0
2025-02-03 21:54:00,1314,0.0,0.0,1.622448979591837,1.59,0.6122448979591837,0.6,8.979591836734693,8.8,11.214285714285715,0.0
2025-02-03 21:55:00,1315,0.0,0.0,1.6122448979591837,1.58,0.6122448979591837,0.6,7.244897959183673,7.1,9.46938775510204,0.0
2025-02-03 21:56:00,1316,0.0,0.0,1.673469387755102,1.64,0.6122448979591837,0.6,7.959183673469388,7.800000000000001,10.244897959183675,0.0
2025-02-03 21:57:00,1317,0.0,0.0,1.653061224489796,1.6199999999999999,0.6122448979591837,0.6,8.061224489795919,7.900000000000001,10.326530612244898,0.0
2025-02-03 21:58:00,1318,0.0,0.0,1.673469387755102,1.64,0.6122448979591837,0.6,8.061224489795919,7.900000000000001,10.346938775510205,0.0
2025-02-03 21:59:00,1319,0.0,0.0,1.397959183673469,1.3699999999999999,0.6122448979591837,0.6,7.448979591836735,7.3,9.459183673469388,0.0
2025-02-03 22:00:00,1320,0.0,0.0,1.3775510204081636,1.35,0.6122448979591837,0.6,8.571428571428573,8.4,10.56122448979592,0.0
2025-02-03 22:01:00,1321,0.0,0.0,1.7142857142857146,1.6800000000000002,0.6122448979591837,0.6,9.795918367346939,9.6,12.122448979591839,0.0
2025-02-03 22:02:00,1322,0.0,0.0,1.795918367346939,1.7600000000000002,0.6122448979591837,0.6,7.959183673469388,7.800000000000001,10.36734693877551,0.0
2025-02-03 22:03:00,1323,0.0,0.0,1.6938775510204085,1.6600000000000001,0.6122448979591837,0.6,7.346938775510205,7.2,9.653061224489797,0.0
2025-02-03 22:04:00,1324,0.0,0.0,1.5204081632653061,1.49,0.6122448979591837,0.6,7.959183673469388,7.800000000000001,10.091836734693878,0.0
2025-02-03 22:05:00,1325,0.0,0.0,2.4285714285714284,2.38,0.6122448979591837,0.6,8.061224489795919,7.900000000000001,11.102040816326532,0.0
2025-02-03 22:06:00,1326,0.0,0.0,3.4285714285714293,3.3600000000000003,0.6122448979591837,0.6,7.755102040816325,7.599999999999999,11.795918367346939,0.0
2025-02-03 22:07:00,1327,0.0,0.0,2.1836734693877546,2.1399999999999997,0.6122448979591837,0.6,8.877551020408163,8.7,11.673469387755102,0.0
2025-02-03 22:08:00,1328,0.0,0.0,1.1326530612244898,1.1099999999999999,0.6122448979591837,0.6,8.36734693877551,8.2,10.112244897959183,0.0
2025-02-03 22:09:00,1329,0.0,0.0,1.1020408163265307,1.08,0.6122448979591837,0.6,7.244897959183673,7.1,8.959183673469388,0.0
2025-02-03 22:10:00,1330,0.0,0.0,1.1020408163265307,1.08,0.6122448979591837,0.6,7.346938775510205,7.2,9.061224489795919,0.0
2025-02-03 22:11:00,1331,0.0,0.0,1.0918367346938773,1.0699999999999998,0.6122448979591837,0.6,7.346938775510205,7.2,9.051020408163264,0.0
2025-02-03 22:12:00,1332,0.0,0.0,1.0918367346938773,1.0699999999999998,0.6122448979591837,0.6,7.346938775510205,7.2,9.051020408163264,0.0
2025-02-03 22:13:00,1333,0.0,0.0,1.673469387755102,1.64,0.6122448979591837,0.6,8.979591836734693,8.8,11.26530612244898,0.0
2025-02-03 22:14:00,1334,0.0,0.0,1.7653061224489797,1.73,0.6122448979591837,0.6,9.387755102040815,9.2,11.765306122448978,0.0
2025-02-03 22:15:00,1335,0.0,0.0,1.6938775510204085,1.6600000000000001,0.6122448979591837,0.6,7.346938775510205,7.2,9.653061224489797,0.0
2025-02-03 22:16:00,1336,0.0,0.0,1.683673469387755,1.65,0.6122448979591837,0.6,7.346938775510205,7.2,9.642857142857144,0.0
2025-02-03 22:17:00,1337,0.0,0.0,1.622448979591837,1.59,0.6122448979591837,0.6,7.448979591836735,7.3,9.683673469387756,0.0
2025-02-03 22:18:00,1338,0.0,0.0,2.2346938775510203,2.19,0.6122448979591837,0.6,7.448979591836735,7.3,10.295918367346937,0.0
2025-02-03 22:19:00,1339,0.0,0.0,2.061224489795918,2.02,0.6122448979591837,0.6,7.653061224489796,7.5,10.326530612244898,0.0
2025-02-03 22:20:00,1340,0.0,0.0,2.0204081632653064,1.98,0.6122448979591837,0.6,8.979591836734693,8.8,11.612244897959183,0.0
2025-02-03 22:21:00,1341,0.0,0.0,2.071428571428572,2.0300000000000002,0.6122448979591837,0.6,8.775510204081634,8.6,11.45918367346939,0.0
2025-02-03 22:22:00,1342,0.0,0.0,1.4795918367346939,1.45,0.6122448979591837,0.6,7.346938775510205,7.2,9.438775510204081,0.0
2025-02-03 22:23:00,1343,0.0,0.0,1.3775510204081636,1.35,0.6122448979591837,0.6,7.346938775510205,7.2,9.336734693877553,0.0
2025-02-03 22:24:00,1344,0.0,0.0,1.0918367346938773,1.0699999999999998,0.6122448979591837,0.6,7.448979591836735,7.3,9.153061224489797,0.0
2025-02-03 22:25:00,1345,0.0,0.0,1.0918367346938773,1.0699999999999998,0.6122448979591837,0.6,8.16326530612245,8.0,9.86734693877551,0.0
2025-02-03 22:26:00,1346,0.0,0.0,1.1632653061224492,1.1400000000000001,0.6122448979591837,0.6,8.469387755102042,8.3,10.244897959183675,0.0
2025-02-03 22:27:00,1347,0.0,0.0,1.1428571428571428,1.1199999999999999,0.6122448979591837,0.6,9.591836734693878,9.4,11.346938775510205,0.0
2025-02-03 22:28:00,1348,0.0,0.0,1.1632653061224492,1.1400000000000001,0.6122448979591837,0.6,9.489795918367347,9.3,11.26530612244898,0.0
2025-02-03 22:29:00,1349,0.0,0.0,1.0714285714285716,1.05,0.6122448979591837,0.6,7.346938775510205,7.2,9.030612244897961,0.0
2025-02-03 22:30:00,1350,0.0,0.0,2.479591836734694,2.43,0.6122448979591837,0.6,7.346938775510205,7.2,10.438775510204083,0.0
2025-02-03 22:31:00,1351,0.0,0.0,2.1734693877551017,2.13,0.6122448979591837,0.6,7.448979591836735,7.3,10.23469387755102,0.0
2025-02-03 22:32:00,1352,0.0,0.0,1.112244897959184,1.09,0.6122448979591837,0.6,7.448979591836735,7.3,9.173469387755102,0.0
2025-02-03 22:33:00,1353,0.0,0.0,1.8265306122448979,1.7899999999999998,0.6122448979591837,0.6,8.673469387755102,8.5,11.112244897959183,0.0
2025-02-03 22:34:00,1354,0.0,0.0,1.7551020408163265,1.72,0.6122448979591837,0.6,8.979591836734693,8.8,11.346938775510205,0.0
2025-02-03 22:35:00,1355,0.0,0.0,1.5,1.47,0.6122448979591837,0.6,7.346938775510205,7.2,9.459183673469388,0.0
2025-02-03 22:36:00,1356,0.0,0.0,2.010204081632653,1.97,0.6122448979591837,0.6,7.346938775510205,7.2,9.96938775510204,0.0
2025-02-03 22:37:00,1357,0.0,0.0,1.9693877551020413,1.9300000000000002,0.6122448979591837,0.6,7.448979591836735,7.3,10.030612244897961,0.0
2025-02-03 22:38:00,1358,0.0,0.0,2.0204081632653064,1.98,0.6122448979591837,0.6,7.551020408163265,7.4,10.183673469387756,0.0
2025-02-03 22:39:00,1359,0.0,0.0,2.0408163265306123,2.0,0.6122448979591837,0.6,7.551020408163265,7.4,10.204081632653063,0.0
2025-02-03 22:40:00,1360,0.0,0.0,2.0510204081632653,2.0100000000000002,0.6122448979591837,0.6,8.673469387755102,8.5,11.33673469387755,0.0
2025-02-03 22:41:00,1361,0.0,0.0,1.7142857142857146,1.6800000000000002,0.6122448979591837,0.6,9.081632653061224,8.9,11.408163265306124,0.0
2025-02-03 22:42:00,1362,0.0,0.0,1.673469387755102,1.64,0.6122448979591837,0.6,7.346938775510205,7.2,9.63265306122449,0.0
2025-02-03 22:43:00,1363,0.0,0.0,1.6632653061224492,1.6300000000000001,0.6122448979591837,0.6,7.346938775510205,7.2,9.622448979591837,0.0
2025-02-03 22:44:00,1364,0.0,0.0,1.673469387755102,1.64,0.6122448979591837,0.6,7.346938775510205,7.2,9.63265306122449,0.0
2025-02-03 22:45:00,1365,0.0,0.0,1.683673469387755,1.65,0.6122448979591837,0.6,7.346938775510205,7.2,9.642857142857144,0.0
2025-02-03 22:46:00,1366,0.0,0.0,1.153061224489796,1.1300000000000001,0.6122448979591837,0.6,7.448979591836735,7.3,9.214285714285715,0.0
2025-02-03 22:47:00,1367,0.0,0.0,1.153061224489796,1.1300000000000001,0.6122448979591837,0.6,8.877551020408163,8.7,10.642857142857144,0.0
2025-02-03 22:48:00,1368,0.0,0.0,1.8265306122448979,1.7899999999999998,0.6122448979591837,0.6,8.979591836734693,8.8,11.418367346938776,0.0
2025-02-03 22:49:00,1369,0.0,0.0,1.795918367346939,1.7600000000000002,0.6122448979591837,0.6,7.346938775510205,7.2,9.755102040816329,0.0
2025-02-03 22:50:00,1370,0.0,0.0,1.8367346938775513,1.8,0.6122448979591837,0.6,7.346938775510205,7.2,9.795918367346939,0.0
2025-02-03 22:51:00,1371,0.0,0.0,1.5408163265306123,1.51,0.6122448979591837,0.6,7.346938775510205,7.2,9.500000000000002,0.0
2025-02-03 22:52:00,1372,0.0,0.0,1.4387755102040816,1.41,0.6122448979591837,0.6,7.448979591836735,7.3,9.5,0.0
2025-02-03 22:53:00,1373,0.0,0.0,1.4081632653061227,1.3800000000000001,0.7142857142857142,0.7,7.857142857142858,7.699999999999999,9.979591836734693,0.0
2025-02-03 22:54:00,1374,0.0,0.0,1.469387755102041,1.44,0.6122448979591837,0.6,9.081632653061224,8.9,11.16326530612245,0.0
2025-02-03 22:55:00,1375,0.0,0.0,2.7448979591836733,2.69,0.6122448979591837,0.6,8.571428571428573,8.4,11.928571428571429,0.0
2025-02-03 22:56:00,1376,0.0,0.0,5.153061224489796,5.05,0.6122448979591837,0.6,7.959183673469388,7.800000000000001,13.724489795918368,0.0
2025-02-03 22:57:00,1377,0.0,0.0,4.142857142857144,4.0600000000000005,0.6122448979591837,0.6,8.061224489795919,7.900000000000001,12.816326530612246,0.0
2025-02-03 22:58:00,1378,0.0,0.0,1.2346938775510203,1.21,0.6122448979591837,0.6,8.16326530612245,8.0,10.010204081632653,0.0
2025-02-03 22:59:00,1379,0.0,0.0,1.173469387755102,1.15,0.6122448979591837,0.6,7.448979591836735,7.3,9.23469387755102,0.0
2025-02-03 23:00:00,1380,0.0,0.0,1.489795918367347,1.46,0.6122448979591837,0.6,8.36734693877551,8.2,10.46938775510204,0.0
2025-02-03 23:01:00,1381,0.0,0.0,1.7448979591836737,1.7100000000000002,0.6122448979591837,0.6,9.081632653061224,8.9,11.438775510204081,0.0
2025-02-03 23:02:00,1382,0.0,0.0,5.1020408163265305,5.0,0.6122448979591837,0.6,7.346938775510205,7.2,13.061224489795919,0.0
2025-02-03 23:03:00,1383,0.0,0.0,5.1020408163265305,5.0,0.6122448979591837,0.6,7.346938775510205,7.2,13.061224489795919,0.0
2025-02-03 23:04:00,1384,0.0,0.0,5.081632653061224,4.9799999999999995,0.6122448979591837,0.6,7.346938775510205,7.2,13.040816326530612,0.0
2025-02-03 23:05:00,1385,0.0,0.0,2.8367346938775513,2.7800000000000002,0.6122448979591837,0.6,7.346938775510205,7.2,10.795918367346939,0.0
2025-02-03 23:06:00,1386,0.0,0.0,1.816326530612245,1.78,0.6122448979591837,0.6,7.448979591836735,7.3,9.877551020408163,0.0
2025-02-03 23:07:00,1387,0.0,0.0,1.683673469387755,1.65,0.6122448979591837,0.6,8.673469387755102,8.5,10.96938775510204,0.0
2025-02-03 23:08:00,1388,0.0,0.0,1.704081632653061,1.67,0.6122448979591837,0.6,9.081632653061224,8.9,11.397959183673468,0.0
2025-02-03 23:09:00,1389,0.0,0.0,2.0408163265306123,2.0,0.6122448979591837,0.6,7.346938775510205,7.2,10.000000000000002,0.0
2025-02-03 23:10:00,1390,0.0,0.0,1.5408163265306123,1.51,0.6122448979591837,0.6,7.346938775510205,7.2,9.500000000000002,0.0
2025-02-03 23:11:00,1391,0.0,0.0,1.4285714285714284,1.4,0.6122448979591837,0.6,7.448979591836735,7.3,9.489795918367347,0.0
2025-02-03 23:12:00,1392,0.0,0.0,1.4387755102040816,1.41,0.6122448979591837,0.6,7.448979591836735,7.3,9.5,0.0
2025-02-03 23:13:00,1393,0.0,0.0,1.4081632653061227,1.3800000000000001,0.6122448979591837,0.6,7.755102040816325,7.599999999999999,9.775510204081632,0.0
2025-02-03 23:14:00,1394,0.0,0.0,1.4081632653061227,1.3800000000000001,0.6122448979591837,0.6,8.877551020408163,8.7,10.89795918367347,0.0
2025-02-03 23:15:00,1395,0.0,0.0,1.0714285714285716,1.05,0.6122448979591837,0.6,8.979591836734693,8.8,10.66326530612245,0.0
2025-02-03 23:16:00,1396,0.0,0.0,1.0714285714285716,1.05,0.6122448979591837,0.6,7.346938775510205,7.2,9.030612244897961,0.0
2025-02-03 23:17:00,1397,0.0,0.0,1.8979591836734697,1.86,0.6122448979591837,0.6,8.061224489795919,7.900000000000001,10.571428571428573,0.0
2025-02-03 23:18:00,1398,0.0,0.0,2.520408163265306,2.4699999999999998,0.6122448979591837,0.6,8.16326530612245,8.0,11.295918367346939,0.0
2025-02-03 23:19:00,1399,0.0,0.0,1.7346938775510206,1.7,0.6122448979591837,0.6,8.775510204081634,8.6,11.122448979591839,0.0
2025-02-03 23:20:00,1400,0.0,0.0,1.1224489795918366,1.1,0.6122448979591837,0.6,8.16326530612245,8.0,9.897959183673471,0.0
2025-02-03 23:21:00,1401,0.0,0.0,3.306122448979592,3.2399999999999998,0.6122448979591837,0.6,8.979591836734693,8.8,12.89795918367347,0.0
2025-02-03 23:22:00,1402,0.0,0.0,3.357142857142857,3.29,0.7142857142857142,0.7,8.877551020408163,8.7,12.948979591836736,0.0
2025-02-03 23:23:00,1403,0.0,0.0,3.306122448979592,3.2399999999999998,0.7142857142857142,0.7,7.346938775510205,7.2,11.367346938775512,0.0
2025-02-03 23:24:00,1404,0.0,0.0,3.8673469387755097,3.7899999999999996,0.7142857142857142,0.7,8.061224489795919,7.900000000000001,12.642857142857142,0.0
2025-02-03 23:25:00,1405,0.0,0.0,3.9387755102040827,3.8600000000000003,0.7142857142857142,0.7,8.16326530612245,8.0,12.816326530612246,0.0
2025-02-03 23:26:00,1406,0.0,0.0,2.0204081632653064,1.98,0.7142857142857142,0.7,8.16326530612245,8.0,10.89795918367347,0.0
2025-02-03 23:27:00,1407,0.0,0.0,1.9795918367346936,1.94,0.7142857142857142,0.7,8.775510204081634,8.6,11.469387755102042,0.0
2025-02-03 23:28:00,1408,0.0,0.0,2.071428571428572,2.0300000000000002,0.7142857142857142,0.7,8.979591836734693,8.8,11.76530612244898,0.0
2025-02-03 23:29:00,1409,0.0,0.0,2.0918367346938775,2.05,0.7142857142857142,0.7,7.959183673469388,7.800000000000001,10.76530612244898,0.0
2025-02-03 23:30:00,1410,0.0,0.0,2.295918367346939,2.25,0.7142857142857142,0.7,7.959183673469388,7.800000000000001,10.96938775510204,0.0
2025-02-03 23:31:00,1411,0.0,0.0,2.0000000000000004,1.9600000000000002,0.7142857142857142,0.7,7.346938775510205,7.2,10.06122448979592,0.0
2025-02-03 23:32:00,1412,0.0,0.0,2.0306122448979593,1.9899999999999998,0.7142857142857142,0.7,7.346938775510205,7.2,10.091836734693878,0.0
2025-02-03 23:33:00,1413,0.0,0.0,1.704081632653061,1.67,0.7142857142857142,0.7,7.551020408163265,7.4,9.96938775510204,0.0
2025-02-03 23:34:00,1414,0.0,0.0,1.704081632653061,1.67,0.7142857142857142,0.7,8.775510204081634,8.6,11.19387755102041,0.0
2025-02-03 23:35:00,1415,0.0,0.0,1.6326530612244898,1.6,0.7142857142857142,0.7,8.571428571428573,8.4,10.918367346938778,0.0
2025-02-03 23:36:00,1416,0.0,0.0,1.1020408163265307,1.08,0.7142857142857142,0.7,7.346938775510205,7.2,9.16326530612245,0.0
2025-02-03 23:37:00,1417,0.0,0.0,1.0918367346938773,1.0699999999999998,0.7142857142857142,0.7,8.16326530612245,8.0,9.96938775510204,0.0
2025-02-03 23:38:00,1418,0.0,0.0,2.2346938775510203,2.19,0.7142857142857142,0.7,8.061224489795919,7.900000000000001,11.010204081632653,0.0
2025-02-03 23:39:00,1419,0.0,0.0,2.479591836734694,2.43,0.7142857142857142,0.7,8.061224489795919,7.900000000000001,11.255102040816327,0.0
2025-02-03 23:40:00,1420,0.0,0.0,1.1020408163265307,1.08,0.7142857142857142,0.7,8.061224489795919,7.900000000000001,9.877551020408164,0.0
2025-02-03 23:41:00,1421,0.0,0.0,1.3877551020408163,1.3599999999999999,0.7142857142857142,0.7,9.183673469387756,9.0,11.285714285714285,0.0
2025-02-03 23:42:00,1422,0.0,0.0,1.0816326530612246,1.06,0.7142857142857142,0.7,7.346938775510205,7.2,9.142857142857144,0.0
2025-02-03 23:43:00,1423,0.0,0.0,1.4795918367346939,1.45,0.7142857142857142,0.7,7.244897959183673,7.1,9.438775510204081,0.0
2025-02-03 23:44:00,1424,0.0,0.0,1.5306122448979593,1.5,0.7142857142857142,0.7,7.346938775510205,7.2,9.591836734693878,0.0
2025-02-03 23:45:00,1425,0.0,0.0,1.806122448979592,1.77,0.7142857142857142,0.7,7.448979591836735,7.3,9.96938775510204,0.0
2025-02-03 23:46:00,1426,0.0,0.0,1.7857142857142858,1.75,0.6122448979591837,0.6,7.448979591836735,7.3,9.846938775510203,0.0
2025-02-03 23:47:00,1427,0.0,0.0,1.7448979591836737,1.7100000000000002,0.7142857142857142,0.7,8.469387755102042,8.3,10.92857142857143,0.0
2025-02-03 23:48:00,1428,0.0,0.0,2.1020408163265305,2.06,0.7142857142857142,0.7,8.979591836734693,8.8,11.795918367346939,0.0
2025-02-03 23:49:00,1429,0.0,0.0,2.1734693877551017,2.13,0.7142857142857142,0.7,7.346938775510205,7.2,10.23469387755102,0.0
2025-02-03 23:50:00,1430,0.0,0.0,1.153061224489796,1.1300000000000001,0.7142857142857142,0.7,7.346938775510205,7.2,9.214285714285715,0.0
2025-02-03 23:51:00,1431,0.0,0.0,1.7448979591836737,1.7100000000000002,0.7142857142857142,0.7,7.448979591836735,7.3,9.908163265306122,0.0
2025-02-03 23:52:00,1432,0.0,0.0,1.989795918367347,1.9500000000000002,0.6122448979591837,0.6,8.061224489795919,7.900000000000001,10.66326530612245,0.0
2025-02-03 23:53:00,1433,0.0,0.0,1.6428571428571428,1.61,0.6122448979591837,0.6,8.16326530612245,8.0,10.418367346938776,0.0
2025-02-03 23:54:00,1434,0.0,0.0,1.683673469387755,1.65,0.6122448979591837,0.6,9.489795918367347,9.3,11.785714285714286,0.0
2025-02-03 23:55:00,1435,0.0,0.0,1.6122448979591837,1.58,0.6122448979591837,0.6,8.979591836734693,8.8,11.204081632653063,0.0
2025-02-03 23:56:00,1436,0.0,0.0,1.6632653061224492,1.6300000000000001,0.6122448979591837,0.6,7.346938775510205,7.2,9.622448979591837,0.0
2025-02-03 23:57:00,1437,0.0,0.0,1.6632653061224492,1.6300000000000001,0.6122448979591837,0.6,7.346938775510205,7.2,9.622448979591837,0.0
2025-02-03 23:58:00,1438,0.0,0.0,1.704081632653061,1.67,0.6122448979591837,0.6,7.448979591836735,7.3,9.76530612244898,0.0
2025-02-03 23:59:00,1439,0.0,0.0,1.6632653061224492,1.6300000000000001,0.6122448979591837,0.6,7.551020408163265,7.4,9.826530612244898,0.0
2025-02-04 00:00:00,1440,0.0,0.0,1.9285714285714288,1.8900000000000001,0.6122448979591837,0.6,8.36734693877551,8.2,10.908163265306122,0.0
2025-02-04 00:01:00,1441,0.0,0.0,1.5408163265306123,1.51,0.6122448979591837,0.6,8.979591836734693,8.8,11.13265306122449,0.0
2025-02-04 00:02:00,1442,0.0,0.0,2.5918367346938775,2.54,0.6122448979591837,0.6,7.346938775510205,7.2,10.551020408163266,0.0
