k,gP1,dA2,sBY,bF,xFD1_xFC2,pBY,v,dD,dD2
0,0,5,0,2432.570754,15.61849229,26.31,0,10,10
1,0,5,0,2424.759075,15.61849229,26.31,0,10,10
2,0,5,0,2416.947404,15.61849229,26.31,0,10,10
3,0,5,0,2409.135741,15.61849229,26.31,0,10,10
4,0,6,0,2399.762237,18.74219075,26.31,0,12,12
5,0,5,0,2391.950591,15.61849229,26.31,0,10,10
6,0,5,0,2384.138953,15.61849229,26.31,0,10,10
7,0,5,0,2376.327322,15.61849229,26.31,0,10,10
8,0,5,0,2368.5157,15.61849229,26.31,0,10,10
9,0,4,0,2362.265934,12.49479384,26.31,0,8,8
10,3,5,0,2355.954326,12.61849229,26.31,0,10,10
11,9,6,0,2351.080875,9.742190754,26.31,0,12,12
12,12,5,0,2349.269277,3.618492295,26.31,0,10,10
13,19,5,0,2349.266928,0,26.31,0,10,10
14,29,5,0,2349.264579,0,26.31,0,10,10
15,38,5,0,2349.26223,0,26.31,0,10,10
16,43,9,0,2349.25988,0,26.31,0,18,18
17,49,10,0,2349.257531,0,26.31,0,20,20
18,50,10,0,2349.255182,0,26.31,0,20,20
19,53,22,0,2341.39215,15.7213661,26.31,0,44,44
20,54,33,0,2316.848784,49.08204915,26.31,0,66,66
21,57,19,0,2315.671331,2.350270721,26.31,0,38,38
22,55,12,0,2315.669016,0,26.31,0,24,24
23,53,12,0,2315.6667,0,26.31,0,24,24
24,78,13,0,2315.664384,0,26.31,0,26,26
25,105,12,0,2315.662069,0,26.31,0,24,24
26,105,12,0,2315.659753,0,26.31,0,24,24
27,94,24,0,2315.657437,0,26.31,0,48,48
28,88,30,0,2312.799645,5.710953769,26.31,0,60,60
29,69,13,0,2312.797332,0,26.31,0,26,26
30,58,12,0,2312.795019,0,26.31,0,24,24
31,35,13,0,2309.988666,5.608079967,26.31,0,26,26
32,30,12,0,2306.244166,7.484381508,26.31,0,24,24
33,14,10,0,2297.623367,17.23698459,26.31,0,20,20
34,11,6,0,2293.749974,7.742190754,26.31,0,12,12
35,1,6,0,2284.876585,17.74219075,26.31,0,12,12
36,0,6,0,2275.503205,18.74219075,26.31,0,12,12
37,0,7,0,2264.567985,21.86588921,26.31,0,14,14
38,0,7,0,2253.632776,21.86588921,26.31,0,14,14
39,0,6,0,2244.259427,18.74219075,26.31,0,12,12
40,0,6,0,2234.886087,18.74219075,26.31,0,12,12
41,0,5,0,2227.074606,15.61849229,26.31,0,10,10
42,0,5,0,2219.263133,15.61849229,26.31,0,10,10
43,0,5,0,2211.451667,15.61849229,26.31,0,10,10
44,0,5,0,2203.64021,15.61849229,26.31,0,10,10
45,0,5,0,2195.82876,15.61849229,26.31,0,10,10
46,0,5,0,2188.017318,15.61849229,26.31,0,10,10
47,0,6,0,2178.644034,18.74219075,26.31,0,12,12
48,0,5,0,2170.83261,15.61849229,26.31,0,10,10
49,0,5,0,2163.021193,15.61849229,26.31,0,10,10
50,0,5,0,2155.209784,15.61849229,26.31,0,10,10
51,0,5,0,2147.398382,15.61849229,26.31,0,10,10
52,0,5,0,2139.586989,15.61849229,26.31,0,10,10
53,0,5,0,2131.775603,15.61849229,26.31,0,10,10
54,0,5,0,2123.964225,15.61849229,26.31,0,10,10
55,0,5,0,2116.152855,15.61849229,26.31,0,10,10
56,0,5,0,2108.341493,15.61849229,26.31,0,10,10
57,0,5,0,2100.530138,15.61849229,26.31,0,10,10
58,0,5,0,2092.718791,15.61849229,26.31,0,10,10
59,0,6,0,2083.345603,18.74219075,26.31,0,12,12
60,0,5,0,2075.534274,15.61849229,26.31,0,10,10
61,0,5,0,2067.722952,15.61849229,26.31,0,10,10
62,0,5,0,2059.911638,15.61849229,26.31,0,10,10
63,8,5,0,2056.100332,7.618492295,26.31,0,10,10
64,32,5,0,2056.098276,0,26.31,0,10,10
65,39,11,0,2056.09622,0,26.31,0,22,22
66,96,12,0,2056.094164,0,26.31,0,24,24
67,105,12,0,2056.092108,0,26.31,0,24,24
68,85,12,0,2056.090052,0,26.31,0,24,24
69,46,12,0,2056.087996,0,26.31,0,24,24
70,33,12,0,2053.843749,4.484381508,26.31,0,24,24
71,21,12,0,2045.599504,16.48438151,26.31,0,24,24
72,58,12,0,2045.597459,0,26.31,0,24,24
73,64,11,0,2045.595413,0,26.31,0,22,22
74,71,12,0,2045.593367,0,26.31,0,24,24
75,76,12,0,2045.591322,0,26.31,0,24,24
76,65,12,0,2057.403183,-23.62781401,26.31,0,24,24
77,47,11,0,2063.470526,-12.1388,26.31,0,22,22
78,56,12,0,2072.359662,-17.7824,26.31,0,24,24
79,50,15,0,2073.86759,-3.02,26.31,0,30,30
80,43,34,0,2042.262642,63.20574761,26.31,0,68,68
81,21,12,0,2034.018409,16.48438151,26.31,0,24,24
82,11,11,0,2022.336034,23.36068305,26.31,0,22,22
83,1,12,0,2004.091821,36.48438151,26.31,0,24,24
84,0,12,0,1985.347626,37.48438151,26.31,0,24,24
85,0,11,0,1968.165299,34.36068305,26.31,0,22,22
86,0,12,0,1949.42114,37.48438151,26.31,0,24,24
87,0,11,0,1932.238849,34.36068305,26.31,0,22,22
88,0,6,0,1922.865821,18.74219075,26.31,0,12,12
89,0,5,0,1915.054652,15.61849229,26.31,0,10,10
90,0,5,0,1907.243491,15.61849229,26.31,0,10,10
91,0,5,0,1899.432338,15.61849229,26.31,0,10,10
92,0,5,0,1891.621192,15.61849229,26.31,0,10,10
93,0,5,0,1883.810054,15.61849229,26.31,0,10,10
94,0,5,0,1875.998925,15.61849229,26.31,0,10,10
95,0,5,0,1868.187802,15.61849229,26.31,0,10,10
96,0,5,0,1860.376688,15.61849229,26.31,0,10,10
97,0,5,0,1852.565582,15.61849229,26.31,0,10,10
98,0,5,0,1844.754483,15.61849229,26.31,0,10,10
99,0,5,0,1836.943392,15.61849229,26.31,0,10,10
100,0,5,0,1829.132309,15.61849229,26.31,0,10,10
101,0,5,0,1821.321234,15.61849229,26.31,0,10,10
102,0,5,0,1813.510166,15.61849229,26.31,0,10,10
103,0,4,0,1807.260956,12.49479384,26.31,0,8,8
104,0,6,0,1797.888053,18.74219075,26.31,0,12,12
105,0,5,0,1790.077009,15.61849229,26.31,0,10,10
106,3,5,0,1783.765973,12.61849229,26.31,0,10,10
107,10,5,0,1780.954943,5.618492295,26.31,0,10,10
108,24,5,0,1780.953162,0,26.31,0,10,10
109,38,5,0,1780.951381,0,26.31,0,10,10
110,51,5,0,1780.9496,0,26.31,0,10,10
111,64,6,0,1780.947819,0,26.31,0,12,12
112,70,5,0,1780.946038,0,26.31,0,10,10
113,86,6,0,1780.944257,0,26.31,0,12,12
114,90,6,0,1780.942476,0,26.31,0,12,12
115,102,6,0,1780.940695,0,26.31,0,12,12
116,105,5,0,1780.938914,0,26.31,0,10,10
117,105,6,0,1780.937133,0,26.31,0,12,12
118,105,5,0,1780.935352,0,26.31,0,10,10
119,105,6,0,1780.933571,0,26.31,0,12,12
120,105,6,0,1780.931791,0,26.31,0,12,12
121,105,6,0,1780.93001,0,26.31,0,12,12
122,104,5,0,1780.928229,0,26.31,0,10,10
123,94,5,0,1780.926448,0,26.31,0,10,10
124,89,6,0,1780.924667,0,26.31,0,12,12
125,72,5,0,1780.922886,0,26.31,0,10,10
126,68,6,0,1780.921105,0,26.31,0,12,12
127,48,5,0,1780.919324,0,26.31,0,10,10
128,39,6,0,1780.917543,0,26.31,0,12,12
129,28,5,0,1786.861362,-11.8912,26.31,0,10,10
130,21,6,0,1787.943775,-2.1684,26.31,0,12,12
131,4,6,0,1780.570892,14.74219075,26.31,0,12,12
132,2,6,0,1772.198016,16.74219075,26.31,0,12,12
133,0,7,0,1761.263299,21.86588921,26.31,0,14,14
134,0,7,0,1750.328593,21.86588921,26.31,0,14,14
135,0,7,0,1739.393898,21.86588921,26.31,0,14,14
136,0,6,0,1730.021064,18.74219075,26.31,0,12,12
137,0,5,0,1722.210088,15.61849229,26.31,0,10,10
138,0,5,0,1714.399119,15.61849229,26.31,0,10,10
139,0,5,0,1706.588159,15.61849229,26.31,0,10,10
140,0,5,0,1698.777206,15.61849229,26.31,0,10,10
141,0,5,0,1690.966261,15.61849229,26.31,0,10,10
142,0,5,0,1683.155324,15.61849229,26.31,0,10,10
143,0,6,0,1673.782545,18.74219075,26.31,0,12,12
144,0,5,0,1665.971625,15.61849229,26.31,0,10,10
145,0,5,0,1658.160713,15.61849229,26.31,0,10,10
146,0,5,0,1650.349809,15.61849229,26.31,0,10,10
147,0,5,0,1642.538912,15.61849229,26.31,0,10,10
148,0,5,0,1634.728024,15.61849229,26.31,0,10,10
149,0,5,0,1626.917143,15.61849229,26.31,0,10,10
150,0,6,0,1617.544421,18.74219075,26.31,0,12,12
151,0,5,0,1609.733557,15.61849229,26.31,0,10,10
152,0,5,0,1601.922701,15.61849229,26.31,0,10,10
153,0,5,0,1594.111853,15.61849229,26.31,0,10,10
154,1,5,0,1586.801013,14.61849229,26.31,0,10,10
155,15,6,0,1584.928331,3.742190754,26.31,0,12,12
156,27,5,0,1584.926746,0,26.31,0,10,10
157,28,6,0,1584.925161,0,26.31,0,12,12
158,54,6,0,1601.854376,-33.8616,26.31,0,12,12
159,66,6,0,1624.545974,-45.3864,26.31,0,12,12
160,73,6,0,1650.598949,-52.1092,26.31,0,12,12
161,91,6,0,1685.295499,-69.3964,26.31,0,12,12
162,96,5,0,1723.893013,-77.1984,26.31,0,10,10
163,105,6,0,1765.31229,-82.842,26.31,0,12,12
164,105,7,0,1805.231524,-79.842,26.31,0,14,14
165,105,6,0,1846.650719,-82.842,26.31,0,12,12
166,105,7,0,1886.569872,-79.842,26.31,0,14,14
167,105,6,0,1927.988986,-82.842,26.31,0,12,12
168,105,6,0,1969.408058,-82.842,26.31,0,12,12
169,105,7,0,2009.327088,-79.842,26.31,0,14,14
170,105,6,0,2050.746079,-82.842,26.31,0,12,12
171,99,5,0,2090.783828,-80.0796,26.31,0,10,10
172,94,6,0,2126.920538,-72.2776,26.31,0,12,12
173,79,5,0,2157.354211,-60.8716,26.31,0,10,10
174,73,5,0,2184.906653,-55.1092,26.31,0,10,10
175,54,5,0,2203.335268,-36.8616,26.31,0,10,10
176,47,4,0,2219.902465,-33.1388,26.31,0,8,8
177,28,5,0,2225.845845,-11.8912,26.31,0,10,10
178,22,5,0,2228.908019,-6.1288,26.31,0,10,10
179,5,5,0,2223.596544,10.61849229,26.31,0,10,10
180,3,6,0,2215.723225,15.74219075,26.31,0,12,12
181,0,6,0,2206.349914,18.74219075,26.31,0,12,12
182,0,6,0,2196.976612,18.74219075,26.31,0,12,12
183,0,6,0,2187.60332,18.74219075,26.31,0,12,12
184,0,6,0,2178.230037,18.74219075,26.31,0,12,12
185,0,5,0,2170.418613,15.61849229,26.31,0,10,10
186,0,5,0,2162.607196,15.61849229,26.31,0,10,10
187,0,5,0,2154.795787,15.61849229,26.31,0,10,10
188,0,5,0,2146.984386,15.61849229,26.31,0,10,10
189,0,5,0,2139.172993,15.61849229,26.31,0,10,10
190,0,5,0,2131.361608,15.61849229,26.31,0,10,10
191,0,6,0,2121.988381,18.74219075,26.31,0,12,12
192,0,4,0,2115.738862,12.49479384,26.31,0,8,8
193,0,5,0,2107.9275,15.61849229,26.31,0,10,10
194,0,5,0,2100.116146,15.61849229,26.31,0,10,10
195,0,5,0,2092.3048,15.61849229,26.31,0,10,10
196,0,5,0,2084.493462,15.61849229,26.31,0,10,10
197,0,6,0,2075.120282,18.74219075,26.31,0,12,12
198,0,4,0,2068.87081,12.49479384,26.31,0,8,8
199,0,5,0,2061.059495,15.61849229,26.31,0,10,10
200,0,5,0,2053.248188,15.61849229,26.31,0,10,10
201,0,5,0,2045.436888,15.61849229,26.31,0,10,10
202,3,5,0,2039.125597,12.61849229,26.31,0,10,10
203,13,6,0,2036.252462,5.742190754,26.31,0,12,12
204,28,5,0,2042.196026,-11.8912,26.31,0,10,10
205,41,5,0,2054.382184,-24.3764,26.31,0,10,10
206,56,5,0,2073.771329,-38.7824,26.31,0,10,10
207,68,6,0,2097.422855,-47.3072,26.31,0,12,12
208,74,6,0,2123.955558,-53.0696,26.31,0,12,12
209,90,6,0,2158.171434,-68.436,26.31,0,12,12
210,94,7,0,2192.808076,-69.2776,26.31,0,14,14
211,105,6,0,2234.226883,-82.842,26.31,0,12,12
212,105,7,0,2274.145649,-79.842,26.31,0,14,14
213,105,7,0,2314.064375,-79.842,26.31,0,14,14
214,105,6,0,2355.483061,-82.842,26.31,0,12,12
215,105,7,0,2395.401705,-79.842,26.31,0,14,14
216,105,6,0,2436.82031,-82.842,26.31,0,12,12
217,105,7,0,2476.738873,-79.842,26.31,0,14,14
218,100,7,0,2514.256396,-75.04,26.31,0,14,14
219,64,6,0,2535.986682,-43.4656,26.31,0,12,12
220,66,6,0,2558.677346,-45.3864,26.31,0,12,12
221,68,6,0,2582.328387,-47.3072,26.31,0,12,12
222,55,5,0,2601.236805,-37.822,26.31,0,10,10
223,24,6,0,2603.759004,-5.0496,26.31,0,12,12
224,18,5,0,2604.9,-2.2872,26.31,0,10,10
225,7,5,0,2600.588149,8.618492295,26.31,0,10,10
226,6,5,0,2595.776302,9.618492295,26.31,0,10,10
227,0,5,0,2587.96446,15.61849229,26.31,0,10,10
228,0,6,0,2578.590777,18.74219075,26.31,0,12,12
229,0,6,0,2569.217103,18.74219075,26.31,0,12,12
230,0,6,0,2559.843438,18.74219075,26.31,0,12,12
231,0,6,0,2550.469783,18.74219075,26.31,0,12,12
232,0,6,0,2541.096137,18.74219075,26.31,0,12,12
233,0,5,0,2533.28435,15.61849229,26.31,0,10,10
234,0,5,0,2525.472571,15.61849229,26.31,0,10,10
235,0,5,0,2517.660799,15.61849229,26.31,0,10,10
236,0,6,0,2508.287186,18.74219075,26.31,0,12,12
237,0,5,0,2500.475432,15.61849229,26.31,0,10,10
238,0,5,0,2492.663685,15.61849229,26.31,0,10,10
239,0,5,0,2484.851946,15.61849229,26.31,0,10,10
240,0,5,0,2477.040215,15.61849229,26.31,0,10,10
241,0,5,0,2469.228492,15.61849229,26.31,0,10,10
242,0,5,0,2461.416777,15.61849229,26.31,0,10,10
243,0,5,0,2453.605069,15.61849229,26.31,0,10,10
244,0,5,0,2445.793369,15.61849229,26.31,0,10,10
245,0,5,0,2437.981677,15.61849229,26.31,0,10,10
246,0,5,0,2430.169993,15.61849229,26.31,0,10,10
247,0,5,0,2422.358317,15.61849229,26.31,0,10,10
248,0,5,0,2414.546648,15.61849229,26.31,0,10,10
249,0,5,0,2406.734988,15.61849229,26.31,0,10,10
250,0,5,0,2398.923335,15.61849229,26.31,0,10,10
251,0,6,0,2389.54984,18.74219075,26.31,0,12,12
252,1,5,0,2382.238205,14.61849229,26.31,0,10,10
253,3,5,0,2375.926576,12.61849229,26.31,0,10,10
254,5,5,0,2370.614954,10.61849229,26.31,0,10,10
255,19,5,0,2372.236384,-3.2476,26.31,0,10,10
256,23,5,0,2375.778611,-7.0892,26.31,0,10,10
257,29,5,0,2382.202036,-12.8516,26.31,0,10,10
258,41,5,0,2394.387853,-24.3764,26.31,0,10,10
259,41,5,0,2406.573659,-24.3764,26.31,0,10,10
260,34,6,0,2413.898053,-14.6536,26.31,0,12,12
261,54,6,0,2430.826439,-33.8616,26.31,0,12,12
262,53,6,0,2447.274608,-32.9012,26.31,0,12,12
263,48,6,0,2461.321761,-28.0992,26.31,0,12,12
264,33,5,0,2469.665899,-16.6932,26.31,0,10,10
265,30,6,0,2475.06943,-10.812,26.31,0,12,12
266,40,5,0,2486.774954,-23.416,26.31,0,10,10
267,40,6,0,2496.980468,-20.416,26.31,0,12,12
268,33,5,0,2505.324571,-16.6932,26.31,0,10,10
269,29,6,0,2510.247865,-9.8516,26.31,0,12,12
270,26,5,0,2515.230555,-9.9704,26.31,0,10,10
271,19,5,0,2516.85184,-3.2476,26.31,0,10,10
272,16,6,0,2515.478228,2.742190754,26.31,0,12,12
273,9,5,0,2512.166466,6.618492295,26.31,0,10,10
274,7,6,0,2506.292859,11.74219075,26.31,0,12,12
275,1,6,0,2497.419257,17.74219075,26.31,0,12,12
276,0,6,0,2488.045664,18.74219075,26.31,0,12,12
277,0,6,0,2478.672081,18.74219075,26.31,0,12,12
278,0,6,0,2469.298507,18.74219075,26.31,0,12,12
279,0,6,0,2459.924942,18.74219075,26.31,0,12,12
280,0,6,0,2450.551387,18.74219075,26.31,0,12,12
281,0,5,0,2442.73969,15.61849229,26.31,0,10,10
282,0,5,0,2434.928001,15.61849229,26.31,0,10,10
283,0,5,0,2427.11632,15.61849229,26.31,0,10,10
284,0,5,0,2419.304647,15.61849229,26.31,0,10,10
285,0,5,0,2411.492981,15.61849229,26.31,0,10,10
286,0,5,0,2403.681324,15.61849229,26.31,0,10,10
287,0,5,0,2395.869674,15.61849229,26.31,0,10,10
288,0,5,0,2388.058032,15.61849229,26.31,0,10,10
289,0,5,0,2380.246398,15.61849229,26.31,0,10,10
290,0,5,0,2372.434771,15.61849229,26.31,0,10,10
291,0,5,0,2364.623153,15.61849229,26.31,0,10,10
292,0,5,0,2356.811542,15.61849229,26.31,0,10,10
293,0,5,0,2348.999939,15.61849229,26.31,0,10,10
294,0,5,0,2341.188344,15.61849229,26.31,0,10,10
295,0,5,0,2333.376756,15.61849229,26.31,0,10,10
296,0,5,0,2325.565177,15.61849229,26.31,0,10,10
297,0,5,0,2317.753605,15.61849229,26.31,0,10,10
298,3,5,0,2311.442041,12.61849229,26.31,0,10,10
299,7,6,0,2305.568634,11.74219075,26.31,0,12,12
300,8,5,0,2301.757083,7.618492295,26.31,0,10,10
301,19,5,0,2303.378581,-3.2476,26.31,0,10,10
302,29,5,0,2309.802078,-12.8516,26.31,0,10,10
303,58,6,0,2328.651368,-37.7032,26.31,0,12,12
304,68,6,0,2352.302639,-47.3072,26.31,0,12,12
305,89,10,0,2380.038087,-55.4756,26.31,0,20,20
306,90,17,0,2397.753707,-35.436,26.31,0,34,34
307,99,37,0,2389.462887,16.57684298,26.31,0,74,74
308,105,32,0,2391.881498,-4.842,26.31,0,64,64
309,105,35,0,2389.714383,4.329446064,26.31,0,70,70
310,105,37,0,2384.423572,10.57684298,26.31,0,74,74
311,88,32,0,2378.442012,11.95835069,26.31,0,64,64
312,87,22,0,2387.217034,-17.5548,26.31,0,44,44
313,103,24,0,2400.675246,-26.9212,26.31,0,48,48
314,102,36,0,2395.446274,10.45314452,26.31,0,72,72
315,90,36,0,2384.217306,22.45314452,26.31,0,72,72
316,74,33,0,2369.673897,29.08204915,26.31,0,66,66
317,49,38,0,2334.821257,69.70054144,26.31,0,76,76
318,56,38,0,2303.468651,62.70054144,26.31,0,76,76
319,37,18,0,2293.853062,19.22657226,26.31,0,36,36
320,35,34,0,2258.247894,71.20574761,26.31,0,68,68
321,17,13,0,2246.441596,23.60807997,26.31,0,26,26
322,9,12,0,2232.197158,28.48438151,26.31,0,24,24
323,2,7,0,2222.261982,19.86588921,26.31,0,14,14
324,0,6,0,2212.888664,18.74219075,26.31,0,12,12
325,0,7,0,2201.953506,21.86588921,26.31,0,14,14
326,0,6,0,2192.580209,18.74219075,26.31,0,12,12
327,0,6,0,2183.206921,18.74219075,26.31,0,12,12
328,0,6,0,2173.833643,18.74219075,26.31,0,12,12
329,0,5,0,2166.022223,15.61849229,26.31,0,10,10
330,0,5,0,2158.21081,15.61849229,26.31,0,10,10
331,0,5,0,2150.399406,15.61849229,26.31,0,10,10
332,0,5,0,2142.58801,15.61849229,26.31,0,10,10
333,0,5,0,2134.776621,15.61849229,26.31,0,10,10
334,0,5,0,2126.96524,15.61849229,26.31,0,10,10
335,0,5,0,2119.153867,15.61849229,26.31,0,10,10
336,0,5,0,2111.342501,15.61849229,26.31,0,10,10
337,0,5,0,2103.531144,15.61849229,26.31,0,10,10
338,0,5,0,2095.719794,15.61849229,26.31,0,10,10
339,0,5,0,2087.908452,15.61849229,26.31,0,10,10
340,0,5,0,2080.097118,15.61849229,26.31,0,10,10
341,0,5,0,2072.285792,15.61849229,26.31,0,10,10
342,0,4,0,2066.036323,12.49479384,26.31,0,8,8
343,0,5,0,2058.225011,15.61849229,26.31,0,10,10
344,0,5,0,2050.413706,15.61849229,26.31,0,10,10
345,0,5,0,2042.60241,15.61849229,26.31,0,10,10
346,4,6,0,2035.229272,14.74219075,26.31,0,12,12
347,13,5,0,2033.91799,2.618492295,26.31,0,10,10
348,28,5,0,2039.861557,-11.8912,26.31,0,10,10
349,43,5,0,2053.008117,-26.2972,26.31,0,10,10
350,58,5,0,2073.357664,-40.7032,26.31,0,10,10
351,70,6,0,2097.96959,-49.228,26.31,0,12,12
352,76,7,0,2123.962692,-51.9904,26.31,0,14,14
353,92,12,0,2150.138968,-52.3568,26.31,0,24,24
354,97,12,0,2178.716218,-57.1588,26.31,0,24,24
355,105,12,0,2211.13504,-64.842,26.31,0,24,24
356,105,13,0,2242.053828,-61.842,26.31,0,26,26
357,105,12,0,2274.472586,-64.842,26.31,0,24,24
358,105,12,0,2306.891312,-64.842,26.31,0,24,24
359,105,12,0,2339.310005,-64.842,26.31,0,24,24
360,105,13,0,2370.228666,-61.842,26.31,0,26,26
361,105,22,0,2387.647295,-34.842,26.31,0,44,44
362,105,33,0,2388.565908,-1.842,26.31,0,66,66
363,100,20,0,2406.583519,-36.04,26.31,0,40,40
364,95,16,0,2428.200113,-43.238,26.31,0,32,32
365,79,16,0,2442.133484,-27.8716,26.31,0,32,32
366,73,15,0,2454.685642,-25.1092,26.31,0,30,30
367,55,15,0,2458.594188,-7.822,26.31,0,30,30
368,49,13,0,2462.621529,-8.0596,26.31,0,26,26
369,26,13,0,2455.315026,14.60807997,26.31,0,26,26
370,20,13,0,2445.008531,20.60807997,26.31,0,26,26
371,4,12,0,2428.263895,33.48438151,26.31,0,24,24
372,0,12,0,2409.519276,37.48438151,26.31,0,24,24
373,0,11,0,2392.336525,34.36068305,26.31,0,22,22
374,0,7,0,2381.401188,21.86588921,26.31,0,14,14
375,0,6,0,2372.027712,18.74219075,26.31,0,12,12
376,0,6,0,2362.654244,18.74219075,26.31,0,12,12
377,0,5,0,2354.842635,15.61849229,26.31,0,10,10
378,0,5,0,2347.031034,15.61849229,26.31,0,10,10
379,0,5,0,2339.219441,15.61849229,26.31,0,10,10
380,0,5,0,2331.407856,15.61849229,26.31,0,10,10
381,0,5,0,2323.596278,15.61849229,26.31,0,10,10
382,0,5,0,2315.784709,15.61849229,26.31,0,10,10
383,0,5,0,2307.973147,15.61849229,26.31,0,10,10
384,0,5,0,2300.161593,15.61849229,26.31,0,10,10
385,0,5,0,2292.350046,15.61849229,26.31,0,10,10
386,0,5,0,2284.538508,15.61849229,26.31,0,10,10
387,0,6,0,2275.165128,18.74219075,26.31,0,12,12
388,0,4,0,2268.915456,12.49479384,26.31,0,8,8
389,0,5,0,2261.103941,15.61849229,26.31,0,10,10
390,0,5,0,2253.292433,15.61849229,26.31,0,10,10
391,0,6,0,2243.919085,18.74219075,26.31,0,12,12
392,0,5,0,2236.107595,15.61849229,26.31,0,10,10
393,0,5,0,2228.296112,15.61849229,26.31,0,10,10
394,1,5,0,2220.984638,14.61849229,26.31,0,10,10
395,3,5,0,2214.673171,12.61849229,26.31,0,10,10
396,4,6,0,2207.299861,14.74219075,26.31,0,12,12
397,7,5,0,2202.988407,8.618492295,26.31,0,10,10
398,7,5,0,2198.676958,8.618492295,26.31,0,10,10
399,7,5,0,2194.365513,8.618492295,26.31,0,10,10
400,21,6,0,2195.447519,-2.1684,26.31,0,12,12
401,22,11,0,2189.264982,12.36068305,26.31,0,22,22
402,27,12,0,2184.020602,10.48438151,26.31,0,24,24
403,18,11,0,2175.838076,16.36068305,26.31,0,22,22
404,13,12,0,2163.59371,24.48438151,26.31,0,24,24
405,28,18,0,2149.47826,28.22657226,26.31,0,36,36
406,27,25,0,2123.92988,51.09246147,26.31,0,50,50
407,22,15,0,2111.500018,24.85547688,26.31,0,30,30
408,12,37,0,2059.709485,103.576843,26.31,0,74,74
409,11,12,0,2046.465234,26.48438151,26.31,0,24,24
410,15,11,0,2036.782846,19.36068305,26.31,0,22,22
411,12,11,0,2025.600468,22.36068305,26.31,0,22,22
412,12,11,0,2014.418101,22.36068305,26.31,0,22,22
413,8,11,0,2001.235745,26.36068305,26.31,0,22,22
414,2,10,0,1986.615251,29.23698459,26.31,0,20,20
415,3,11,0,1970.932923,31.36068305,26.31,0,22,22
416,3,10,0,1956.81246,28.23698459,26.31,0,20,20
417,2,10,0,1942.192011,29.23698459,26.31,0,20,20
418,2,11,0,1926.009727,32.36068305,26.31,0,22,22
419,1,11,0,1909.327459,33.36068305,26.31,0,22,22
420,0,12,0,1890.583359,37.48438151,26.31,0,24,24
421,0,9,0,1876.524826,28.11328613,26.31,0,18,18
422,0,6,0,1867.151854,18.74219075,26.31,0,12,12
423,0,6,0,1857.778891,18.74219075,26.31,0,12,12
424,0,6,0,1848.405938,18.74219075,26.31,0,12,12
425,0,5,0,1840.594844,15.61849229,26.31,0,10,10
426,0,5,0,1832.783757,15.61849229,26.31,0,10,10
427,0,6,0,1823.410829,18.74219075,26.31,0,12,12
428,0,5,0,1815.599759,15.61849229,26.31,0,10,10
429,0,5,0,1807.788697,15.61849229,26.31,0,10,10
430,0,5,0,1799.977643,15.61849229,26.31,0,10,10
431,0,5,0,1792.166597,15.61849229,26.31,0,10,10
432,0,5,0,1784.355559,15.61849229,26.31,0,10,10
433,0,5,0,1776.544529,15.61849229,26.31,0,10,10
434,0,5,0,1768.733506,15.61849229,26.31,0,10,10
435,0,5,0,1760.922491,15.61849229,26.31,0,10,10
436,0,5,0,1753.111484,15.61849229,26.31,0,10,10
437,0,6,0,1743.738635,18.74219075,26.31,0,12,12
438,0,6,0,1734.365796,18.74219075,26.31,0,12,12
439,0,6,0,1724.992967,18.74219075,26.31,0,12,12
440,0,6,0,1715.620146,18.74219075,26.31,0,12,12
441,0,5,0,1707.809184,15.61849229,26.31,0,10,10
442,1,6,0,1698.936381,17.74219075,26.31,0,12,12
443,1,6,0,1690.063587,17.74219075,26.31,0,12,12
444,2,7,0,1680.128952,19.86588921,26.31,0,14,14
445,6,5,0,1675.318026,9.618492295,26.31,0,10,10
446,9,6,0,1670.445255,9.742190754,26.31,0,12,12
447,13,6,0,1667.572489,5.742190754,26.31,0,12,12
448,14,8,0,1662.076028,10.98958767,26.31,0,16,16
449,24,12,0,1655.332175,13.48438151,26.31,0,24,24
450,26,11,0,1651.150178,8.360683049,26.31,0,22,22
451,37,11,0,1652.415927,-2.5348,26.31,0,22,22
452,42,11,0,1656.082675,-7.3368,26.31,0,22,22
453,62,12,0,1667.853419,-23.5448,26.31,0,24,24
454,72,11,0,1685.926151,-36.1488,26.31,0,22,22
455,76,6,0,1713.419665,-54.9904,26.31,0,12,12
456,72,9,0,1734.492351,-42.1488,26.31,0,18,18
457,56,17,0,1735.881817,-2.7824,26.31,0,34,34
458,62,14,0,1744.652481,-17.5448,26.31,0,28,28
459,72,14,0,1758.225136,-27.1488,26.31,0,28,28
460,68,14,0,1769.876978,-23.3072,26.31,0,28,28
461,39,17,0,1762.823771,14.1028738,26.31,0,34,34
462,26,16,0,1750.832421,23.97917534,26.31,0,32,32
463,45,16,0,1748.341082,4.979175344,26.31,0,32,32
464,39,17,0,1741.287897,14.1028738,26.31,0,34,34
465,25,14,0,1731.920267,18.73177843,26.31,0,28,28
466,22,8,0,1730.423741,2.989587672,26.31,0,16,16
467,8,7,0,1723.489066,13.86588921,26.31,0,14,14
468,5,6,0,1716.616247,13.74219075,26.31,0,12,12
469,0,6,0,1707.243435,18.74219075,26.31,0,12,12
470,0,6,0,1697.870632,18.74219075,26.31,0,12,12
471,0,6,0,1688.497839,18.74219075,26.31,0,12,12
472,0,6,0,1679.125055,18.74219075,26.31,0,12,12
473,0,5,0,1671.31413,15.61849229,26.31,0,10,10
474,0,5,0,1663.503213,15.61849229,26.31,0,10,10
475,0,5,0,1655.692303,15.61849229,26.31,0,10,10
476,0,5,0,1647.881401,15.61849229,26.31,0,10,10
477,0,5,0,1640.070507,15.61849229,26.31,0,10,10
478,0,6,0,1630.697772,18.74219075,26.31,0,12,12
479,0,5,0,1622.886895,15.61849229,26.31,0,10,10
480,0,5,0,1615.076026,15.61849229,26.31,0,10,10
481,0,5,0,1607.265165,15.61849229,26.31,0,10,10
482,0,5,0,1599.454311,15.61849229,26.31,0,10,10
483,0,5,0,1591.643466,15.61849229,26.31,0,10,10
484,0,6,0,1582.270778,18.74219075,26.31,0,12,12
485,0,5,0,1574.45995,15.61849229,26.31,0,10,10
486,0,5,0,1566.649129,15.61849229,26.31,0,10,10
487,0,5,0,1558.838317,15.61849229,26.31,0,10,10
488,0,5,0,1551.027512,15.61849229,26.31,0,10,10
489,1,5,0,1543.716715,14.61849229,26.31,0,10,10
490,4,5,0,1537.905925,11.61849229,26.31,0,10,10
491,17,5,0,1538.567787,-1.3268,26.31,0,10,10
492,23,5,0,1542.110848,-7.0892,26.31,0,10,10
493,43,6,0,1553.757906,-23.2972,26.31,0,12,12
494,48,6,0,1567.805952,-28.0992,26.31,0,12,12
495,59,6,0,1587.136184,-38.6636,26.31,0,12,12
496,67,6,0,1610.307997,-46.3468,26.31,0,12,12
497,88,7,0,1642.063987,-63.5152,26.31,0,14,14
498,86,6,0,1674.359545,-64.5944,26.31,0,12,12
499,95,6,0,1710.976871,-73.238,26.31,0,12,12
500,93,7,0,1745.13376,-68.3172,26.31,0,14,14
501,105,6,0,1786.553015,-82.842,26.31,0,12,12
502,105,7,0,1826.472228,-79.842,26.31,0,14,14
503,97,7,0,1862.549801,-72.1588,26.31,0,14,14
504,67,7,0,1884.221339,-43.3468,26.31,0,14,14
505,60,7,0,1902.531455,-36.624,26.31,0,14,14
506,61,7,0,1921.321752,-37.5844,26.31,0,14,14
507,39,7,0,1929.547631,-16.4556,26.31,0,14,14
508,26,5,0,1934.530901,-9.9704,26.31,0,10,10
509,31,6,0,1940.415167,-11.7724,26.31,0,12,12
510,29,6,0,1945.339026,-9.8516,26.31,0,12,12
511,14,6,0,1942.965986,4.742190754,26.31,0,12,12
512,11,5,0,1940.654797,4.618492295,26.31,0,10,10
513,7,5,0,1936.34361,8.618492295,26.31,0,10,10
514,5,5,0,1931.032427,10.61849229,26.31,0,10,10
515,1,5,0,1923.72125,14.61849229,26.31,0,10,10
516,0,6,0,1914.348231,18.74219075,26.31,0,12,12
517,0,6,0,1904.975221,18.74219075,26.31,0,12,12
518,0,6,0,1895.602221,18.74219075,26.31,0,12,12
519,0,6,0,1886.22923,18.74219075,26.31,0,12,12
520,0,5,0,1878.418098,15.61849229,26.31,0,10,10
521,0,6,0,1869.045124,18.74219075,26.31,0,12,12
522,0,5,0,1861.234009,15.61849229,26.31,0,10,10
523,0,5,0,1853.422901,15.61849229,26.31,0,10,10
524,0,5,0,1845.611802,15.61849229,26.31,0,10,10
525,0,5,0,1837.80071,15.61849229,26.31,0,10,10
526,0,5,0,1829.989626,15.61849229,26.31,0,10,10
527,0,5,0,1822.17855,15.61849229,26.31,0,10,10
528,0,5,0,1814.367481,15.61849229,26.31,0,10,10
529,0,5,0,1806.556421,15.61849229,26.31,0,10,10
530,0,5,0,1798.745368,15.61849229,26.31,0,10,10
531,0,5,0,1790.934323,15.61849229,26.31,0,10,10
532,0,5,0,1783.123286,15.61849229,26.31,0,10,10
533,0,5,0,1775.312257,15.61849229,26.31,0,10,10
534,0,5,0,1767.501236,15.61849229,26.31,0,10,10
535,1,6,0,1758.628373,17.74219075,26.31,0,12,12
536,1,5,0,1751.317368,14.61849229,26.31,0,10,10
537,1,5,0,1744.00637,14.61849229,26.31,0,10,10
538,2,4,0,1738.757229,10.49479384,26.31,0,8,8
539,7,6,0,1732.884395,11.74219075,26.31,0,12,12
540,10,5,0,1730.073416,5.618492295,26.31,0,10,10
541,19,5,0,1731.695486,-3.2476,26.31,0,10,10
542,27,5,0,1737.159155,-10.9308,26.31,0,10,10
543,40,5,0,1748.865417,-23.416,26.31,0,10,10
544,50,7,0,1762.373669,-27.02,26.31,0,14,14
545,62,12,0,1774.144306,-23.5448,26.31,0,24,24
546,63,12,0,1786.395132,-24.5052,26.31,0,24,24
547,81,13,0,1805.789546,-38.7924,26.31,0,26,26
548,89,13,0,1829.02554,-46.4756,26.31,0,26,26
549,76,13,0,1846.018911,-33.9904,26.31,0,26,26
550,85,15,0,1864.334065,-36.634,26.31,0,30,30
551,87,14,0,1885.1096,-41.5548,26.31,0,28,28
552,90,14,0,1907.325715,-44.436,26.31,0,28,28
553,90,16,0,1926.541808,-38.436,26.31,0,32,32
554,84,41,0,1904.504063,44.07163682,26.31,0,82,82
555,88,37,0,1890.713737,27.57684298,26.31,0,74,74
556,90,34,0,1882.608973,16.20574761,26.31,0,68,68
557,84,17,0,1897.44389,-29.6736,26.31,0,34,34
558,66,16,0,1905.135192,-15.3864,26.31,0,32,32
559,48,17,0,1902.58185,5.102873803,26.31,0,34,34
560,41,17,0,1896.528511,12.1028738,26.31,0,34,34
561,26,16,0,1884.537027,23.97917534,26.31,0,32,32
562,13,16,0,1866.045555,36.97917534,26.31,0,32,32
563,5,16,0,1843.554101,44.97917534,26.31,0,32,32
564,0,15,0,1820.124519,46.85547688,26.31,0,30,30
565,0,14,0,1798.256809,43.73177843,26.31,0,28,28
566,0,6,0,1788.883916,18.74219075,26.31,0,12,12
567,0,6,0,1779.511032,18.74219075,26.31,0,12,12
568,0,6,0,1770.138157,18.74219075,26.31,0,12,12
569,0,5,0,1762.32714,15.61849229,26.31,0,10,10
570,0,6,0,1752.954283,18.74219075,26.31,0,12,12
571,0,5,0,1745.143284,15.61849229,26.31,0,10,10
572,0,5,0,1737.332292,15.61849229,26.31,0,10,10
573,0,5,0,1729.521309,15.61849229,26.31,0,10,10
574,0,6,0,1720.148484,18.74219075,26.31,0,12,12
575,0,5,0,1712.337518,15.61849229,26.31,0,10,10
576,0,5,0,1704.526559,15.61849229,26.31,0,10,10
577,0,5,0,1696.715608,15.61849229,26.31,0,10,10
578,0,5,0,1688.904666,15.61849229,26.31,0,10,10
579,0,5,0,1681.093731,15.61849229,26.31,0,10,10
580,0,6,0,1671.720954,18.74219075,26.31,0,12,12
581,0,5,0,1663.910036,15.61849229,26.31,0,10,10
582,0,5,0,1656.099126,15.61849229,26.31,0,10,10
583,0,5,0,1648.288224,15.61849229,26.31,0,10,10
584,0,5,0,1640.477329,15.61849229,26.31,0,10,10
585,0,5,0,1632.666443,15.61849229,26.31,0,10,10
586,5,5,0,1627.355564,10.61849229,26.31,0,10,10
587,15,6,0,1625.482841,3.742190754,26.31,0,12,12
588,29,5,0,1631.907016,-12.8516,26.31,0,10,10
589,45,5,0,1646.014384,-28.218,26.31,0,10,10
590,59,6,0,1665.344538,-38.6636,26.31,0,12,12
591,71,7,0,1688.937073,-47.1884,26.31,0,14,14
592,80,13,0,1707.851384,-37.832,26.31,0,26,26
593,88,13,0,1730.607276,-45.5152,26.31,0,26,26
594,95,15,0,1753.724545,-46.238,26.31,0,30,30
595,100,14,0,1780.742791,-54.04,26.31,0,28,28
596,103,14,0,1809.201611,-56.9212,26.31,0,28,28
597,104,15,0,1836.640602,-54.8816,26.31,0,30,30
598,103,16,0,1862.099365,-50.9212,26.31,0,32,32
599,105,26,0,1873.518503,-22.842,26.31,0,52,52
600,105,34,0,1872.913755,1.205747605,26.31,0,68,68
601,105,30,0,1878.332883,-10.842,26.31,0,60,60
602,105,18,0,1901.752004,-46.842,26.31,0,36,36
603,97,18,0,1921.329502,-39.1588,26.31,0,36,36
604,92,17,0,1940.005981,-37.3568,26.31,0,34,34
605,77,18,0,1949.979441,-19.9508,26.31,0,36,36
606,71,18,0,1957.071691,-14.1884,26.31,0,36,36
607,53,18,0,1955.456448,3.226572262,26.31,0,36,36
608,47,32,0,1928.975317,52.95835069,26.31,0,64,64
609,27,14,0,1920.607499,16.73177843,26.31,0,28,28
610,22,13,0,1911.301538,18.60807997,26.31,0,26,26
611,5,19,0,1884.124492,54.35027072,26.31,0,38,38
612,3,17,0,1859.071171,50.1028738,26.31,0,34,34
613,0,15,0,1835.641573,46.85547688,26.31,0,30,30
614,0,6,0,1826.268642,18.74219075,26.31,0,12,12
615,0,6,0,1816.89572,18.74219075,26.31,0,12,12
616,0,6,0,1807.522808,18.74219075,26.31,0,12,12
617,0,5,0,1799.711755,15.61849229,26.31,0,10,10
618,0,6,0,1790.338859,18.74219075,26.31,0,12,12
619,0,5,0,1782.527823,15.61849229,26.31,0,10,10
620,0,5,0,1774.716794,15.61849229,26.31,0,10,10
621,0,5,0,1766.905773,15.61849229,26.31,0,10,10
622,0,6,0,1757.532911,18.74219075,26.31,0,12,12
623,0,5,0,1749.721907,15.61849229,26.31,0,10,10
624,0,5,0,1741.910912,15.61849229,26.31,0,10,10
625,0,6,0,1732.538074,18.74219075,26.31,0,12,12
626,0,5,0,1724.727096,15.61849229,26.31,0,10,10
627,0,5,0,1716.916125,15.61849229,26.31,0,10,10
628,0,5,0,1709.105162,15.61849229,26.31,0,10,10
629,0,5,0,1701.294206,15.61849229,26.31,0,10,10
630,0,5,0,1693.483259,15.61849229,26.31,0,10,10
631,0,6,0,1684.11047,18.74219075,26.31,0,12,12
632,0,5,0,1676.29954,15.61849229,26.31,0,10,10
633,0,5,0,1668.488617,15.61849229,26.31,0,10,10
634,4,5,0,1662.677703,11.61849229,26.31,0,10,10
635,12,6,0,1659.304945,6.742190754,26.31,0,12,12
636,24,5,0,1663.328085,-8.0496,26.31,0,10,10
637,40,6,0,1673.534422,-20.416,26.31,0,12,12
638,53,9,0,1685.483349,-23.9012,26.31,0,18,18
639,63,12,0,1697.734263,-24.5052,26.31,0,24,24
640,72,15,0,1709.806965,-24.1488,26.31,0,30,30
641,82,19,0,1720.681656,-21.7528,26.31,0,38,38
642,86,18,0,1734.977135,-28.5944,26.31,0,36,36
643,99,20,0,1752.5152,-35.0796,26.31,0,40,40
644,104,19,0,1773.954247,-42.8816,26.31,0,38,38
645,105,19,0,1795.873473,-43.842,26.31,0,38,38
646,105,59,0,1756.222573,79.29820908,26.31,0,118,118
647,105,22,0,1773.641817,-34.842,26.31,0,44,44
648,105,25,0,1786.561043,-25.842,26.31,0,50,50
649,105,28,0,1794.980257,-16.842,26.31,0,56,56
650,105,31,0,1798.899462,-7.842,26.31,0,62,62
651,94,27,0,1803.536463,-9.2776,26.31,0,54,54
652,90,27,0,1806.252659,-5.436,26.31,0,54,54
653,75,25,0,1804.704622,3.092461474,26.31,0,50,50
654,69,44,0,1770.481451,68.44273219,26.31,0,88,88
655,51,41,0,1731.943862,77.07163682,26.31,0,82,82
656,35,27,0,1707.272201,49.33985839,26.31,0,54,54
657,25,25,0,1680.724263,53.09246147,26.31,0,50,50
658,8,16,0,1659.732995,41.97917534,26.31,0,32,32
659,3,15,0,1637.803597,43.85547688,26.31,0,30,30
660,0,13,0,1617.497919,40.60807997,26.31,0,26,26
661,0,12,0,1598.754111,37.48438151,26.31,0,24,24
662,0,12,0,1580.010321,37.48438151,26.31,0,24,24
663,0,12,0,1561.26655,37.48438151,26.31,0,24,24
664,0,9,0,1547.208346,28.11328613,26.31,0,18,18
665,0,6,0,1537.835704,18.74219075,26.31,0,12,12
666,0,6,0,1528.46307,18.74219075,26.31,0,12,12
667,0,6,0,1519.090446,18.74219075,26.31,0,12,12
668,0,5,0,1511.279681,15.61849229,26.31,0,10,10
669,0,6,0,1501.907075,18.74219075,26.31,0,12,12
670,0,6,0,1492.534477,18.74219075,26.31,0,12,12
671,0,5,0,1484.723739,15.61849229,26.31,0,10,10
672,0,6,0,1475.351159,18.74219075,26.31,0,12,12
673,0,5,0,1467.540437,15.61849229,26.31,0,10,10
674,0,6,0,1458.167874,18.74219075,26.31,0,12,12
675,0,6,0,1448.795321,18.74219075,26.31,0,12,12
676,0,5,0,1440.984626,15.61849229,26.31,0,10,10
677,0,6,0,1431.612089,18.74219075,26.31,0,12,12
678,0,6,0,1422.239562,18.74219075,26.31,0,12,12
679,0,5,0,1414.428894,15.61849229,26.31,0,10,10
680,0,6,0,1405.056384,18.74219075,26.31,0,12,12
681,0,5,0,1397.245733,15.61849229,26.31,0,10,10
682,5,6,0,1390.37324,13.74219075,26.31,0,12,12
683,15,7,0,1386.938905,6.865889213,26.31,0,14,14
684,28,6,0,1391.383118,-8.8912,26.31,0,12,12
685,43,6,0,1403.030327,-23.2972,26.31,0,12,12
686,56,7,0,1419.420124,-32.7824,26.31,0,14,14
687,66,9,0,1437.611904,-36.3864,26.31,0,18,18
688,77,13,0,1455.085867,-34.9508,26.31,0,26,26
689,89,14,0,1476.822212,-43.4756,26.31,0,28,28
690,91,15,0,1498.018935,-42.3964,26.31,0,30,30
691,92,15,0,1519.695837,-43.3568,26.31,0,30,30
692,93,15,0,1541.852917,-44.3172,26.31,0,30,30
693,84,39,0,1522.939255,37.8242399,26.31,0,78,78
694,100,29,0,1527.457733,-9.04,26.31,0,58,58
695,69,44,0,1493.234839,68.44273219,26.31,0,88,88
696,68,40,0,1464.759377,56.94793836,26.31,0,80,80
697,64,39,0,1435.845792,57.8242399,26.31,0,78,78
698,70,38,0,1411.494085,48.70054144,26.31,0,76,76
699,91,25,0,1417.690874,-12.3964,26.31,0,50,50
700,77,24,0,1418.664856,-1.9508,26.31,0,48,48
701,49,23,0,1407.240905,22.84506456,26.31,0,46,46
702,43,23,0,1392.816966,28.84506456,26.31,0,46,46
703,36,20,0,1379.578588,26.47396918,26.31,0,40,40
704,31,40,0,1332.603239,93.94793836,26.31,0,80,80
705,12,14,0,1316.736018,31.73177843,26.31,0,28,28
706,10,13,0,1301.430661,30.60807997,26.31,0,26,26
707,1,14,0,1280.06347,42.73177843,26.31,0,28,28
708,0,15,0,1256.634452,46.85547688,26.31,0,30,30
709,0,13,0,1236.329155,40.60807997,26.31,0,26,26
710,0,13,0,1216.023879,40.60807997,26.31,0,26,26
711,0,12,0,1197.280472,37.48438151,26.31,0,24,24
712,0,7,0,1186.34633,21.86588921,26.31,0,14,14
713,0,5,0,1178.535898,15.61849229,26.31,0,10,10
714,0,6,0,1169.163624,18.74219075,26.31,0,12,12
715,0,5,0,1161.353208,15.61849229,26.31,0,10,10
716,0,6,0,1151.980952,18.74219075,26.31,0,12,12
717,0,5,0,1144.170554,15.61849229,26.31,0,10,10
718,0,6,0,1134.798314,18.74219075,26.31,0,12,12
719,0,5,0,1126.987933,15.61849229,26.31,0,10,10
720,0,5,0,1119.17756,15.61849229,26.31,0,10,10
721,0,5,0,1111.367195,15.61849229,26.31,0,10,10
722,0,5,0,1103.556837,15.61849229,26.31,0,10,10
723,0,6,0,1094.184638,18.74219075,26.31,0,12,12
724,0,5,0,1086.374298,15.61849229,26.31,0,10,10
725,0,6,0,1077.002116,18.74219075,26.31,0,12,12
726,0,6,0,1067.629944,18.74219075,26.31,0,12,12
727,0,6,0,1058.257781,18.74219075,26.31,0,12,12
728,0,6,0,1048.885627,18.74219075,26.31,0,12,12
729,0,6,0,1039.513483,18.74219075,26.31,0,12,12
730,3,6,0,1031.641348,15.74219075,26.31,0,12,12
731,5,6,0,1024.769221,13.74219075,26.31,0,12,12
732,6,6,0,1018.397101,12.74219075,26.31,0,12,12
733,11,6,0,1014.524987,7.742190754,26.31,0,12,12
734,14,7,0,1010.591028,7.865889213,26.31,0,14,14
735,30,8,0,1012.996017,-4.812,26.31,0,16,16
736,45,10,0,1019.604004,-13.218,26.31,0,20,20
737,43,12,0,1022.251585,-5.2972,26.31,0,24,24
738,36,13,0,1019.946522,4.608079967,26.31,0,26,26
739,30,13,0,1014.641463,10.60807997,26.31,0,26,26
740,38,13,0,1013.336408,2.608079967,26.31,0,26,26
741,20,10,0,1007.716902,11.23698459,26.31,0,20,20
742,23,15,0,997.2022715,21.02724606,26.31,0,30,27.28376711
743,35,13,0,994.3972343,5.608079967,26.31,0,26,26
744,36,13,0,992.0922,4.608079967,26.31,0,26,26
745,28,13,0,992.0912079,0,26.31,0,26,13.8912
746,32,23,0,992.0902158,0,26.31,0,46,7.7328
747,63,34,0,992.0892237,0,26.31,0,68,26.5052
748,53,32,0,992.0882316,0,26.31,0,64,18.9012
749,44,17,0,992.0872395,0,26.31,0,34,25.2576
750,38,33,0,992.0862474,0,26.31,0,66,3.4952
751,23,15,0,992.0852553,0,26.31,0,30,7.0892
752,13,13,0,991.8162499,0.536026656,26.31,0,26,0
753,8,13,0,989.0472448,5.536026656,26.31,0,26,0
754,7,12,0,986.2988588,5.494793836,26.31,0,24,0
755,3,13,0,981.0298592,10.53602666,26.31,0,26,0
756,2,12,0,975.7814812,10.49479384,26.31,0,24,0
757,0,10,0,970.5743414,10.4123282,26.31,0,20,0
758,0,7,0,966.9290559,7.288629738,26.31,0,14,0
759,0,6,0,963.8043905,6.247396918,26.31,0,12,0
760,0,6,0,960.6797283,6.247396918,26.31,0,12,0
761,0,6,0,957.5550691,6.247396918,26.31,0,12,0
762,0,5,0,954.9510295,5.206164098,26.31,0,10,0
763,0,5,0,952.3469925,5.206164098,26.31,0,10,0
764,0,5,0,949.7429581,5.206164098,26.31,0,10,0
765,0,6,0,946.6183099,6.247396918,26.31,0,12,0
766,0,5,0,944.0142812,5.206164098,26.31,0,10,0
767,0,6,0,940.8896388,6.247396918,26.31,0,12,0
768,0,5,0,938.2856158,5.206164098,26.31,0,10,0
769,0,7,0,934.6403627,7.288629738,26.31,0,14,0
770,0,6,0,931.5157296,6.247396918,26.31,0,12,0
771,0,6,0,928.3910996,6.247396918,26.31,0,12,0
772,0,6,0,925.2664728,6.247396918,26.31,0,12,0
773,0,6,0,922.141849,6.247396918,26.31,0,12,0
774,0,6,0,919.0172284,6.247396918,26.31,0,12,0
775,0,6,0,915.892611,6.247396918,26.31,0,12,0
776,0,6,0,912.7679966,6.247396918,26.31,0,12,0
777,0,6,0,909.6433854,6.247396918,26.31,0,12,0
778,1,7,0,906.4981609,6.288629738,26.31,0,14,0
779,2,6,0,904.3735559,4.247396918,26.31,0,12,0
780,2,6,0,902.2489531,4.247396918,26.31,0,12,0
781,3,6,0,900.6243524,3.247396918,26.31,0,12,0
782,4,6,0,899.4997533,2.247396918,26.31,0,12,0
783,7,6,0,899.4988538,0,26.31,0,12,0.7228
784,7,5,0,899.4979543,0,26.31,0,10,1.7228
785,2,6,0,897.3733563,4.247396918,26.31,0,12,0
786,6,5,0,897.372459,0,26.31,0,10,0.7624
787,26,5,0,902.3567616,-9.9704,26.31,0,10,10
788,27,5,0,907.8212592,-10.9308,26.31,0,10,10
789,31,6,0,913.7065514,-11.7724,26.31,0,12,12
790,28,5,0,919.6512377,-11.8912,26.31,0,10,10
791,33,5,0,927.996918,-16.6932,26.31,0,10,10
792,58,6,0,946.84759,-37.7032,26.31,0,12,12
793,82,7,0,975.7230432,-57.7528,26.31,0,14,14
794,74,6,0,1002.256867,-53.0696,26.31,0,12,12
795,87,7,0,1033.533265,-62.5548,26.31,0,14,14
796,70,6,0,1058.146232,-49.228,26.31,0,12,12
797,57,7,0,1075.016574,-33.7428,26.31,0,14,14
798,48,6,0,1089.065099,-28.0992,26.31,0,12,12
799,41,7,0,1098.252209,-18.3764,26.31,0,14,14
800,36,6,0,1106.538311,-16.5744,26.31,0,12,12
801,13,7,0,1106.537205,0,26.31,0,14,5.4852
802,10,6,0,1106.536098,0,26.31,0,12,3.604
803,3,7,0,1104.390677,4.288629738,26.31,0,14,0
804,2,6,0,1102.265874,4.247396918,26.31,0,12,0
805,0,7,0,1098.620457,7.288629738,26.31,0,14,0
806,0,8,0,1094.454427,8.329862557,26.31,0,16,0
807,0,7,0,1090.809018,7.288629738,26.31,0,14,0
808,0,7,0,1087.163612,7.288629738,26.31,0,14,0
809,0,6,0,1084.038826,6.247396918,26.31,0,12,0
810,0,5,0,1081.43466,5.206164098,26.31,0,10,0
811,0,5,0,1078.830497,5.206164098,26.31,0,10,0
812,0,6,0,1075.705719,6.247396918,26.31,0,12,0
813,0,5,0,1073.101562,5.206164098,26.31,0,10,0
814,0,5,0,1070.497406,5.206164098,26.31,0,10,0
815,0,6,0,1067.372637,6.247396918,26.31,0,12,0
816,0,5,0,1064.768488,5.206164098,26.31,0,10,0
817,0,5,0,1062.164341,5.206164098,26.31,0,10,0
818,0,6,0,1059.039581,6.247396918,26.31,0,12,0
819,0,5,0,1056.43544,5.206164098,26.31,0,10,0
820,0,5,0,1053.831301,5.206164098,26.31,0,10,0
821,0,6,0,1050.706549,6.247396918,26.31,0,12,0
822,0,5,0,1048.102416,5.206164098,26.31,0,10,0
823,0,5,0,1045.498286,5.206164098,26.31,0,10,0
824,0,5,0,1042.894158,5.206164098,26.31,0,10,0
825,1,6,0,1040.269417,5.247396918,26.31,0,12,0
826,4,5,0,1039.665295,1.206164098,26.31,0,10,0
827,14,7,0,1039.664255,0,26.31,0,14,6.4456
828,21,6,0,1040.747415,-2.1684,26.31,0,12,12
829,30,6,0,1046.152375,-10.812,26.31,0,12,12
830,28,6,0,1050.596928,-8.8912,26.31,0,12,12
831,33,6,0,1057.442478,-13.6932,26.31,0,12,12
832,39,7,0,1065.66922,-16.4556,26.31,0,14,14
833,47,6,0,1079.237555,-27.1388,26.31,0,12,12
834,57,6,0,1097.607875,-36.7428,26.31,0,12,12
835,83,7,0,1126.963378,-58.7132,26.31,0,14,14
836,87,8,0,1156.739651,-59.5548,26.31,0,16,16
837,76,7,0,1182.733694,-51.9904,26.31,0,14,14
838,60,7,0,1201.044511,-36.624,26.31,0,14,14
839,48,7,0,1213.59291,-25.0992,26.31,0,14,14
840,42,7,0,1223.260097,-19.3368,26.31,0,14,14
841,24,6,0,1225.783674,-5.0496,26.31,0,12,12
842,25,6,0,1228.787448,-6.01,26.31,0,12,12
843,22,6,0,1230.350619,-3.1288,26.31,0,12,12
844,20,6,0,1230.953389,-1.208,26.31,0,12,12
845,16,7,0,1230.952158,0,26.31,0,14,8.3664
846,12,6,0,1230.950927,0,26.31,0,12,5.5248
847,8,5,0,1230.949696,0,26.31,0,10,2.6832
848,10,5,0,1230.948465,0,26.31,0,10,4.604
849,4,6,0,1229.823535,2.247396918,26.31,0,12,0
850,4,5,0,1229.219224,1.206164098,26.31,0,10,0
851,3,6,0,1227.594296,3.247396918,26.31,0,12,0
852,2,5,0,1225.989986,3.206164098,26.31,0,10,0
853,0,6,0,1222.865062,6.247396918,26.31,0,12,0
854,0,6,0,1219.74014,6.247396918,26.31,0,12,0
855,0,7,0,1216.094606,7.288629738,26.31,0,14,0
856,0,6,0,1212.969691,6.247396918,26.31,0,12,0
857,0,5,0,1210.365396,5.206164098,26.31,0,10,0
858,0,5,0,1207.761104,5.206164098,26.31,0,10,0
859,0,6,0,1204.636198,6.247396918,26.31,0,12,0
860,0,6,0,1201.511295,6.247396918,26.31,0,12,0
861,0,6,0,1198.386395,6.247396918,26.31,0,12,0
862,0,6,0,1195.261498,6.247396918,26.31,0,12,0
863,0,7,0,1191.615988,7.288629738,26.31,0,14,0
864,0,6,0,1188.491097,6.247396918,26.31,0,12,0
865,0,6,0,1185.366211,6.247396918,26.31,0,12,0
866,0,6,0,1182.241327,6.247396918,26.31,0,12,0
867,0,6,0,1179.116446,6.247396918,26.31,0,12,0
868,0,6,0,1175.991568,6.247396918,26.31,0,12,0
869,0,7,0,1172.346078,7.288629738,26.31,0,14,0
870,0,6,0,1169.221207,6.247396918,26.31,0,12,0
871,0,6,0,1166.096339,6.247396918,26.31,0,12,0
872,0,6,0,1162.971475,6.247396918,26.31,0,12,0
873,1,6,0,1160.346613,5.247396918,26.31,0,12,0
874,2,6,0,1158.221754,4.247396918,26.31,0,12,0
875,8,6,0,1158.220596,0,26.31,0,12,1.6832
876,13,6,0,1158.219438,0,26.31,0,12,6.4852
877,34,7,0,1164.04508,-11.6536,26.31,0,14,14
878,35,7,0,1170.350916,-12.614,26.31,0,14,14
879,36,7,0,1177.136945,-13.5744,26.31,0,14,14
880,36,15,0,1177.135768,0,26.31,0,30,19.5744
881,32,15,0,1177.134591,0,26.31,0,30,15.7328
882,49,15,0,1178.163214,-2.0596,26.31,0,30,30
883,94,37,0,1178.162036,0,26.31,0,74,53.2776
884,97,39,0,1178.160858,0,26.31,0,78,54.1588
885,97,38,0,1178.159679,0,26.31,0,76,55.1588
886,98,20,0,1195.218101,-34.1192,26.31,0,40,40
887,105,30,0,1200.637906,-10.842,26.31,0,60,60
888,97,41,0,1200.636705,0,26.31,0,82,52.1588
889,63,42,0,1200.635505,0,26.31,0,84,18.5052
890,59,44,0,1200.634304,0,26.31,0,88,12.6636
891,49,40,0,1200.633103,0,26.31,0,80,7.0596
892,43,47,0,1197.662932,5.937942524,26.31,0,94,0
893,34,44,0,1191.754612,11.81424406,26.31,0,88,0
894,28,44,0,1182.846298,17.81424406,26.31,0,88,0
895,25,43,0,1172.95861,19.77301125,26.31,0,86,0
896,21,43,0,1161.070931,23.77301125,26.31,0,86,0
897,13,17,0,1158.719291,4.700957934,26.31,0,34,0
898,10,19,0,1153.82642,9.783423574,26.31,0,38,0
899,3,17,0,1146.474788,14.70095793,26.31,0,34,0
900,0,14,0,1139.185011,14.57725948,26.31,0,28,0
901,0,13,0,1132.415859,13.53602666,26.31,0,26,0
902,0,6,0,1129.291028,6.247396918,26.31,0,12,0
903,0,6,0,1126.1662,6.247396918,26.31,0,12,0
904,0,7,0,1122.520759,7.288629738,26.31,0,14,0
905,0,5,0,1119.916555,5.206164098,26.31,0,10,0
906,0,5,0,1117.312353,5.206164098,26.31,0,10,0
907,0,5,0,1114.708153,5.206164098,26.31,0,10,0
908,0,6,0,1111.58334,6.247396918,26.31,0,12,0
909,0,5,0,1108.979147,5.206164098,26.31,0,10,0
910,0,6,0,1105.854339,6.247396918,26.31,0,12,0
911,0,5,0,1103.250151,5.206164098,26.31,0,10,0
912,0,6,0,1100.12535,6.247396918,26.31,0,12,0
913,0,5,0,1097.521167,5.206164098,26.31,0,10,0
914,0,6,0,1094.396371,6.247396918,26.31,0,12,0
915,0,5,0,1091.792195,5.206164098,26.31,0,10,0
916,0,5,0,1089.188021,5.206164098,26.31,0,10,0
917,0,5,0,1086.58385,5.206164098,26.31,0,10,0
918,0,6,0,1083.459065,6.247396918,26.31,0,12,0
919,0,5,0,1080.854899,5.206164098,26.31,0,10,0
920,0,5,0,1078.250736,5.206164098,26.31,0,10,0
921,0,5,0,1075.646576,5.206164098,26.31,0,10,0
922,6,6,0,1075.521802,0.247396918,26.31,0,12,0
923,14,7,0,1075.520726,0,26.31,0,14,6.4456
924,29,6,0,1080.445451,-9.8516,26.31,0,12,12
925,42,6,0,1091.612771,-22.3368,26.31,0,12,12
926,53,7,0,1106.562279,-29.9012,26.31,0,14,14
927,66,8,0,1126.254372,-39.3864,26.31,0,16,16
928,73,17,0,1135.807846,-19.1092,26.31,0,34,34
929,82,16,0,1151.18311,-30.7528,26.31,0,32,32
930,89,16,0,1169.919759,-37.4756,26.31,0,32,32
931,94,25,0,1177.557389,-15.2776,26.31,0,50,50
932,100,45,0,1177.556212,0,26.31,0,90,51.04
933,105,38,0,1177.555034,0,26.31,0,76,62.842
934,105,20,0,1197.974856,-40.842,26.31,0,40,40
935,103,16,0,1223.434259,-50.9212,26.31,0,32,32
936,103,28,0,1230.893635,-14.9212,26.31,0,56,56
937,105,36,0,1230.892404,0,26.31,0,72,64.842
938,104,23,0,1246.331973,-30.8816,26.31,0,46,46
939,89,25,0,1251.568527,-10.4756,26.31,0,50,50
940,81,22,0,1257.463475,-11.7924,26.31,0,44,44
941,71,33,0,1257.462218,0,26.31,0,66,35.1884
942,69,27,0,1257.46096,0,26.31,0,54,39.2676
943,50,25,0,1257.459703,0,26.31,0,50,23.02
944,45,40,0,1257.458446,0,26.31,0,80,3.218
945,26,22,0,1257.457188,0,26.31,0,44,2.9704
946,12,18,0,1254.084835,6.742190754,26.31,0,36,0
947,4,17,0,1247.233102,13.70095793,26.31,0,34,0
948,0,18,0,1237.86076,18.74219075,26.31,0,36,0
949,0,14,0,1230.570892,14.57725948,26.31,0,28,0
950,0,11,0,1224.842881,11.45356102,26.31,0,22,0
951,0,6,0,1221.717958,6.247396918,26.31,0,12,0
952,0,6,0,1218.593037,6.247396918,26.31,0,12,0
953,0,6,0,1215.46812,6.247396918,26.31,0,12,0
954,0,5,0,1212.863823,5.206164098,26.31,0,10,0
955,0,5,0,1210.259528,5.206164098,26.31,0,10,0
956,0,6,0,1207.134619,6.247396918,26.31,0,12,0
957,0,5,0,1204.53033,5.206164098,26.31,0,10,0
958,0,6,0,1201.405427,6.247396918,26.31,0,12,0
959,0,5,0,1198.801144,5.206164098,26.31,0,10,0
960,0,6,0,1195.676246,6.247396918,26.31,0,12,0
961,0,5,0,1193.071969,5.206164098,26.31,0,10,0
962,0,6,0,1189.947077,6.247396918,26.31,0,12,0
963,0,6,0,1186.822189,6.247396918,26.31,0,12,0
964,0,6,0,1183.697303,6.247396918,26.31,0,12,0
965,0,6,0,1180.572421,6.247396918,26.31,0,12,0
966,0,6,0,1177.447542,6.247396918,26.31,0,12,0
967,0,7,0,1173.80205,7.288629738,26.31,0,14,0
968,0,6,0,1170.677178,6.247396918,26.31,0,12,0
969,0,6,0,1167.552309,6.247396918,26.31,0,12,0
970,3,6,0,1165.927443,3.247396918,26.31,0,12,0
971,6,7,0,1165.281962,1.288629738,26.31,0,14,0
972,14,6,0,1165.280796,0,26.31,0,12,7.4456
973,17,6,0,1165.279631,0,26.31,0,12,10.3268
974,30,7,0,1169.184466,-7.812,26.31,0,14,14
975,42,7,0,1178.851697,-19.3368,26.31,0,14,14
976,44,15,0,1178.850518,0,26.31,0,30,27.2576
977,54,15,0,1182.280139,-6.8616,26.31,0,30,30
978,55,19,0,1182.278957,0,26.31,0,38,33.822
979,67,19,0,1185.951174,-7.3468,26.31,0,38,38
980,72,19,0,1192.024388,-12.1488,26.31,0,38,38
981,38,18,0,1192.023196,0,26.31,0,36,18.4952
982,25,18,0,1192.022004,0,26.31,0,36,6.01
983,24,17,0,1192.020812,0,26.31,0,34,6.0496
984,21,27,0,1188.462977,7.113286131,26.31,0,54,0
985,18,37,0,1178.198982,20.52561433,26.31,0,74,0
986,17,24,0,1174.20301,7.989587672,26.31,0,48,0
987,14,16,0,1172.871973,2.659725115,26.31,0,32,0
988,12,15,0,1171.061554,3.618492295,26.31,0,30,0
989,5,14,0,1166.271753,9.577259475,26.31,0,28,0
990,3,14,0,1160.481957,11.57725948,26.31,0,28,0
991,5,32,0,1146.321071,28.31945023,26.31,0,64,0
992,5,19,0,1138.928213,14.78342357,26.31,0,38,0
993,1,14,0,1132.138445,13.57725948,26.31,0,28,0
994,0,14,0,1124.848683,14.57725948,26.31,0,28,0
995,0,14,0,1117.558928,14.57725948,26.31,0,28,0
996,0,14,0,1110.269181,14.57725948,26.31,0,28,0
997,0,6,0,1107.144372,6.247396918,26.31,0,12,0
998,0,7,0,1103.49895,7.288629738,26.31,0,14,0
999,0,6,0,1100.374148,6.247396918,26.31,0,12,0
1000,0,6,0,1097.249349,6.247396918,26.31,0,12,0
1001,0,5,0,1094.64517,5.206164098,26.31,0,10,0
1002,0,6,0,1091.520377,6.247396918,26.31,0,12,0
1003,0,6,0,1088.395587,6.247396918,26.31,0,12,0
1004,0,6,0,1085.2708,6.247396918,26.31,0,12,0
1005,0,6,0,1082.146016,6.247396918,26.31,0,12,0
1006,0,6,0,1079.021236,6.247396918,26.31,0,12,0
1007,0,6,0,1075.896458,6.247396918,26.31,0,12,0
1008,0,7,0,1072.251068,7.288629738,26.31,0,14,0
1009,0,6,0,1069.126297,6.247396918,26.31,0,12,0
1010,0,6,0,1066.001529,6.247396918,26.31,0,12,0
1011,0,6,0,1062.876765,6.247396918,26.31,0,12,0
1012,0,6,0,1059.752003,6.247396918,26.31,0,12,0
1013,0,6,0,1056.627245,6.247396918,26.31,0,12,0
1014,0,6,0,1053.50249,6.247396918,26.31,0,12,0
1015,0,7,0,1049.857122,7.288629738,26.31,0,14,0
1016,0,6,0,1046.732374,6.247396918,26.31,0,12,0
1017,0,5,0,1044.128245,5.206164098,26.31,0,10,0
1018,1,6,0,1041.503502,5.247396918,26.31,0,12,0
1019,5,5,0,1041.399379,0.206164098,26.31,0,10,0
1020,6,5,0,1041.398337,0,26.31,0,10,0.7624
1021,13,6,0,1041.397296,0,26.31,0,12,6.4852
1022,11,6,0,1041.396254,0,26.31,0,12,4.5644
1023,19,11,0,1041.395213,0,26.31,0,22,7.2476
1024,37,12,0,1041.394172,0,26.31,0,24,23.5348
1025,19,14,0,1041.39313,0,26.31,0,28,4.2476
1026,25,18,0,1041.392089,0,26.31,0,36,6.01
1027,21,26,0,1038.355021,6.072053311,26.31,0,52,0
1028,23,26,0,1036.317956,4.072053311,26.31,0,52,0
1029,58,41,0,1036.316919,0,26.31,0,82,14.7032
1030,88,32,0,1036.315883,0,26.31,0,64,52.5152
1031,82,17,0,1050.191247,-27.7528,26.31,0,34,34
1032,98,23,0,1062.749797,-25.1192,26.31,0,46,46
1033,105,21,0,1081.669734,-37.842,26.31,0,42,42
1034,105,22,0,1099.089652,-34.842,26.31,0,44,44
1035,84,22,0,1106.425353,-14.6736,26.31,0,44,44
1036,75,24,0,1106.439247,-0.03,26.31,0,48,48
1037,77,32,0,1106.43814,0,26.31,0,64,41.9508
1038,45,30,0,1106.437034,0,26.31,0,60,13.218
1039,17,28,0,1100.358668,12.15451895,26.31,0,56,0
1040,9,26,0,1091.321541,18.07205331,26.31,0,52,0
1041,4,24,0,1080.825656,20.98958767,26.31,0,48,0
1042,3,23,0,1070.350397,20.94835485,26.31,0,46,0
1043,2,24,0,1058.854533,22.98958767,26.31,0,48,0
1044,0,22,0,1047.399913,22.90712203,26.31,0,44,0
1045,0,18,0,1038.027771,18.74219075,26.31,0,36,0
1046,0,7,0,1034.382418,7.288629738,26.31,0,14,0
1047,0,6,0,1031.257685,6.247396918,26.31,0,12,0
1048,0,6,0,1028.132955,6.247396918,26.31,0,12,0
1049,0,5,0,1025.528845,5.206164098,26.31,0,10,0
1050,0,5,0,1022.924737,5.206164098,26.31,0,10,0
1051,0,5,0,1020.320632,5.206164098,26.31,0,10,0
1052,0,6,0,1017.195914,6.247396918,26.31,0,12,0
1053,0,5,0,1014.591814,5.206164098,26.31,0,10,0
1054,0,5,0,1011.987718,5.206164098,26.31,0,10,0
1055,0,6,0,1008.863007,6.247396918,26.31,0,12,0
1056,0,5,0,1006.258916,5.206164098,26.31,0,10,0
1057,0,5,0,1003.654828,5.206164098,26.31,0,10,0
1058,0,6,0,1000.530126,6.247396918,26.31,0,12,0
1059,0,5,0,997.9260434,5.206164098,26.31,0,10,0
1060,0,5,0,995.3219634,5.206164098,26.31,0,10,0
1061,0,6,0,992.1972697,6.247396918,26.31,0,12,0
1062,0,5,0,989.5931954,5.206164098,26.31,0,10,0
1063,0,5,0,986.9891238,5.206164098,26.31,0,10,0
1064,0,6,0,983.8644383,6.247396918,26.31,0,12,0
1065,0,5,0,981.2603724,5.206164098,26.31,0,10,0
1066,5,5,0,981.1563091,0.206164098,26.31,0,10,0
1067,14,6,0,981.1553279,0,26.31,0,12,7.4456
1068,29,6,0,986.0801468,-9.8516,26.31,0,12,12
1069,46,7,0,997.6683607,-23.1784,26.31,0,14,14
1070,55,8,0,1012.078363,-28.822,26.31,0,16,16
1071,68,12,0,1026.730951,-29.3072,26.31,0,24,24
1072,77,13,0,1044.205324,-34.9508,26.31,0,26,26
1073,83,15,0,1061.56088,-34.7132,26.31,0,30,30
1074,92,17,0,1080.238218,-37.3568,26.31,0,34,34
1075,97,40,0,1080.237138,0,26.31,0,80,53.1588
1076,105,18,0,1103.657058,-46.842,26.31,0,36,36
1077,100,18,0,1124.675954,-42.04,26.31,0,36,36
1078,90,20,0,1137.89283,-26.436,26.31,0,40,40
1079,95,17,0,1158.010692,-40.238,26.31,0,34,34
1080,89,20,0,1170.747334,-25.4756,26.31,0,40,40
1081,81,17,0,1184.142363,-26.7924,26.31,0,34,34
1082,80,17,0,1197.057179,-25.832,26.31,0,34,34
1083,55,32,0,1197.055982,0,26.31,0,64,20.822
1084,53,31,0,1197.054785,0,26.31,0,62,19.9012
1085,67,19,0,1200.726988,-7.3468,26.31,0,38,38
1086,38,17,0,1200.725787,0,26.31,0,34,19.4952
1087,33,29,0,1200.724586,0,26.31,0,58,2.6932
1088,28,29,0,1199.62551,2.19575177,26.31,0,58,0
1089,17,16,0,1199.62431,0,26.31,0,32,0.3268
1090,7,14,0,1195.834481,7.577259475,26.31,0,28,0
1091,3,7,0,1193.68897,4.288629738,26.31,0,14,0
1092,0,7,0,1190.043461,7.288629738,26.31,0,14,0
1093,0,7,0,1186.397956,7.288629738,26.31,0,14,0
1094,0,7,0,1182.752455,7.288629738,26.31,0,14,0
1095,0,7,0,1179.106958,7.288629738,26.31,0,14,0
1096,0,7,0,1175.461464,7.288629738,26.31,0,14,0
1097,0,5,0,1172.857206,5.206164098,26.31,0,10,0
1098,0,5,0,1170.252951,5.206164098,26.31,0,10,0
1099,0,5,0,1167.648699,5.206164098,26.31,0,10,0
1100,0,6,0,1164.523833,6.247396918,26.31,0,12,0
1101,0,5,0,1161.919586,5.206164098,26.31,0,10,0
1102,0,5,0,1159.315342,5.206164098,26.31,0,10,0
1103,0,6,0,1156.190484,6.247396918,26.31,0,12,0
1104,0,5,0,1153.586246,5.206164098,26.31,0,10,0
1105,0,5,0,1150.982011,5.206164098,26.31,0,10,0
1106,0,6,0,1147.857161,6.247396918,26.31,0,12,0
1107,0,5,0,1145.252931,5.206164098,26.31,0,10,0
1108,0,5,0,1142.648704,5.206164098,26.31,0,10,0
1109,0,7,0,1139.003246,7.288629738,26.31,0,14,0
1110,0,6,0,1135.878409,6.247396918,26.31,0,12,0
1111,0,6,0,1132.753575,6.247396918,26.31,0,12,0
1112,0,6,0,1129.628743,6.247396918,26.31,0,12,0
1113,0,6,0,1126.503915,6.247396918,26.31,0,12,0
1114,0,7,0,1122.858474,7.288629738,26.31,0,14,0
1115,4,6,0,1121.733653,2.247396918,26.31,0,12,0
1116,6,6,0,1121.608832,0.247396918,26.31,0,12,0
1117,8,6,0,1121.607711,0,26.31,0,12,1.6832
1118,8,6,0,1121.606589,0,26.31,0,12,1.6832
1119,5,10,0,1118.899304,5.412328197,26.31,0,20,0
1120,4,10,0,1115.692021,6.412328197,26.31,0,20,0
1121,4,9,0,1113.005357,5.371095377,26.31,0,18,0
1122,6,6,0,1112.880546,0.247396918,26.31,0,12,0
1123,6,6,0,1112.755734,0.247396918,26.31,0,12,0
1124,6,6,0,1112.630923,0.247396918,26.31,0,12,0
1125,6,6,0,1112.506112,0.247396918,26.31,0,12,0
1126,2,6,0,1110.381301,4.247396918,26.31,0,12,0
1127,2,5,0,1108.777109,3.206164098,26.31,0,10,0
1128,6,6,0,1108.652301,0.247396918,26.31,0,12,0
1129,5,6,0,1108.027494,1.247396918,26.31,0,12,0
1130,9,6,0,1108.026386,0,26.31,0,12,2.6436
1131,13,5,0,1108.025278,0,26.31,0,10,7.4852
1132,17,4,0,1110.18757,-4.3268,26.31,0,8,8
1133,20,8,0,1110.18646,0,26.31,0,16,11.208
1134,14,6,0,1110.18535,0,26.31,0,12,7.4456
1135,8,5,0,1110.18424,0,26.31,0,10,2.6832
1136,5,5,0,1110.080047,0.206164098,26.31,0,10,0
1137,4,5,0,1109.475855,1.206164098,26.31,0,10,0
1138,0,5,0,1106.871664,5.206164098,26.31,0,10,0
1139,0,6,0,1103.746858,6.247396918,26.31,0,12,0
1140,0,5,0,1101.142673,5.206164098,26.31,0,10,0
1141,0,7,0,1097.497257,7.288629738,26.31,0,14,0
1142,0,7,0,1093.851844,7.288629738,26.31,0,14,0
1143,0,7,0,1090.206436,7.288629738,26.31,0,14,0
1144,0,7,0,1086.56103,7.288629738,26.31,0,14,0
1145,0,6,0,1083.436245,6.247396918,26.31,0,12,0
1146,0,6,0,1080.311464,6.247396918,26.31,0,12,0
1147,0,6,0,1077.186685,6.247396918,26.31,0,12,0
1148,0,6,0,1074.061909,6.247396918,26.31,0,12,0
1149,0,6,0,1070.937137,6.247396918,26.31,0,12,0
1150,0,6,0,1067.812367,6.247396918,26.31,0,12,0
1151,0,5,0,1065.208217,5.206164098,26.31,0,10,0
1152,0,6,0,1062.083454,6.247396918,26.31,0,12,0
1153,0,6,0,1058.958693,6.247396918,26.31,0,12,0
1154,0,6,0,1055.833936,6.247396918,26.31,0,12,0
1155,0,6,0,1052.709181,6.247396918,26.31,0,12,0
1156,0,6,0,1049.58443,6.247396918,26.31,0,12,0
1157,0,6,0,1046.459682,6.247396918,26.31,0,12,0
1158,0,6,0,1043.334937,6.247396918,26.31,0,12,0
1159,0,5,0,1040.730812,5.206164098,26.31,0,10,0
1160,0,5,0,1038.126689,5.206164098,26.31,0,10,0
1161,0,5,0,1035.522569,5.206164098,26.31,0,10,0
1162,2,5,0,1033.918451,3.206164098,26.31,0,10,0
1163,9,5,0,1033.917417,0,26.31,0,10,3.6436
1164,20,5,0,1036.020384,-4.208,26.31,0,10,10
1165,24,5,0,1040.044148,-8.0496,26.31,0,10,10
1166,35,5,0,1049.350107,-18.614,26.31,0,10,10
1167,41,5,0,1061.537258,-24.3764,26.31,0,10,10
1168,33,6,0,1068.382797,-13.6932,26.31,0,12,12
1169,38,5,0,1079.129328,-21.4952,26.31,0,10,10
1170,69,6,0,1103.262049,-48.2676,26.31,0,12,12
1171,58,6,0,1122.112546,-37.7032,26.31,0,12,12
1172,66,6,0,1144.804624,-45.3864,26.31,0,12,12
1173,90,7,0,1177.521479,-65.436,26.31,0,14,14
1174,84,6,0,1208.857101,-62.6736,26.31,0,12,12
1175,95,7,0,1243.974893,-70.238,26.31,0,14,14
1176,72,6,0,1269.548049,-51.1488,26.31,0,12,12
1177,50,6,0,1284.556779,-30.02,26.31,0,12,12
1178,36,6,0,1292.842694,-16.5744,26.31,0,12,12
1179,40,6,0,1303.049402,-20.416,26.31,0,12,12
1180,34,6,0,1310.374899,-14.6536,26.31,0,12,12
1181,15,6,0,1310.373588,0,26.31,0,12,8.406
1182,15,6,0,1310.372278,0,26.31,0,12,8.406
1183,19,6,0,1310.494767,-0.2476,26.31,0,12,12
1184,9,6,0,1310.493457,0,26.31,0,12,2.6436
1185,1,6,0,1307.868448,5.247396918,26.31,0,12,0
1186,1,6,0,1305.243442,5.247396918,26.31,0,12,0
1187,0,6,0,1302.118438,6.247396918,26.31,0,12,0
1188,1,7,0,1298.972821,6.288629738,26.31,0,14,0
1189,0,6,0,1295.847824,6.247396918,26.31,0,12,0
1190,0,7,0,1292.202213,7.288629738,26.31,0,14,0
1191,0,7,0,1288.556606,7.288629738,26.31,0,14,0
1192,0,6,0,1285.431619,6.247396918,26.31,0,12,0
1193,0,4,0,1283.347868,4.164931279,26.31,0,8,0
1194,0,6,0,1280.222886,6.247396918,26.31,0,12,0
1195,0,5,0,1277.618524,5.206164098,26.31,0,10,0
1196,0,5,0,1275.014164,5.206164098,26.31,0,10,0
1197,0,5,0,1272.409807,5.206164098,26.31,0,10,0
1198,0,5,0,1269.805452,5.206164098,26.31,0,10,0
1199,0,5,0,1267.201101,5.206164098,26.31,0,10,0
1200,0,5,0,1264.596751,5.206164098,26.31,0,10,0
1201,0,5,0,1261.992405,5.206164098,26.31,0,10,0
1202,0,5,0,1259.388061,5.206164098,26.31,0,10,0
1203,0,5,0,1256.783719,5.206164098,26.31,0,10,0
1204,0,5,0,1254.17938,5.206164098,26.31,0,10,0
1205,0,5,0,1251.575044,5.206164098,26.31,0,10,0
1206,0,5,0,1248.97071,5.206164098,26.31,0,10,0
1207,0,5,0,1246.366379,5.206164098,26.31,0,10,0
1208,0,5,0,1243.762051,5.206164098,26.31,0,10,0
1209,0,5,0,1241.157725,5.206164098,26.31,0,10,0
1210,1,5,0,1239.053402,4.206164098,26.31,0,10,0
1211,3,6,0,1237.428465,3.247396918,26.31,0,12,0
1212,8,5,0,1237.427227,0,26.31,0,10,2.6832
1213,13,5,0,1237.42599,0,26.31,0,10,7.4852
1214,17,5,0,1238.088152,-1.3268,26.31,0,10,10
1215,20,6,0,1238.690914,-1.208,26.31,0,12,12
1216,29,11,0,1238.689675,0,26.31,0,22,16.8516
1217,40,15,0,1238.688437,0,26.31,0,30,23.416
1218,43,15,0,1238.687198,0,26.31,0,30,26.2972
1219,42,39,0,1238.685959,0,26.31,0,78,1.3368
1220,41,35,0,1238.684721,0,26.31,0,70,4.3764
1221,39,38,0,1238.400058,0.566847147,26.31,0,76,0
1222,43,31,0,1238.39882,0,26.31,0,62,10.2972
1223,51,16,0,1238.887782,-0.9804,26.31,0,32,32
1224,43,19,0,1238.886543,0,26.31,0,38,22.2972
1225,53,41,0,1238.885304,0,26.31,0,82,9.9012
1226,45,25,0,1238.884065,0,26.31,0,50,18.218
1227,28,24,0,1238.882826,0,26.31,0,48,2.8912
1228,30,15,0,1238.881587,0,26.31,0,30,13.812
1229,30,16,0,1238.880348,0,26.31,0,32,12.812
1230,30,25,0,1238.879109,0,26.31,0,50,3.812
1231,25,30,0,1235.759378,6.23698459,26.31,0,60,0
1232,15,16,0,1234.92828,1.659725115,26.31,0,32,0
1233,12,14,0,1233.638415,2.577259475,26.31,0,28,0
1234,8,16,0,1229.307319,8.659725115,26.31,0,32,0
1235,2,15,0,1222.496844,13.61849229,26.31,0,30,0
1236,0,16,0,1214.165759,16.65972511,26.31,0,32,0
1237,0,15,0,1206.355298,15.61849229,26.31,0,30,0
1238,0,15,0,1198.544846,15.61849229,26.31,0,30,0
1239,0,14,0,1191.255018,14.57725948,26.31,0,28,0
1240,0,6,0,1188.130128,6.247396918,26.31,0,12,0
1241,0,6,0,1185.005241,6.247396918,26.31,0,12,0
1242,0,5,0,1182.400974,5.206164098,26.31,0,10,0
1243,0,5,0,1179.79671,5.206164098,26.31,0,10,0
1244,0,6,0,1176.671831,6.247396918,26.31,0,12,0
1245,0,5,0,1174.067573,5.206164098,26.31,0,10,0
1246,0,5,0,1171.463317,5.206164098,26.31,0,10,0
1247,0,5,0,1168.859063,5.206164098,26.31,0,10,0
1248,0,6,0,1165.734196,6.247396918,26.31,0,12,0
1249,0,5,0,1163.129948,5.206164098,26.31,0,10,0
1250,0,5,0,1160.525703,5.206164098,26.31,0,10,0
1251,0,6,0,1157.400844,6.247396918,26.31,0,12,0
1252,0,5,0,1154.796604,5.206164098,26.31,0,10,0
1253,0,5,0,1152.192368,5.206164098,26.31,0,10,0
1254,0,6,0,1149.067517,6.247396918,26.31,0,12,0
1255,0,5,0,1146.463286,5.206164098,26.31,0,10,0
1256,0,5,0,1143.859057,5.206164098,26.31,0,10,0
1257,1,6,0,1141.234215,5.247396918,26.31,0,12,0
1258,5,5,0,1141.129992,0.206164098,26.31,0,10,0
1259,9,6,0,1141.128851,0,26.31,0,12,2.6436
1260,19,5,0,1142.751509,-3.2476,26.31,0,10,10
1261,44,6,0,1154.879167,-24.2576,26.31,0,12,12
1262,55,6,0,1172.289012,-34.822,26.31,0,12,12
1263,47,6,0,1185.857239,-27.1388,26.31,0,12,12
1264,65,13,0,1197.569054,-23.426,26.31,0,26,26
1265,86,14,0,1217.865056,-40.5944,26.31,0,28,28
1266,89,16,0,1236.601638,-37.4756,26.31,0,32,32
1267,102,39,0,1236.600402,0,26.31,0,78,58.9608
1268,101,39,0,1236.599165,0,26.31,0,78,58.0004
1269,81,34,0,1236.597928,0,26.31,0,68,43.7924
1270,97,41,0,1236.596692,0,26.31,0,82,52.1588
1271,99,40,0,1236.595455,0,26.31,0,80,55.0796
1272,105,21,0,1255.515219,-37.842,26.31,0,42,42
1273,104,35,0,1255.513963,0,26.31,0,70,64.8816
1274,105,30,0,1260.933708,-10.842,26.31,0,60,60
1275,98,19,0,1279.492047,-37.1192,26.31,0,38,38
1276,94,35,0,1279.490767,0,26.31,0,70,55.2776
1277,77,34,0,1279.489488,0,26.31,0,68,39.9508
1278,65,18,0,1283.701208,-8.426,26.31,0,36,36
1279,54,19,0,1283.699924,0,26.31,0,38,32.8616
1280,38,16,0,1283.698641,0,26.31,0,32,20.4952
1281,5,15,0,1278.388111,10.61849229,26.31,0,30,0
1282,5,14,0,1273.598203,9.577259475,26.31,0,28,0
1283,6,15,0,1268.787683,9.618492295,26.31,0,30,0
1284,0,14,0,1261.497785,14.57725948,26.31,0,28,0
1285,0,14,0,1254.207893,14.57725948,26.31,0,28,0
1286,0,13,0,1247.438626,13.53602666,26.31,0,26,0
1287,0,7,0,1243.793063,7.288629738,26.31,0,14,0
1288,0,8,0,1239.626888,8.329862557,26.31,0,16,0
1289,0,6,0,1236.50195,6.247396918,26.31,0,12,0
1290,0,6,0,1233.377015,6.247396918,26.31,0,12,0
1291,0,7,0,1229.731467,7.288629738,26.31,0,14,0
1292,0,6,0,1226.606539,6.247396918,26.31,0,12,0
1293,0,6,0,1223.481614,6.247396918,26.31,0,12,0
1294,0,7,0,1219.836075,7.288629738,26.31,0,14,0
1295,0,6,0,1216.711157,6.247396918,26.31,0,12,0
1296,0,7,0,1213.065626,7.288629738,26.31,0,14,0
1297,0,6,0,1209.940714,6.247396918,26.31,0,12,0
1298,0,7,0,1206.295189,7.288629738,26.31,0,14,0
1299,0,6,0,1203.170284,6.247396918,26.31,0,12,0
1300,0,6,0,1200.045383,6.247396918,26.31,0,12,0
1301,0,7,0,1196.399868,7.288629738,26.31,0,14,0
1302,0,6,0,1193.274973,6.247396918,26.31,0,12,0
1303,0,7,0,1189.629465,7.288629738,26.31,0,14,0
1304,0,6,0,1186.504577,6.247396918,26.31,0,12,0
1305,3,6,0,1184.879692,3.247396918,26.31,0,12,0
1306,7,7,0,1184.734192,0.288629738,26.31,0,14,0
1307,14,6,0,1184.733007,0,26.31,0,12,7.4456
1308,25,8,0,1184.736823,-0.01,26.31,0,16,16
1309,43,7,0,1194.884238,-20.2972,26.31,0,14,14
1310,57,7,0,1211.754443,-33.7428,26.31,0,14,14
1311,64,9,0,1228.986031,-34.4656,26.31,0,18,18
1312,72,13,0,1244.059202,-30.1488,26.31,0,26,26
1313,91,14,0,1266.756158,-45.3964,26.31,0,28,28
1314,95,14,0,1291.373892,-49.238,26.31,0,28,28
1315,105,15,0,1319.2936,-55.842,26.31,0,30,30
1316,105,19,0,1341.213281,-43.842,26.31,0,38,38
1317,105,28,0,1349.63294,-16.842,26.31,0,56,56
1318,105,43,0,1349.63159,0,26.31,0,86,57.842
1319,105,16,0,1376.05124,-52.842,26.31,0,32,32
1320,105,17,0,1400.970864,-49.842,26.31,0,34,34
1321,105,23,0,1416.890463,-31.842,26.31,0,46,46
1322,101,29,0,1421.889246,-10.0004,26.31,0,58,58
1323,61,43,0,1421.887825,0,26.31,0,86,15.5844
1324,46,46,0,1420.938048,1.896709704,26.31,0,92,0
1325,28,33,0,1417.756285,6.360683049,26.31,0,66,0
1326,25,19,0,1417.754868,0,26.31,0,38,5.01
1327,14,18,0,1415.382354,4.742190754,26.31,0,36,0
1328,10,19,0,1410.489227,9.783423574,26.31,0,38,0
1329,12,16,0,1408.157954,4.659725115,26.31,0,32,0
1330,9,17,0,1403.806067,8.700957934,26.31,0,34,0
1331,2,16,0,1396.474801,14.65972511,26.31,0,32,0
1332,0,15,0,1388.664158,15.61849229,26.31,0,30,0
1333,0,15,0,1380.853523,15.61849229,26.31,0,30,0
1334,0,9,0,1376.166595,9.371095377,26.31,0,18,0
1335,0,7,0,1372.520904,7.288629738,26.31,0,14,0
1336,0,7,0,1368.875216,7.288629738,26.31,0,14,0
1337,0,6,0,1365.750149,6.247396918,26.31,0,12,0
1338,0,7,0,1362.104468,7.288629738,26.31,0,14,0
1339,0,6,0,1358.979408,6.247396918,26.31,0,12,0
1340,0,7,0,1355.333734,7.288629738,26.31,0,14,0
1341,0,6,0,1352.20868,6.247396918,26.31,0,12,0
1342,0,7,0,1348.563013,7.288629738,26.31,0,14,0
1343,0,6,0,1345.437966,6.247396918,26.31,0,12,0
1344,0,7,0,1341.792306,7.288629738,26.31,0,14,0
1345,0,6,0,1338.667266,6.247396918,26.31,0,12,0
1346,0,6,0,1335.542228,6.247396918,26.31,0,12,0
1347,0,7,0,1331.896578,7.288629738,26.31,0,14,0
1348,0,7,0,1328.250931,7.288629738,26.31,0,14,0
1349,0,6,0,1325.125905,6.247396918,26.31,0,12,0
1350,0,6,0,1322.000881,6.247396918,26.31,0,12,0
1351,0,7,0,1318.355244,7.288629738,26.31,0,14,0
1352,0,8,0,1314.188994,8.329862557,26.31,0,16,0
1353,0,7,0,1310.543365,7.288629738,26.31,0,14,0
1354,1,7,0,1307.39774,6.288629738,26.31,0,14,0
1355,5,8,0,1305.731501,3.329862557,26.31,0,16,0
1356,7,7,0,1305.585881,0.288629738,26.31,0,14,0
1357,11,7,0,1305.584575,0,26.31,0,14,3.5644
1358,13,7,0,1305.58327,0,26.31,0,14,5.4852
1359,14,9,0,1305.581964,0,26.31,0,18,4.4456
1360,17,14,0,1305.580658,0,26.31,0,28,2.3268
1361,21,13,0,1305.579353,0,26.31,0,26,7.1684
1362,28,18,0,1305.578047,0,26.31,0,36,8.8912
1363,25,25,0,1305.061331,1.030820491,26.31,0,50,0
1364,25,17,0,1305.060026,0,26.31,0,34,7.01
1365,30,15,0,1305.058721,0,26.31,0,30,13.812
1366,34,15,0,1305.057416,0,26.31,0,30,17.6536
1367,37,14,0,1305.056111,0,26.31,0,28,21.5348
1368,42,16,0,1305.054806,0,26.31,0,32,24.3368
1369,35,16,0,1305.053501,0,26.31,0,32,17.614
1370,30,15,0,1305.052196,0,26.31,0,30,13.812
1371,27,16,0,1305.050891,0,26.31,0,32,9.9308
1372,24,16,0,1305.049586,0,26.31,0,32,7.0496
1373,19,16,0,1305.048281,0,26.31,0,32,2.2476
1374,13,15,0,1303.73773,2.618492295,26.31,0,30,0
1375,8,15,0,1299.92718,7.618492295,26.31,0,30,0
1376,6,15,0,1295.116634,9.618492295,26.31,0,30,0
1377,4,14,0,1289.826709,10.57725948,26.31,0,28,0
1378,2,13,0,1284.057406,11.53602666,26.31,0,26,0
1379,0,13,0,1277.288108,13.53602666,26.31,0,26,0
1380,0,14,0,1269.998201,14.57725948,26.31,0,28,0
1381,0,9,0,1265.311384,9.371095377,26.31,0,18,0
1382,0,7,0,1261.665803,7.288629738,26.31,0,14,0
1383,0,7,0,1258.020227,7.288629738,26.31,0,14,0
1384,0,6,0,1254.89527,6.247396918,26.31,0,12,0
1385,0,6,0,1251.770317,6.247396918,26.31,0,12,0
1386,0,5,0,1249.165983,5.206164098,26.31,0,10,0
1387,0,6,0,1246.041036,6.247396918,26.31,0,12,0
1388,0,5,0,1243.436707,5.206164098,26.31,0,10,0
1389,0,6,0,1240.311766,6.247396918,26.31,0,12,0
1390,0,6,0,1237.186827,6.247396918,26.31,0,12,0
1391,0,6,0,1234.061891,6.247396918,26.31,0,12,0
1392,0,5,0,1231.457575,5.206164098,26.31,0,10,0
1393,0,6,0,1228.332645,6.247396918,26.31,0,12,0
1394,0,6,0,1225.207718,6.247396918,26.31,0,12,0
1395,0,6,0,1222.082795,6.247396918,26.31,0,12,0
1396,0,5,0,1219.478491,5.206164098,26.31,0,10,0
1397,0,6,0,1216.353573,6.247396918,26.31,0,12,0
1398,0,5,0,1213.749274,5.206164098,26.31,0,10,0
1399,0,6,0,1210.624362,6.247396918,26.31,0,12,0
1400,0,6,0,1207.499453,6.247396918,26.31,0,12,0
1401,0,5,0,1204.895163,5.206164098,26.31,0,10,0
1402,2,6,0,1202.77026,4.247396918,26.31,0,12,0
1403,4,7,0,1201.124742,3.288629738,26.31,0,14,0
1404,9,6,0,1201.123541,0,26.31,0,12,2.6436
1405,21,7,0,1201.12234,0,26.31,0,14,13.1684
1406,24,6,0,1203.645939,-5.0496,26.31,0,12,12
1407,36,9,0,1207.431935,-7.5744,26.31,0,18,18
1408,15,13,0,1207.430728,0,26.31,0,26,1.406
1409,34,12,0,1207.42952,0,26.31,0,24,20.6536
1410,37,13,0,1207.428313,0,26.31,0,26,22.5348
1411,32,12,0,1207.427106,0,26.31,0,24,18.7328
1412,36,24,0,1207.425898,0,26.31,0,48,10.5744
1413,71,16,0,1217.518891,-20.1884,26.31,0,32,32
1414,68,30,0,1217.517673,0,26.31,0,60,35.3072
1415,56,38,0,1217.516456,0,26.31,0,76,15.7824
1416,48,42,0,1217.515238,0,26.31,0,84,4.0992
1417,34,20,0,1217.514021,0,26.31,0,40,12.6536
1418,38,44,0,1213.605681,7.814244065,26.31,0,88,0
1419,42,34,0,1213.604468,0,26.31,0,68,6.3368
1420,33,19,0,1213.603254,0,26.31,0,38,12.6932
1421,13,18,0,1210.730945,5.742190754,26.31,0,36,0
1422,20,14,0,1210.729734,0,26.31,0,28,5.208
1423,15,14,0,1210.728524,0,26.31,0,28,0.406
1424,5,13,0,1206.459299,8.536026656,26.31,0,26,0
1425,5,14,0,1201.669463,9.577259475,26.31,0,28,0
1426,3,14,0,1195.879632,11.57725948,26.31,0,28,0
1427,0,14,0,1188.589806,14.57725948,26.31,0,28,0
1428,0,13,0,1181.820604,13.53602666,26.31,0,26,0
1429,0,10,0,1176.613258,10.4123282,26.31,0,20,0
1430,0,6,0,1173.488383,6.247396918,26.31,0,12,0
1431,0,7,0,1169.842895,7.288629738,26.31,0,14,0
1432,0,6,0,1166.718027,6.247396918,26.31,0,12,0
1433,0,6,0,1163.593161,6.247396918,26.31,0,12,0
1434,0,5,0,1160.988916,5.206164098,26.31,0,10,0
1435,0,6,0,1157.864056,6.247396918,26.31,0,12,0
1436,0,5,0,1155.259816,5.206164098,26.31,0,10,0
1437,0,6,0,1152.134963,6.247396918,26.31,0,12,0
1438,0,5,0,1149.530729,5.206164098,26.31,0,10,0
1439,0,6,0,1146.405881,6.247396918,26.31,0,12,0
1440,0,6,0,1143.281036,6.247396918,26.31,0,12,0
1441,0,5,0,1140.67681,5.206164098,26.31,0,10,0
1442,0,6,0,1137.551971,6.247396918,26.31,0,12,0
1443,0,6,0,1134.427135,6.247396918,26.31,0,12,0
1444,0,6,0,1131.302302,6.247396918,26.31,0,12,0
1445,0,5,0,1128.698089,5.206164098,26.31,0,10,0
1446,0,6,0,1125.573262,6.247396918,26.31,0,12,0
1447,0,5,0,1122.969054,5.206164098,26.31,0,10,0
1448,0,6,0,1119.844233,6.247396918,26.31,0,12,0
1449,1,6,0,1117.219415,5.247396918,26.31,0,12,0
1450,4,5,0,1116.615215,1.206164098,26.31,0,10,0
1451,8,6,0,1116.614099,0,26.31,0,12,1.6832
1452,20,6,0,1117.216982,-1.208,26.31,0,12,12
1453,40,7,0,1125.923865,-17.416,26.31,0,14,14
1454,61,6,0,1146.214939,-40.5844,26.31,0,12,12
1455,64,10,0,1161.946593,-31.4656,26.31,0,20,20
1456,80,13,0,1180.861431,-37.832,26.31,0,26,26
1457,91,14,0,1203.55845,-45.3964,26.31,0,28,28
1458,99,14,0,1230.097046,-53.0796,26.31,0,28,28
1459,105,14,0,1259.516816,-58.842,26.31,0,28,28
1460,105,14,0,1288.936557,-58.842,26.31,0,28,28
1461,101,14,0,1316.435468,-55.0004,26.31,0,28,28
1462,105,14,0,1345.855151,-58.842,26.31,0,28,28
1463,105,14,0,1375.274805,-58.842,26.31,0,28,28
1464,105,14,0,1404.69443,-58.842,26.31,0,28,28
1465,105,15,0,1432.614025,-55.842,26.31,0,30,30
1466,105,19,0,1454.533593,-43.842,26.31,0,38,38
1467,90,15,0,1475.250138,-41.436,26.31,0,30,30
1468,89,16,0,1493.986463,-37.4756,26.31,0,32,32
1469,79,15,0,1509.420769,-30.8716,26.31,0,30,30
1470,74,16,0,1520.95406,-23.0696,26.31,0,32,32
1471,43,15,0,1520.952539,0,26.31,0,30,26.2972
1472,37,19,0,1520.951018,0,26.31,0,38,16.5348
1473,19,19,0,1520.557785,0.783423574,26.31,0,38,0
1474,21,18,0,1520.556264,0,26.31,0,36,2.1684
1475,7,14,0,1516.766114,7.577259475,26.31,0,28,0
1476,0,9,0,1512.07905,9.371095377,26.31,0,18,0
1477,0,7,0,1508.433223,7.288629738,26.31,0,14,0
1478,0,6,0,1505.308016,6.247396918,26.31,0,12,0
1479,0,7,0,1501.662196,7.288629738,26.31,0,14,0
1480,0,6,0,1498.536996,6.247396918,26.31,0,12,0
1481,0,6,0,1495.411799,6.247396918,26.31,0,12,0
1482,0,6,0,1492.286605,6.247396918,26.31,0,12,0
1483,0,5,0,1489.68203,5.206164098,26.31,0,10,0
1484,0,6,0,1486.556842,6.247396918,26.31,0,12,0
1485,0,6,0,1483.431657,6.247396918,26.31,0,12,0
1486,0,5,0,1480.827092,5.206164098,26.31,0,10,0
1487,0,6,0,1477.701912,6.247396918,26.11,0,12,0
1488,0,6,0,1474.576736,6.247396918,26.11,0,12,0
1489,0,6,0,1471.451563,6.247396918,26.11,0,12,0
1490,0,5,0,1468.84701,5.206164098,26.11,0,10,0
1491,0,6,0,1465.721842,6.247396918,26.11,0,12,0
1492,0,6,0,1462.596678,6.247396918,26.11,0,12,0
1493,0,5,0,1459.992134,5.206164098,26.11,0,10,0
1494,0,6,0,1456.866975,6.247396918,26.11,0,12,0
1495,0,5,0,1454.262436,5.206164098,26.11,0,10,0
1496,0,6,0,1451.137284,6.247396918,26.11,0,12,0
1497,1,7,0,1447.991518,6.288629738,26.11,0,14,0
1498,7,6,0,1447.99007,0,26.11,0,12,0.7228
1499,17,7,0,1447.988622,0,26.11,0,14,9.3268
1500,26,6,0,1451.472374,-6.9704,26.11,0,12,12
1501,44,7,0,1462.099722,-21.2576,26.11,0,14,14
1502,57,6,0,1480.46966,-36.7428,26.11,0,12,12
1503,68,7,0,1502.62178,-44.3072,26.11,0,14,14
1504,75,6,0,1529.635277,-54.03,26.11,0,12,12
1505,90,7,0,1562.351747,-65.436,26.11,0,14,14
1506,94,7,0,1596.988985,-69.2776,26.11,0,14,14
1507,102,6,0,1636.967788,-79.9608,26.11,0,12,12
1508,105,7,0,1676.887151,-79.842,26.11,0,14,14
1509,105,7,0,1716.806474,-79.842,26.11,0,14,14
1510,105,6,0,1758.225757,-82.842,26.11,0,12,12
1511,105,7,0,1798.144999,-79.842,26.11,0,14,14
1512,105,7,0,1838.064201,-79.842,26.11,0,14,14
1513,105,6,0,1879.483363,-82.842,26.11,0,12,12
1514,105,7,0,1919.402483,-79.842,26.11,0,14,14
1515,95,7,0,1954.519564,-70.238,26.11,0,14,14
1516,90,6,0,1988.735609,-68.436,26.11,0,12,12
1517,75,7,0,2014.248621,-51.03,26.11,0,14,14
1518,69,7,0,2036.880406,-45.2676,26.11,0,14,14
1519,52,7,0,2051.34877,-28.9408,26.11,0,14,14
1520,46,6,0,2064.435918,-26.1784,26.11,0,12,12
1521,29,7,0,2067.859654,-6.8516,26.11,0,14,14
1522,24,6,0,2070.382386,-5.0496,26.11,0,12,12
1523,9,8,0,2070.380316,0,26.11,0,16,0.6436
1524,6,7,0,2069.73393,1.288629738,26.11,0,14,0
1525,0,7,0,2066.087546,7.288629738,26.11,0,14,0
1526,0,7,0,2062.441165,7.288629738,26.11,0,14,0
1527,0,7,0,2058.794787,7.288629738,26.11,0,14,0
1528,0,7,0,2055.148414,7.288629738,26.11,0,14,0
1529,0,5,0,2052.543277,5.206164098,26.11,0,10,0
1530,0,6,0,2049.417526,6.247396918,26.11,0,12,0
1531,0,5,0,2046.812394,5.206164098,26.11,0,10,0
1532,0,6,0,2043.686649,6.247396918,26.11,0,12,0
1533,0,6,0,2040.560907,6.247396918,26.11,0,12,0
1534,0,6,0,2037.435168,6.247396918,26.11,0,12,0
1535,0,5,0,2034.830048,5.206164098,26.11,0,10,0
1536,0,6,0,2031.704315,6.247396918,26.11,0,12,0
1537,0,6,0,2028.578585,6.247396918,26.11,0,12,0
1538,0,6,0,2025.452858,6.247396918,26.11,0,12,0
1539,0,5,0,2022.84775,5.206164098,26.11,0,10,0
1540,0,6,0,2019.722029,6.247396918,26.11,0,12,0
1541,0,6,0,2016.596311,6.247396918,26.11,0,12,0
1542,0,5,0,2013.991212,5.206164098,26.11,0,10,0
1543,0,6,0,2010.8655,6.247396918,26.11,0,12,0
1544,0,6,0,2007.73979,6.247396918,26.11,0,12,0
1545,2,5,0,2006.1347,3.206164098,26.11,0,10,0
1546,8,6,0,2006.132694,0,26.11,0,12,1.6832
1547,19,7,0,2006.130688,0,26.11,0,14,11.2476
1548,28,6,0,2010.574282,-8.8912,26.11,0,12,12
1549,42,7,0,2020.240672,-19.3368,26.11,0,14,14
1550,57,6,0,2038.610051,-36.7428,26.11,0,12,12
1551,61,8,0,2055.900213,-34.5844,26.11,0,16,16
1552,60,14,0,2063.710157,-15.624,26.11,0,28,28
1553,51,16,0,2064.198293,-0.9804,26.11,0,32,32
1554,53,19,0,2064.196229,0,26.11,0,38,31.9012
1555,62,43,0,2064.194165,0,26.11,0,86,16.5448
1556,63,37,0,2064.1921,0,26.11,0,74,23.5052
1557,59,34,0,2064.190036,0,26.11,0,68,22.6636
1558,56,20,0,2064.187972,0,26.11,0,40,33.7824
1559,42,17,0,2064.185908,0,26.11,0,34,23.3368
1560,54,25,0,2064.183844,0,26.11,0,50,26.8616
1561,86,26,0,2066.47898,-4.5944,26.11,0,52,52
1562,73,26,0,2066.476913,0,26.11,0,52,44.1092
1563,48,23,0,2066.474847,0,26.11,0,46,23.0992
1564,46,24,0,2066.47278,0,26.11,0,48,20.1784
1565,43,24,0,2066.470714,0,26.11,0,48,17.2972
1566,40,23,0,2066.468647,0,26.11,0,46,15.416
1567,21,22,0,2065.51302,1.907122032,26.11,0,44,0
1568,17,23,0,2062.036777,6.948354852,26.11,0,46,0
1569,5,24,0,2052.039921,19.98958767,26.11,0,48,0
1570,2,22,0,2041.584308,20.90712203,26.11,0,44,0
1571,1,22,0,2030.628705,21.90712203,26.11,0,44,0
1572,0,22,0,2019.173114,22.90712203,26.11,0,44,0
1573,0,18,0,2009.799999,18.74219075,26.11,0,36,0
1574,0,8,0,2005.633058,8.329862557,26.11,0,16,0
1575,0,6,0,2002.507354,6.247396918,26.11,0,12,0
1576,0,7,0,1998.861036,7.288629738,26.11,0,14,0
1577,0,5,0,1996.255956,5.206164098,26.11,0,10,0
1578,0,6,0,1993.130261,6.247396918,26.11,0,12,0
1579,0,5,0,1990.525186,5.206164098,26.11,0,10,0
1580,0,6,0,1987.399497,6.247396918,26.11,0,12,0
1581,0,6,0,1984.273811,6.247396918,26.11,0,12,0
1582,0,5,0,1981.668744,5.206164098,26.11,0,10,0
1583,0,6,0,1978.543064,6.247396918,26.11,0,12,0
1584,0,6,0,1975.417387,6.247396918,26.11,0,12,0
1585,0,5,0,1972.81233,5.206164098,26.11,0,10,0
1586,0,6,0,1969.686659,6.247396918,26.11,0,12,0
1587,0,6,0,1966.56099,6.247396918,26.11,0,12,0
1588,0,5,0,1963.955942,5.206164098,26.11,0,10,0
1589,0,6,0,1960.830279,6.247396918,26.11,0,12,0
1590,0,5,0,1958.225237,5.206164098,26.11,0,10,0
1591,0,6,0,1955.09958,6.247396918,26.11,0,12,0
1592,0,6,0,1951.973926,6.247396918,26.11,0,12,0
1593,0,6,0,1948.848276,6.247396918,26.11,0,12,0
1594,0,7,0,1945.202012,7.288629738,26.11,0,14,0
1595,0,6,0,1942.076369,6.247396918,26.11,0,12,0
1596,0,7,0,1938.430112,7.288629738,26.11,0,14,0
1597,2,6,0,1936.304475,4.247396918,26.11,0,12,0
1598,1,9,0,1932.116991,8.371095377,26.11,0,18,0
1599,7,11,0,1929.888278,4.453561016,26.11,0,22,0
1600,13,13,0,1929.618335,0.536026656,26.11,0,26,0
1601,14,18,0,1927.24531,4.742190754,26.11,0,36,0
1602,22,13,0,1927.243383,0,26.11,0,26,8.1288
1603,20,13,0,1927.241455,0,26.11,0,26,6.208
1604,22,14,0,1927.239528,0,26.11,0,28,7.1288
1605,32,15,0,1927.237601,0,26.11,0,30,15.7328
1606,26,39,0,1919.931634,14.60807997,26.11,0,78,0
1607,12,19,0,1916.038002,7.783423574,26.11,0,38,0
1608,14,13,0,1916.036086,0,26.11,0,26,0.4456
1609,13,14,0,1915.24554,1.577259475,26.11,0,28,0
1610,14,13,0,1915.243625,0,26.11,0,26,0.4456
1611,21,13,0,1915.24171,0,26.11,0,26,7.1684
1612,27,14,0,1915.239794,0,26.11,0,28,11.9308
1613,34,13,0,1915.237879,0,26.11,0,26,19.6536
1614,15,13,0,1915.235964,0,26.11,0,26,1.406
1615,6,14,0,1910.945419,8.577259475,26.11,0,28,0
1616,17,14,0,1910.943508,0,26.11,0,28,2.3268
1617,7,14,0,1907.152967,7.577259475,26.11,0,28,0
1618,8,13,0,1904.383047,5.536026656,26.11,0,26,0
1619,5,14,0,1899.592513,9.577259475,26.11,0,28,0
1620,1,15,0,1892.281367,14.61849229,26.11,0,30,0
1621,0,15,0,1884.470229,15.61849229,26.11,0,30,0
1622,0,16,0,1876.138482,16.65972511,26.11,0,32,0
1623,0,15,0,1868.327359,15.61849229,26.11,0,30,0
1624,0,15,0,1860.516245,15.61849229,26.11,0,30,0
1625,0,15,0,1852.705138,15.61849229,26.11,0,30,0
1626,0,14,0,1845.414656,14.57725948,26.11,0,28,0
1627,0,15,0,1837.603564,15.61849229,26.11,0,30,0
1628,0,7,0,1833.957412,7.288629738,26.11,0,14,0
1629,0,6,0,1830.831879,6.247396918,26.11,0,12,0
1630,0,7,0,1827.185733,7.288629738,26.11,0,14,0
1631,0,6,0,1824.060208,6.247396918,26.11,0,12,0
1632,0,7,0,1820.414069,7.288629738,26.11,0,14,0
1633,0,5,0,1817.809166,5.206164098,26.11,0,10,0
1634,0,6,0,1814.68365,6.247396918,26.11,0,12,0
1635,0,6,0,1811.558137,6.247396918,26.11,0,12,0
1636,0,5,0,1808.953243,5.206164098,26.11,0,10,0
1637,0,6,0,1805.827736,6.247396918,26.11,0,12,0
1638,0,5,0,1803.222848,5.206164098,26.11,0,10,0
1639,0,6,0,1800.097346,6.247396918,26.11,0,12,0
1640,0,6,0,1796.971848,6.247396918,26.11,0,12,0
1641,2,5,0,1795.366969,3.206164098,26.11,0,10,0
1642,5,6,0,1794.741475,1.247396918,26.11,0,12,0
1643,10,6,0,1794.73968,0,26.11,0,12,3.604
1644,13,5,0,1794.737886,0,26.11,0,10,7.4852
1645,30,6,0,1800.142091,-10.812,26.11,0,12,12
1646,38,6,0,1809.387891,-18.4952,26.11,0,12,12
1647,65,14,0,1819.599081,-20.426,26.11,0,28,28
1648,75,15,0,1833.112262,-27.03,26.11,0,30,30
1649,88,22,0,1842.368029,-18.5152,26.11,0,44,44
1650,87,22,0,1851.143586,-17.5548,26.11,0,44,44
1651,89,21,0,1862.379535,-22.4756,26.11,0,42,42
1652,96,22,0,1875.476873,-26.1984,26.11,0,44,44
1653,103,28,0,1882.935597,-14.9212,26.11,0,56,56
1654,104,32,0,1884.874514,-3.8816,26.11,0,64,64
1655,105,38,0,1884.872629,0,26.11,0,76,62.842
1656,105,52,0,1884.870745,0,26.11,0,104,48.842
1657,105,51,0,1884.86886,0,26.11,0,102,49.842
1658,105,31,0,1888.787975,-7.842,26.11,0,62,62
1659,98,40,0,1888.786086,0,26.11,0,80,54.1192
1660,98,40,0,1888.784197,0,26.11,0,80,54.1192
1661,84,28,0,1888.782308,0,26.11,0,56,52.6736
1662,78,45,0,1888.78042,0,26.11,0,90,29.9112
1663,60,23,0,1888.778531,0,26.11,0,46,34.624
1664,47,21,0,1888.776642,0,26.11,0,42,24.1388
1665,35,21,0,1888.774753,0,26.11,0,42,12.614
1666,29,19,0,1888.772865,0,26.11,0,38,8.8516
1667,8,15,0,1884.96173,7.618492295,26.11,0,30,0
1668,1,10,0,1880.253681,9.412328197,26.11,0,20,0
1669,0,7,0,1876.607485,7.288629738,26.11,0,14,0
1670,0,6,0,1873.48191,6.247396918,26.11,0,12,0
1671,0,6,0,1870.356338,6.247396918,26.11,0,12,0
1672,0,7,0,1866.710153,7.288629738,26.11,0,14,0
1673,0,6,0,1863.584588,6.247396918,26.11,0,12,0
1674,0,5,0,1860.979642,5.206164098,26.11,0,10,0
1675,0,6,0,1857.854083,6.247396918,26.11,0,12,0
1676,0,6,0,1854.728527,6.247396918,26.11,0,12,0
1677,0,6,0,1851.602973,6.247396918,26.11,0,12,0
1678,0,5,0,1848.99804,5.206164098,26.11,0,10,0
1679,0,6,0,1845.872492,6.247396918,26.11,0,12,0
1680,0,6,0,1842.746948,6.247396918,26.11,0,12,0
1681,0,5,0,1840.142023,5.206164098,26.11,0,10,0
1682,0,6,0,1837.016485,6.247396918,26.11,0,12,0
1683,0,6,0,1833.890949,6.247396918,26.11,0,12,0
1684,0,6,0,1830.765417,6.247396918,26.11,0,12,0
1685,0,5,0,1828.160504,5.206164098,26.11,0,10,0
1686,0,6,0,1825.034977,6.247396918,26.11,0,12,0
1687,0,6,0,1821.909454,6.247396918,26.11,0,12,0
1688,0,6,0,1818.783934,6.247396918,26.11,0,12,0
1689,1,5,0,1816.679033,4.206164098,26.11,0,10,0
1690,6,6,0,1816.553518,0.247396918,26.11,0,12,0
1691,19,6,0,1816.675501,-0.2476,26.11,0,12,12
1692,32,7,0,1821.540084,-9.7328,26.11,0,14,14
1693,46,6,0,1834.627463,-26.1784,26.11,0,12,12
1694,59,7,0,1852.457428,-35.6636,26.11,0,14,14
1695,72,9,0,1873.529976,-42.1488,26.11,0,18,18
1696,78,17,0,1885.483702,-23.9112,26.11,0,34,34
1697,93,16,0,1906.140417,-41.3172,26.11,0,32,32
1698,97,18,0,1925.717911,-39.1588,26.11,0,36,36
1699,105,19,0,1947.636985,-43.842,26.11,0,38,38
1700,105,23,0,1963.556037,-31.842,26.11,0,46,46
1701,105,23,0,1979.475074,-31.842,26.11,0,46,46
1702,105,25,0,1992.394094,-25.842,26.11,0,50,50
1703,105,21,0,2011.313102,-37.842,26.11,0,42,42
1704,105,41,0,2011.31109,0,26.11,0,82,59.842
1705,105,28,0,2019.730079,-16.842,26.11,0,56,56
1706,105,34,0,2019.728059,0,26.11,0,68,66.842
1707,102,37,0,2019.72604,0,26.11,0,74,60.9608
1708,97,29,0,2022.80342,-6.1588,26.11,0,58,58
1709,82,27,0,2022.801397,0,26.11,0,54,51.7528
1710,76,28,0,2022.799374,0,26.11,0,56,44.9904
1711,57,29,0,2022.797352,0,26.11,0,58,25.7428
1712,45,28,0,2022.795329,0,26.11,0,56,15.218
1713,31,28,0,2022.793306,0,26.11,0,56,1.7724
1714,18,22,0,2020.337722,4.907122032,26.11,0,44,0
1715,8,21,0,2013.402757,13.86588921,26.11,0,42,0
1716,1,20,0,2003.488416,19.82465639,26.11,0,40,0
1717,0,17,0,1994.635933,17.70095793,26.11,0,34,0
1718,0,13,0,1987.865925,13.53602666,26.11,0,26,0
1719,0,7,0,1984.219622,7.288629738,26.11,0,14,0
1720,0,6,0,1981.09394,6.247396918,26.11,0,12,0
1721,0,6,0,1977.96826,6.247396918,26.11,0,12,0
1722,0,6,0,1974.842584,6.247396918,26.11,0,12,0
1723,0,6,0,1971.71691,6.247396918,26.11,0,12,0
1724,0,5,0,1969.111857,5.206164098,26.11,0,10,0
1725,0,6,0,1965.986189,6.247396918,26.11,0,12,0
1726,0,6,0,1962.860525,6.247396918,26.11,0,12,0
1727,0,6,0,1959.734863,6.247396918,26.11,0,12,0
1728,0,6,0,1956.609205,6.247396918,26.11,0,12,0
1729,0,5,0,1954.004167,5.206164098,26.11,0,10,0
1730,0,6,0,1950.878514,6.247396918,26.11,0,12,0
1731,0,6,0,1947.752865,6.247396918,26.11,0,12,0
1732,0,6,0,1944.627219,6.247396918,26.11,0,12,0
1733,0,5,0,1942.022192,5.206164098,26.11,0,10,0
1734,0,6,0,1938.896551,6.247396918,26.11,0,12,0
1735,0,6,0,1935.770914,6.247396918,26.11,0,12,0
1736,0,5,0,1933.165896,5.206164098,26.11,0,10,0
1737,2,6,0,1931.040265,4.247396918,26.11,0,12,0
1738,9,6,0,1931.038334,0,26.11,0,12,2.6436
1739,24,6,0,1933.561202,-5.0496,26.11,0,12,12
1740,24,7,0,1934.584069,-2.0496,26.11,0,14,14
1741,47,7,0,1946.651534,-24.1388,26.11,0,14,14
1742,54,7,0,1962.080388,-30.8616,26.11,0,14,14
1743,69,7,0,1984.712226,-45.2676,26.11,0,14,14
1744,80,18,0,1996.126241,-22.832,26.11,0,36,36
1745,96,16,0,2018.223445,-44.1984,26.11,0,32,32
1746,90,17,0,2035.939427,-35.436,26.11,0,34,34
1747,69,16,0,2045.071191,-18.2676,26.11,0,32,32
1748,63,21,0,2045.069146,0,26.11,0,42,39.5052
1749,52,21,0,2045.0671,0,26.11,0,42,28.9408
1750,64,37,0,2045.065055,0,26.11,0,74,24.4656
1751,105,31,0,2048.98401,-7.842,26.11,0,62,62
1752,105,25,0,2061.902961,-25.842,26.11,0,50,50
1753,96,52,0,2061.900899,0,26.11,0,104,40.1984
1754,82,53,0,2061.898838,0,26.11,0,106,25.7528
1755,90,51,0,2061.896776,0,26.11,0,102,35.436
1756,78,31,0,2061.894714,0,26.11,0,62,43.9112
1757,67,28,0,2061.892652,0,26.11,0,56,36.3468
1758,63,27,0,2061.89059,0,26.11,0,54,33.5052
1759,49,27,0,2061.888528,0,26.11,0,54,20.0596
1760,40,26,0,2061.886466,0,26.11,0,52,12.416
1761,16,25,0,2056.868994,10.03082049,26.11,0,50,0
1762,9,23,0,2049.39276,14.94835485,26.11,0,46,0
1763,3,24,0,2038.395917,21.98958767,26.11,0,48,0
1764,0,13,0,2031.625865,13.53602666,26.11,0,26,0
1765,0,7,0,2027.979518,7.288629738,26.11,0,14,0
1766,0,6,0,2024.853792,6.247396918,26.11,0,12,0
1767,0,7,0,2021.207452,7.288629738,26.11,0,14,0
1768,0,6,0,2018.081732,6.247396918,26.11,0,12,0
1769,0,6,0,2014.956016,6.247396918,26.11,0,12,0
1770,0,6,0,2011.830303,6.247396918,26.11,0,12,0
1771,0,5,0,2009.225209,5.206164098,26.11,0,10,0
1772,0,6,0,2006.099501,6.247396918,26.11,0,12,0
1773,0,6,0,2002.973796,6.247396918,26.11,0,12,0
1774,0,6,0,1999.848095,6.247396918,26.11,0,12,0
1775,0,6,0,1996.722397,6.247396918,26.11,0,12,0
1776,0,7,0,1993.076085,7.288629738,26.11,0,14,0
1777,0,6,0,1989.950394,6.247396918,26.11,0,12,0
1778,0,7,0,1986.304089,7.288629738,26.11,0,14,0
1779,0,6,0,1983.178404,6.247396918,26.11,0,12,0
1780,0,7,0,1979.532106,7.288629738,26.11,0,14,0
1781,0,6,0,1976.406428,6.247396918,26.11,0,12,0
1782,0,7,0,1972.760137,7.288629738,26.11,0,14,0
1783,0,7,0,1969.113849,7.288629738,26.11,0,14,0
1784,0,6,0,1965.988181,6.247396918,26.11,0,12,0
1785,0,6,0,1962.862517,6.247396918,26.11,0,12,0
1786,1,7,0,1959.716239,6.288629738,26.11,0,14,0
1787,3,6,0,1958.090581,3.247396918,26.11,0,12,0
1788,8,6,0,1958.088623,0,26.11,0,12,1.6832
1789,23,6,0,1960.131265,-4.0892,26.11,0,12,12
1790,28,5,0,1966.074905,-11.8912,26.11,0,10,10
1791,26,6,0,1969.558139,-6.9704,26.11,0,12,12
1792,33,6,0,1976.402769,-13.6932,26.11,0,12,12
1793,46,6,0,1989.489993,-26.1784,26.11,0,12,12
1794,70,10,0,2008.102003,-37.228,26.11,0,20,20
1795,48,8,0,2019.149595,-22.0992,26.11,0,16,16
1796,41,7,0,2028.335776,-18.3764,26.11,0,14,14
1797,62,8,0,2046.106148,-35.5448,26.11,0,16,16
1798,62,7,0,2065.376502,-38.5448,26.11,0,14,14
1799,41,8,0,2073.062636,-15.3764,26.11,0,16,16
1800,45,7,0,2084.169563,-22.218,26.11,0,14,14
1801,47,8,0,2094.736879,-21.1388,26.11,0,16,16
1802,51,6,0,2110.224984,-30.9804,26.11,0,12,12
1803,41,7,0,2119.411074,-18.3764,26.11,0,14,14
1804,33,7,0,2124.755555,-10.6932,26.11,0,14,14
1805,36,7,0,2131.54063,-13.5744,26.11,0,14,14
1806,34,6,0,2138.865298,-14.6536,26.11,0,12,12
1807,20,7,0,2138.863159,0,26.11,0,14,12.208
1808,19,7,0,2138.861021,0,26.11,0,14,11.2476
1809,17,6,0,2138.858882,0,26.11,0,12,10.3268
1810,14,7,0,2138.856743,0,26.11,0,14,6.4456
1811,3,6,0,2137.230906,3.247396918,26.11,0,12,0
1812,0,6,0,2134.10507,6.247396918,26.11,0,12,0
1813,0,7,0,2130.458621,7.288629738,26.11,0,14,0
1814,0,6,0,2127.332792,6.247396918,26.11,0,12,0
1815,0,7,0,2123.68635,7.288629738,26.11,0,14,0
1816,0,7,0,2120.039911,7.288629738,26.11,0,14,0
1817,0,5,0,2117.434709,5.206164098,26.11,0,10,0
1818,0,6,0,2114.308893,6.247396918,26.11,0,12,0
1819,0,6,0,2111.18308,6.247396918,26.11,0,12,0
1820,0,6,0,2108.057271,6.247396918,26.11,0,12,0
1821,0,5,0,2105.452081,5.206164098,26.11,0,10,0
1822,0,6,0,2102.326277,6.247396918,26.11,0,12,0
1823,0,6,0,2099.200476,6.247396918,26.11,0,12,0
1824,0,6,0,2096.074678,6.247396918,26.11,0,12,0
1825,0,7,0,2092.428267,7.288629738,26.11,0,14,0
1826,0,7,0,2088.78186,7.288629738,26.11,0,14,0
1827,0,6,0,2085.656073,6.247396918,26.11,0,12,0
1828,0,7,0,2082.009672,7.288629738,26.11,0,14,0
1829,0,6,0,2078.883892,6.247396918,26.11,0,12,0
1830,0,7,0,2075.237498,7.288629738,26.11,0,14,0
1831,0,6,0,2072.111724,6.247396918,26.11,0,12,0
1832,0,7,0,2068.465337,7.288629738,26.11,0,14,0
1833,0,6,0,2065.33957,6.247396918,26.11,0,12,0
1834,3,7,0,2063.19319,4.288629738,26.11,0,14,0
1835,7,6,0,2063.191127,0,26.11,0,12,0.7228
1836,11,7,0,2063.189064,0,26.11,0,14,3.5644
1837,8,6,0,2063.187001,0,26.11,0,12,1.6832
1838,7,7,0,2063.040623,0.288629738,26.11,0,14,0
1839,5,6,0,2062.414861,1.247396918,26.11,0,12,0
1840,9,7,0,2062.412799,0,26.11,0,14,1.6436
1841,32,6,0,2068.777136,-12.7328,26.11,0,12,12
1842,35,7,0,2075.082068,-12.614,26.11,0,14,14
1843,41,7,0,2084.268192,-18.3764,26.11,0,14,14
1844,36,6,0,2092.553308,-16.5744,26.11,0,12,12
1845,49,7,0,2105.581016,-26.0596,26.11,0,14,14
1846,58,7,0,2122.93051,-34.7032,26.11,0,14,14
1847,49,6,0,2137.458187,-29.0596,26.11,0,12,12
1848,50,7,0,2150.96605,-27.02,26.11,0,14,14
1849,34,6,0,2158.290699,-14.6536,26.11,0,12,12
1850,37,7,0,2165.55594,-14.5348,26.11,0,14,14
1851,26,6,0,2169.038975,-6.9704,26.11,0,12,12
1852,26,7,0,2171.022006,-3.9704,26.11,0,14,14
1853,11,5,0,2171.019835,0,26.11,0,10,5.5644
1854,12,6,0,2171.017664,0,26.11,0,12,5.5248
1855,10,6,0,2171.015493,0,26.11,0,12,3.604
1856,9,5,0,2171.013322,0,26.11,0,10,3.6436
1857,4,6,0,2169.887452,2.247396918,26.11,0,12,0
1858,0,5,0,2167.2822,5.206164098,26.11,0,10,0
1859,0,6,0,2164.156335,6.247396918,26.11,0,12,0
1860,0,7,0,2160.509856,7.288629738,26.11,0,14,0
1861,0,6,0,2157.383997,6.247396918,26.11,0,12,0
1862,0,7,0,2153.737524,7.288629738,26.11,0,14,0
1863,0,7,0,2150.091056,7.288629738,26.11,0,14,0
1864,0,6,0,2146.965207,6.247396918,26.11,0,12,0
1865,0,5,0,2144.359978,5.206164098,26.11,0,10,0
1866,0,6,0,2141.234135,6.247396918,26.11,0,12,0
1867,0,6,0,2138.108296,6.247396918,26.11,0,12,0
1868,0,7,0,2134.461843,7.288629738,26.11,0,14,0
1869,0,7,0,2130.815393,7.288629738,26.11,0,14,0
1870,0,6,0,2127.689564,6.247396918,26.11,0,12,0
1871,0,7,0,2124.043122,7.288629738,26.11,0,14,0
1872,0,6,0,2120.917299,6.247396918,26.11,0,12,0
1873,0,7,0,2117.270863,7.288629738,26.11,0,14,0
1874,0,7,0,2113.624431,7.288629738,26.11,0,14,0
1875,0,6,0,2110.498619,6.247396918,26.11,0,12,0
1876,0,7,0,2106.852194,7.288629738,26.11,0,14,0
1877,0,6,0,2103.726388,6.247396918,26.11,0,12,0
1878,0,7,0,2100.07997,7.288629738,26.11,0,14,0
1879,0,6,0,2096.954171,6.247396918,26.11,0,12,0
1880,0,7,0,2093.307759,7.288629738,26.11,0,14,0
1881,0,6,0,2090.181968,6.247396918,26.11,0,12,0
1882,3,6,0,2088.556179,3.247396918,26.11,0,12,0
1883,5,6,0,2087.930392,1.247396918,26.11,0,12,0
1884,10,5,0,2087.928304,0,26.11,0,10,4.604
1885,13,6,0,2087.926216,0,26.11,0,12,6.4852
1886,10,6,0,2087.924128,0,26.11,0,12,3.604
1887,12,8,0,2087.92204,0,26.11,0,16,3.5248
1888,13,16,0,2086.09009,3.659725115,26.11,0,32,0
1889,29,15,0,2086.088004,0,26.11,0,30,12.8516
1890,42,22,0,2086.085918,0,26.11,0,44,18.3368
1891,40,39,0,2085.779792,0.608079967,26.11,0,78,0
1892,30,37,0,2081.514899,8.525614327,26.11,0,74,0
1893,22,42,0,2070.646928,21.73177843,26.11,0,84,0
1894,14,41,0,2056.299584,28.69054561,26.11,0,82,0
1895,18,22,0,2053.843967,4.907122032,26.11,0,44,0
1896,15,16,0,2053.012051,1.659725115,26.11,0,32,0
1897,13,16,0,2051.180135,3.659725115,26.11,0,32,0
1898,9,16,0,2047.348221,7.659725115,26.11,0,32,0
1899,12,16,0,2045.016311,4.659725115,26.11,0,32,0
1900,11,17,0,2041.663787,6.700957934,26.11,0,34,0
1901,10,16,0,2038.331883,6.659725115,26.11,0,32,0
1902,14,16,0,2036.999982,2.659725115,26.11,0,32,0
1903,11,16,0,2034.168083,5.659725115,26.11,0,32,0
1904,6,16,0,2028.836186,10.65972511,26.11,0,32,0
1905,3,16,0,2022.004295,13.65972511,26.11,0,32,0
1906,2,16,0,2014.67241,14.65972511,26.11,0,32,0
1907,1,16,0,2006.840533,15.65972511,26.11,0,32,0
1908,0,15,0,1999.02928,15.61849229,26.11,0,30,0
1909,0,16,0,1990.697418,16.65972511,26.11,0,32,0
1910,0,7,0,1987.051113,7.288629738,26.11,0,14,0
1911,0,6,0,1983.925427,6.247396918,26.11,0,12,0
1912,0,7,0,1980.279128,7.288629738,26.11,0,14,0
1913,0,6,0,1977.15345,6.247396918,26.11,0,12,0
1914,0,5,0,1974.548391,5.206164098,26.11,0,10,0
1915,0,6,0,1971.422718,6.247396918,26.11,0,12,0
1916,0,6,0,1968.297048,6.247396918,26.11,0,12,0
1917,0,5,0,1965.691997,5.206164098,26.11,0,10,0
1918,0,6,0,1962.566333,6.247396918,26.11,0,12,0
1919,0,6,0,1959.440672,6.247396918,26.11,0,12,0
1920,0,6,0,1956.315014,6.247396918,26.11,0,12,0
1921,0,5,0,1953.709976,5.206164098,26.11,0,10,0
1922,0,6,0,1950.584324,6.247396918,26.11,0,12,0
1923,0,6,0,1947.458675,6.247396918,26.11,0,12,0
1924,0,5,0,1944.853645,5.206164098,26.11,0,10,0
1925,0,6,0,1941.728002,6.247396918,26.11,0,12,0
1926,0,6,0,1938.602362,6.247396918,26.11,0,12,0
1927,0,7,0,1934.956108,7.288629738,26.11,0,14,0
1928,0,6,0,1931.830475,6.247396918,26.11,0,12,0
1929,0,7,0,1928.184228,7.288629738,26.11,0,14,0
1930,0,6,0,1925.058601,6.247396918,26.11,0,12,0
1931,4,7,0,1923.412361,3.288629738,26.11,0,14,0
1932,4,7,0,1921.766123,3.288629738,26.11,0,14,0
1933,2,6,0,1919.640503,4.247396918,26.11,0,12,0
1934,4,7,0,1917.994268,3.288629738,26.11,0,14,0
1935,6,6,0,1917.868652,0.247396918,26.11,0,12,0
1936,4,17,0,1911.016255,13.70095793,26.11,0,34,0
1937,4,15,0,1905.205098,11.61849229,26.11,0,30,0
1938,6,16,0,1899.87333,10.65972511,26.11,0,32,0
1939,5,35,0,1884.149856,31.44314869,26.11,0,70,0
1940,8,37,0,1868.885165,30.52561433,26.11,0,74,0
1941,17,23,0,1865.409118,6.948354852,26.11,0,46,0
1942,22,16,0,1865.407253,0,26.11,0,32,5.1288
1943,21,17,0,1865.405388,0,26.11,0,34,3.1684
1944,21,16,0,1865.403522,0,26.11,0,32,4.1684
1945,15,16,0,1864.571794,1.659725115,26.11,0,32,0
1946,10,17,0,1860.719451,7.700957934,26.11,0,34,0
1947,14,16,0,1859.387727,2.659725115,26.11,0,32,0
1948,10,17,0,1855.535389,7.700957934,26.11,0,34,0
1949,9,16,0,1851.703671,7.659725115,26.11,0,32,0
1950,8,16,0,1847.371957,8.659725115,26.11,0,32,0
1951,17,20,0,1845.457781,3.824656393,26.11,0,40,0
1952,11,41,0,1829.610663,31.69054561,26.11,0,82,0
1953,4,17,0,1822.758354,13.70095793,26.11,0,34,0
1954,4,16,0,1816.426669,12.65972511,26.11,0,32,0
1955,1,16,0,1808.59499,15.65972511,26.11,0,32,0
1956,0,16,0,1800.263319,16.65972511,26.11,0,32,0
1957,0,15,0,1792.452272,15.61849229,26.11,0,30,0
1958,0,15,0,1784.641234,15.61849229,26.11,0,30,0
1959,0,14,0,1777.350819,14.57725948,26.11,0,28,0
1960,0,6,0,1774.225344,6.247396918,26.11,0,12,0
1961,0,6,0,1771.099871,6.247396918,26.11,0,12,0
1962,0,6,0,1767.974401,6.247396918,26.11,0,12,0
1963,0,7,0,1764.328319,7.288629738,26.11,0,14,0
1964,0,7,0,1760.682239,7.288629738,26.11,0,14,0
1965,0,7,0,1757.036164,7.288629738,26.11,0,14,0
1966,0,6,0,1753.910708,6.247396918,26.11,0,12,0
1967,0,7,0,1750.26464,7.288629738,26.11,0,14,0
1968,0,6,0,1747.139191,6.247396918,26.11,0,12,0
1969,0,6,0,1744.013745,6.247396918,26.11,0,12,0
1970,0,7,0,1740.367686,7.288629738,26.11,0,14,0
1971,0,7,0,1736.721631,7.288629738,26.11,0,14,0
1972,0,6,0,1733.596196,6.247396918,26.11,0,12,0
1973,0,6,0,1730.470764,6.247396918,26.11,0,12,0
1974,0,7,0,1726.824719,7.288629738,26.11,0,14,0
1975,0,7,0,1723.178677,7.288629738,26.11,0,14,0
1976,0,6,0,1720.053255,6.247396918,26.11,0,12,0
1977,0,7,0,1716.40722,7.288629738,26.11,0,14,0
1978,0,6,0,1713.281805,6.247396918,26.11,0,12,0
1979,4,7,0,1711.635777,3.288629738,26.11,0,14,0
1980,8,6,0,1711.634066,0,26.11,0,12,1.6832
1981,5,5,0,1711.529272,0.206164098,26.11,0,10,0
1982,6,6,0,1711.403862,0.247396918,26.11,0,12,0
1983,10,7,0,1711.402151,0,26.11,0,14,2.604
1984,3,16,0,1704.570577,13.65972511,26.11,0,32,0
1985,9,15,0,1701.259626,6.618492295,26.11,0,30,0
1986,21,16,0,1701.257925,0,26.11,0,32,4.1684
1987,16,15,0,1701.256223,0,26.11,0,30,0.3664
1988,25,16,0,1701.254522,0,26.11,0,32,8.01
1989,31,15,0,1701.252821,0,26.11,0,30,14.7724
1990,41,16,0,1701.25112,0,26.11,0,32,23.3764
1991,24,25,0,1700.234008,2.030820491,26.11,0,50,0
1992,26,33,0,1696.051966,8.360683049,26.11,0,66,0
1993,32,17,0,1696.05027,0,26.11,0,34,13.7328
1994,44,15,0,1696.048574,0,26.11,0,30,27.2576
1995,51,21,0,1696.046878,0,26.11,0,42,27.9804
1996,65,21,0,1696.045182,0,26.11,0,42,41.426
1997,36,23,0,1696.043486,0,26.11,0,46,11.5744
1998,26,26,0,1695.505763,1.072053311,26.11,0,52,0
1999,20,47,0,1681.035097,28.93794252,26.11,0,94,0
2000,20,26,0,1677.497389,7.072053311,26.11,0,52,0
2001,13,18,0,1674.624616,5.742190754,26.11,0,36,0
2002,6,17,0,1668.772462,11.70095793,26.11,0,34,0
2003,2,18,0,1660.399698,16.74219075,26.11,0,36,0
2004,0,18,0,1651.026943,18.74219075,26.11,0,36,0
2005,0,18,0,1641.654196,18.74219075,26.11,0,36,0
2006,0,18,0,1632.281459,18.74219075,26.11,0,36,0
2007,0,11,0,1626.553046,11.45356102,26.11,0,22,0
2008,0,7,0,1622.907105,7.288629738,26.11,0,14,0
2009,0,6,0,1619.781784,6.247396918,26.11,0,12,0
2010,0,7,0,1616.135849,7.288629738,26.11,0,14,0
2011,0,5,0,1613.531151,5.206164098,26.11,0,10,0
2012,0,6,0,1610.405839,6.247396918,26.11,0,12,0
2013,0,5,0,1607.801146,5.206164098,26.11,0,10,0
2014,0,5,0,1605.196456,5.206164098,26.11,0,10,0
2015,0,6,0,1602.071153,6.247396918,26.11,0,12,0
2016,0,5,0,1599.466469,5.206164098,26.11,0,10,0
2017,0,6,0,1596.341171,6.247396918,26.11,0,12,0
2018,0,5,0,1593.736492,5.206164098,26.11,0,10,0
2019,0,6,0,1590.6112,6.247396918,26.11,0,12,0
2020,0,5,0,1588.006527,5.206164098,26.11,0,10,0
2021,0,6,0,1584.881241,6.247396918,26.11,0,12,0
2022,0,5,0,1582.276574,5.206164098,26.11,0,10,0
2023,0,6,0,1579.151293,6.247396918,26.11,0,12,0
2024,0,5,0,1576.546632,5.206164098,26.11,0,10,0
2025,1,6,0,1573.921357,5.247396918,26.11,0,12,0
2026,3,5,0,1572.816701,2.206164098,26.11,0,10,0
2027,15,6,0,1572.815128,0,26.11,0,12,8.406
2028,27,6,0,1576.778956,-7.9308,26.11,0,12,12
2029,26,6,0,1580.262579,-6.9704,26.11,0,12,12
2030,26,7,0,1582.246198,-3.9704,26.11,0,14,14
2031,37,8,0,1588.012016,-11.5348,26.11,0,16,16
2032,41,13,0,1588.198628,-0.3764,26.11,0,26,26
2033,22,12,0,1588.19704,0,26.11,0,24,9.1288
2034,17,13,0,1588.195452,0,26.11,0,26,3.3268
2035,31,12,0,1588.193864,0,26.11,0,24,17.7724
2036,46,13,0,1590.781475,-5.1784,26.11,0,26,26
2037,45,13,0,1592.888885,-4.218,26.11,0,26,26
2038,38,13,0,1592.887292,0,26.11,0,26,23.4952
2039,75,27,0,1592.885699,0,26.11,0,54,45.03
2040,76,37,0,1592.884106,0,26.11,0,74,35.9904
2041,58,54,0,1592.882513,0,26.11,0,108,1.7032
2042,57,36,0,1592.88092,0,26.11,0,72,18.7428
2043,63,37,0,1592.879327,0,26.11,0,74,23.5052
2044,56,46,0,1592.877734,0,26.11,0,92,7.7824
2045,37,27,0,1592.876142,0,26.11,0,54,8.5348
2046,34,35,0,1591.652974,2.443148688,26.11,0,70,0
2047,23,26,0,1589.615356,4.072053311,26.11,0,52,0
2048,18,24,0,1586.118973,6.989587672,26.11,0,48,0
2049,14,22,0,1581.663825,8.907122032,26.11,0,44,0
2050,5,20,0,1573.749916,15.82465639,26.11,0,40,0
2051,0,17,0,1564.897863,17.70095793,26.11,0,34,0
2052,0,18,0,1555.525203,18.74219075,26.11,0,36,0
2053,0,16,0,1547.193785,16.65972511,26.11,0,32,0
2054,0,17,0,1538.341758,17.70095793,26.11,0,34,0
2055,0,16,0,1530.010357,16.65972511,26.11,0,32,0
2056,0,8,0,1525.843896,8.329862557,26.11,0,16,0
2057,0,5,0,1523.239288,5.206164098,26.11,0,10,0
2058,0,5,0,1520.634683,5.206164098,26.11,0,10,0
2059,0,6,0,1517.509464,6.247396918,26.11,0,12,0
2060,0,5,0,1514.904864,5.206164098,26.11,0,10,0
2061,0,6,0,1511.779651,6.247396918,26.11,0,12,0
2062,0,5,0,1509.175057,5.206164098,26.11,0,10,0
2063,0,5,0,1506.570466,5.206164098,26.11,0,10,0
2064,0,6,0,1503.445261,6.247396918,26.11,0,12,0
2065,0,5,0,1500.840675,5.206164098,26.11,0,10,0
2066,0,6,0,1497.715476,6.247396918,26.11,0,12,0
2067,0,6,0,1494.59028,6.247396918,26.11,0,12,0
2068,0,6,0,1491.465087,6.247396918,26.11,0,12,0
2069,0,6,0,1488.339897,6.247396918,26.11,0,12,0
2070,0,6,0,1485.21471,6.247396918,26.11,0,12,0
2071,0,7,0,1481.56891,7.288629738,26.11,0,14,0
2072,0,6,0,1478.44373,6.247396918,26.11,0,12,0
2073,0,6,0,1475.318553,6.247396918,26.11,0,12,0
2074,0,6,0,1472.193379,6.247396918,26.11,0,12,0
2075,1,7,0,1469.047592,6.288629738,26.11,0,14,0
2076,2,6,0,1466.922425,4.247396918,26.11,0,12,0
2077,9,6,0,1466.920958,0,26.11,0,12,2.6436
2078,23,6,0,1468.964091,-4.0892,26.11,0,12,12
2079,32,7,0,1473.829022,-9.7328,26.11,0,14,14
2080,30,14,0,1473.827548,0,26.11,0,28,14.812
2081,36,16,0,1473.826074,0,26.11,0,32,18.5744
2082,54,15,0,1477.2554,-6.8616,26.11,0,30,30
2083,48,16,0,1477.253923,0,26.11,0,32,30.0992
2084,58,16,0,1481.104046,-7.7032,26.11,0,32,32
2085,51,18,0,1481.102565,0,26.11,0,36,30.9804
2086,60,23,0,1481.101084,0,26.11,0,46,34.624
2087,66,17,0,1487.292803,-12.3864,26.11,0,34,34
2088,74,43,0,1487.291315,0,26.11,0,86,28.0696
2089,48,55,0,1482.655926,9.267805081,26.11,0,110,0
2090,53,59,0,1478.438075,8.43273636,26.11,0,118,0
2091,86,55,0,1478.436596,0,26.11,0,110,27.5944
2092,82,62,0,1478.435118,0,26.11,0,124,16.7528
2093,39,41,0,1476.588367,3.690545606,26.11,0,82,0
2094,40,33,0,1476.58689,0,26.11,0,66,5.416
2095,36,36,0,1475.843223,1.484381508,26.11,0,72,0
2096,25,50,0,1462.310926,27.06164098,26.11,0,100,0
2097,33,28,0,1462.309464,0,26.11,0,56,3.6932
2098,13,26,0,1455.271975,14.07205331,26.11,0,52,0
2099,5,27,0,1443.713877,23.11328613,26.11,0,54,0
2100,0,27,0,1429.65579,28.11328613,26.11,0,54,0
2101,0,14,0,1422.365731,14.57725948,26.11,0,28,0
2102,0,7,0,1418.719993,7.288629738,26.11,0,14,0
2103,0,7,0,1415.07426,7.288629738,26.11,0,14,0
2104,0,6,0,1411.949146,6.247396918,26.11,0,12,0
2105,0,5,0,1409.344652,5.206164098,26.11,0,10,0
2106,0,5,0,1406.740161,5.206164098,26.11,0,10,0
2107,0,5,0,1404.135672,5.206164098,26.11,0,10,0
2108,0,6,0,1401.010569,6.247396918,26.11,0,12,0
2109,0,5,0,1398.406086,5.206164098,26.11,0,10,0
2110,0,5,0,1395.801606,5.206164098,26.11,0,10,0
2111,0,6,0,1392.676512,6.247396918,26.11,0,12,0
2112,0,5,0,1390.072037,5.206164098,26.11,0,10,0
2113,0,6,0,1386.946948,6.247396918,26.11,0,12,0
2114,0,5,0,1384.342479,5.206164098,26.11,0,10,0
2115,0,6,0,1381.217397,6.247396918,26.11,0,12,0
2116,0,5,0,1378.612933,5.206164098,26.11,0,10,0
2117,0,6,0,1375.487856,6.247396918,26.11,0,12,0
2118,0,7,0,1371.842166,7.288629738,26.11,0,14,0
2119,0,6,0,1368.717096,6.247396918,26.11,0,12,0
2120,0,6,0,1365.592028,6.247396918,26.11,0,12,0
2121,0,6,0,1362.466964,6.247396918,26.11,0,12,0
2122,0,6,0,1359.341903,6.247396918,26.11,0,12,0
2123,0,6,0,1356.216846,6.247396918,26.11,0,12,0
2124,1,7,0,1353.071175,6.288629738,26.11,0,14,0
2125,7,6,0,1353.069821,0,26.11,0,12,0.7228
2126,6,6,0,1352.94477,0.247396918,26.11,0,12,0
2127,19,6,0,1353.067217,-0.2476,26.11,0,12,12
2128,20,16,0,1353.065864,0,26.11,0,32,3.208
2129,35,16,0,1353.064511,0,26.11,0,32,17.614
2130,48,16,0,1353.063158,0,26.11,0,32,30.0992
2131,65,17,0,1358.774805,-11.426,26.11,0,34,34
2132,54,16,0,1360.704246,-3.8616,26.11,0,32,32
2133,38,16,0,1360.702885,0,26.11,0,32,20.4952
2134,25,17,0,1360.701525,0,26.11,0,34,7.01
2135,40,16,0,1360.700164,0,26.11,0,32,22.416
2136,22,16,0,1360.698803,0,26.11,0,32,5.1288
2137,27,16,0,1360.697442,0,26.11,0,32,9.9308
2138,30,16,0,1360.696082,0,26.11,0,32,12.812
2139,13,12,0,1360.694721,0,26.11,0,24,0.4852
2140,16,6,0,1360.69336,0,26.11,0,12,9.3664
2141,11,5,0,1360.692,0,26.11,0,10,5.5644
2142,13,6,0,1360.690639,0,26.11,0,12,6.4852
2143,14,5,0,1360.689278,0,26.11,0,10,8.4456
2144,11,5,0,1360.687918,0,26.11,0,10,5.5644
2145,7,5,0,1360.686557,0,26.11,0,10,1.7228
2146,4,6,0,1359.561498,2.247396918,26.11,0,12,0
2147,1,7,0,1356.415823,6.288629738,26.11,0,14,0
2148,0,6,0,1353.290768,6.247396918,26.11,0,12,0
2149,0,7,0,1349.6451,7.288629738,26.11,0,14,0
2150,0,7,0,1345.999436,7.288629738,26.11,0,14,0
2151,0,8,0,1341.833159,8.329862557,26.11,0,16,0
2152,0,6,0,1338.708118,6.247396918,26.11,0,12,0
2153,0,7,0,1335.062465,7.288629738,26.11,0,14,0
2154,0,6,0,1331.937431,6.247396918,26.11,0,12,0
2155,0,6,0,1328.812401,6.247396918,26.11,0,12,0
2156,0,6,0,1325.687373,6.247396918,26.11,0,12,0
2157,0,6,0,1322.562349,6.247396918,26.11,0,12,0
2158,0,6,0,1319.437328,6.247396918,26.11,0,12,0
2159,0,7,0,1315.791694,7.288629738,26.11,0,14,0
2160,0,6,0,1312.66668,6.247396918,26.11,0,12,0
2161,0,6,0,1309.541669,6.247396918,26.11,0,12,0
2162,0,6,0,1306.416661,6.247396918,26.11,0,12,0
2163,0,6,0,1303.291656,6.247396918,26.11,0,12,0
2164,0,6,0,1300.166654,6.247396918,26.11,0,12,0
2165,0,7,0,1296.521039,7.288629738,26.11,0,14,0
2166,0,6,0,1293.396044,6.247396918,26.11,0,12,0
2167,0,6,0,1290.271052,6.247396918,26.11,0,12,0
2168,0,5,0,1287.66668,5.206164098,26.11,0,10,0
2169,0,5,0,1285.06231,5.206164098,26.11,0,10,0
2170,3,6,0,1283.437327,3.247396918,26.11,0,12,0
2171,10,5,0,1283.436043,0,26.11,0,10,4.604
2172,22,6,0,1284.99916,-3.1288,26.11,0,12,12
2173,18,6,0,1284.997875,0,26.11,0,12,11.2872
2174,31,6,0,1290.88279,-11.7724,26.11,0,12,12
2175,61,7,0,1309.673699,-37.5844,26.11,0,14,14
2176,61,6,0,1329.964589,-40.5844,26.11,0,12,12
2177,47,7,0,1342.032659,-24.1388,26.11,0,14,14
2178,72,6,0,1367.605717,-51.1488,26.11,0,12,12
2179,102,7,0,1406.08475,-76.9608,26.11,0,14,14
2180,105,7,0,1446.004343,-79.842,26.11,0,14,14
2181,103,7,0,1484.963497,-77.9212,26.11,0,14,14
2182,103,8,0,1522.422612,-74.9212,26.11,0,16,16
2183,103,8,0,1559.88169,-74.9212,26.11,0,16,16
2184,78,8,0,1585.33573,-50.9112,26.11,0,16,16
2185,96,9,0,1617.933345,-65.1984,26.11,0,18,18
2186,99,8,0,1653.471527,-71.0796,26.11,0,16,16
2187,88,9,0,1682.227473,-57.5152,26.11,0,18,18
2188,87,8,0,1712.003191,-59.5548,26.11,0,16,16
2189,83,8,0,1739.858079,-55.7132,26.11,0,16,16
2190,77,8,0,1764.831739,-49.9508,26.11,0,16,16
2191,49,8,0,1776.359775,-23.0596,26.11,0,16,16
2192,37,8,0,1782.125398,-11.5348,26.11,0,16,16
2193,15,6,0,1782.123616,0,26.11,0,12,8.406
2194,16,7,0,1782.121834,0,26.11,0,14,8.3664
2195,9,6,0,1782.120052,0,26.11,0,12,2.6436
2196,0,7,0,1778.473955,7.288629738,26.11,0,14,0
2197,0,7,0,1774.827861,7.288629738,26.11,0,14,0
2198,0,6,0,1771.702388,6.247396918,26.11,0,12,0
2199,0,6,0,1768.576918,6.247396918,26.11,0,12,0
2200,0,6,0,1765.451451,6.247396918,26.11,0,12,0
2201,0,5,0,1762.846603,5.206164098,26.11,0,10,0
2202,0,6,0,1759.721142,6.247396918,26.11,0,12,0
2203,0,5,0,1757.1163,5.206164098,26.11,0,10,0
2204,0,6,0,1753.990845,6.247396918,26.11,0,12,0
2205,0,5,0,1751.386009,5.206164098,26.11,0,10,0
2206,0,5,0,1748.781175,5.206164098,26.11,0,10,0
2207,0,6,0,1745.655728,6.247396918,26.11,0,12,0
2208,0,5,0,1743.0509,5.206164098,26.11,0,10,0
2209,0,6,0,1739.925459,6.247396918,26.11,0,12,0
2210,0,7,0,1736.279404,7.288629738,26.11,0,14,0
2211,0,6,0,1733.153969,6.247396918,26.11,0,12,0
2212,0,6,0,1730.028538,6.247396918,26.11,0,12,0
2213,0,6,0,1726.903109,6.247396918,26.11,0,12,0
2214,0,6,0,1723.777684,6.247396918,26.11,0,12,0
2215,0,7,0,1720.131645,7.288629738,26.11,0,14,0
2216,0,6,0,1717.006227,6.247396918,26.11,0,12,0
2217,1,6,0,1714.380811,5.247396918,26.11,0,12,0
2218,7,6,0,1714.379097,0,26.11,0,12,0.7228
2219,7,6,0,1714.377382,0,26.11,0,12,0.7228
2220,22,6,0,1715.940068,-3.1288,26.11,0,12,12
2221,22,7,0,1716.002752,-0.1288,26.11,0,14,14
2222,22,6,0,1717.565436,-3.1288,26.11,0,12,12
2223,65,7,0,1738.276719,-41.426,26.11,0,14,14
2224,74,37,0,1738.27498,0,26.11,0,74,34.0696
2225,66,39,0,1738.273242,0,26.11,0,78,24.3864
2226,84,44,0,1738.271504,0,26.11,0,88,36.6736
2227,101,60,0,1738.269765,0,26.11,0,120,37.0004
2228,103,52,0,1738.268027,0,26.11,0,104,46.9212
2229,105,44,0,1738.266289,0,26.11,0,88,56.842
2230,105,43,0,1738.264551,0,26.11,0,86,57.842
2231,104,20,0,1758.203612,-39.8816,26.11,0,40,40
2232,98,47,0,1758.201854,0,26.11,0,94,47.1192
2233,84,63,0,1758.200096,0,26.11,0,126,17.6736
2234,80,68,0,1758.198338,0,26.11,0,136,8.832
2235,54,49,0,1758.19658,0,26.11,0,98,2.8616
2236,58,47,0,1758.194821,0,26.11,0,94,8.7032
2237,84,47,0,1758.193063,0,26.11,0,94,33.6736
2238,73,66,0,1758.191305,0,26.11,0,132,4.1092
2239,39,51,0,1751.13811,14.1028738,26.11,0,102,0
2240,39,45,0,1747.20862,7.855476885,26.11,0,90,0
2241,26,43,0,1737.820367,18.77301125,26.11,0,86,0
2242,15,41,0,1723.973357,27.69054561,26.11,0,82,0
2243,6,38,0,1707.188209,33.56684715,26.11,0,76,0
2244,1,39,0,1687.382462,39.60807997,26.11,0,78,0
2245,0,20,0,1676.968447,20.82465639,26.11,0,40,0
2246,0,7,0,1673.322455,7.288629738,26.11,0,14,0
2247,0,6,0,1670.197083,6.247396918,26.11,0,12,0
2248,0,6,0,1667.071714,6.247396918,26.11,0,12,0
2249,0,6,0,1663.946349,6.247396918,26.11,0,12,0
2250,0,6,0,1660.820986,6.247396918,26.11,0,12,0
2251,0,5,0,1658.216243,5.206164098,26.11,0,10,0
2252,0,6,0,1655.090887,6.247396918,26.11,0,12,0
2253,0,6,0,1651.965533,6.247396918,26.11,0,12,0
2254,0,6,0,1648.840183,6.247396918,26.11,0,12,0
2255,0,6,0,1645.714836,6.247396918,26.11,0,12,0
2256,0,7,0,1642.068875,7.288629738,26.11,0,14,0
2257,0,6,0,1638.943534,6.247396918,26.11,0,12,0
2258,0,6,0,1635.818197,6.247396918,26.11,0,12,0
2259,0,7,0,1632.172246,7.288629738,26.11,0,14,0
2260,0,6,0,1629.046916,6.247396918,26.11,0,12,0
2261,0,5,0,1626.442205,5.206164098,26.11,0,10,0
2262,0,6,0,1623.31688,6.247396918,26.11,0,12,0
2263,0,5,0,1620.712174,5.206164098,26.11,0,10,0
2264,0,6,0,1617.586855,6.247396918,26.11,0,12,0
2265,0,5,0,1614.982156,5.206164098,26.11,0,10,0
2266,3,6,0,1613.356842,3.247396918,26.11,0,12,0
2267,6,6,0,1613.23153,0.247396918,26.11,0,12,0
2268,8,6,0,1613.229917,0,26.11,0,12,1.6832
2269,17,6,0,1613.228304,0,26.11,0,12,10.3268
2270,21,7,0,1613.226691,0,26.11,0,14,13.1684
2271,22,6,0,1614.789477,-3.1288,26.11,0,12,12
2272,52,22,0,1614.787863,0,26.11,0,44,27.9408
2273,60,35,0,1614.786248,0,26.11,0,70,22.624
2274,78,35,0,1614.784633,0,26.11,0,70,39.9112
2275,82,35,0,1614.783018,0,26.11,0,70,43.7528
2276,78,35,0,1614.781403,0,26.11,0,70,39.9112
2277,65,41,0,1614.779789,0,26.11,0,82,21.426
2278,82,44,0,1614.778174,0,26.11,0,88,34.7528
2279,105,33,0,1615.697559,-1.842,26.11,0,66,66
2280,102,69,0,1615.695943,0,26.11,0,138,28.9608
2281,105,66,0,1615.694328,0,26.11,0,132,34.842
2282,105,48,0,1615.692712,0,26.11,0,96,52.842
2283,100,46,0,1615.691096,0,26.11,0,92,50.04
2284,95,47,0,1615.689481,0,26.11,0,94,44.238
2285,79,44,0,1615.687865,0,26.11,0,88,31.8716
2286,73,44,0,1615.686249,0,26.11,0,88,26.1092
2287,55,62,0,1610.906416,9.556434819,26.11,0,124,0
2288,47,54,0,1606.291519,9.226572262,26.11,0,108,0
2289,26,38,0,1599.506489,13.56684715,26.11,0,76,0
2290,11,30,0,1589.386397,20.23698459,26.11,0,60,0
2291,8,33,0,1576.204467,26.36068305,26.11,0,66,0
2292,2,31,0,1561.063782,30.27821741,26.11,0,62,0
2293,0,29,0,1545.964345,30.19575177,26.11,0,58,0
2294,0,18,0,1536.591703,18.74219075,26.11,0,36,0
2295,0,6,0,1533.466468,6.247396918,26.11,0,12,0
2296,0,6,0,1530.341236,6.247396918,26.11,0,12,0
2297,0,6,0,1527.216008,6.247396918,26.11,0,12,0
2298,0,6,0,1524.090782,6.247396918,26.11,0,12,0
2299,0,5,0,1521.486176,5.206164098,26.11,0,10,0
2300,0,6,0,1518.360956,6.247396918,26.11,0,12,0
2301,0,5,0,1515.756355,5.206164098,26.11,0,10,0
2302,0,6,0,1512.631141,6.247396918,26.11,0,12,0
2303,0,5,0,1510.026546,5.206164098,26.11,0,10,0
2304,0,7,0,1506.380722,7.288629738,26.11,0,14,0
2305,0,6,0,1503.255517,6.247396918,26.11,0,12,0
2306,0,7,0,1499.609699,7.288629738,26.11,0,14,0
2307,0,6,0,1496.484501,6.247396918,26.11,0,12,0
2308,0,6,0,1493.359306,6.247396918,26.11,0,12,0
2309,0,7,0,1489.713497,7.288629738,26.11,0,14,0
2310,0,6,0,1486.588309,6.247396918,26.11,0,12,0
2311,0,6,0,1483.463124,6.247396918,26.11,0,12,0
2312,0,7,0,1479.817326,7.288629738,26.11,0,14,0
2313,2,6,0,1477.692148,4.247396918,26.11,0,12,0
2314,10,7,0,1477.69067,0,26.11,0,14,2.604
2315,12,6,0,1477.689192,0,26.11,0,12,5.5248
2316,12,6,0,1477.687714,0,26.11,0,12,5.5248
2317,22,7,0,1477.750637,-0.1288,26.11,0,14,14
2318,52,6,0,1493.719559,-31.9408,26.11,0,12,12
2319,60,7,0,1512.030065,-36.624,26.11,0,14,14
2320,64,19,0,1514.261353,-4.4656,26.11,0,38,38
2321,97,33,0,1514.259839,0,26.11,0,66,60.1588
2322,100,33,0,1514.258325,0,26.11,0,66,63.04
2323,88,38,0,1514.256811,0,26.11,0,76,46.5152
2324,91,38,0,1514.255296,0,26.11,0,76,49.3964
2325,60,45,0,1514.253782,0,26.11,0,90,12.624
2326,72,43,0,1514.252268,0,26.11,0,86,26.1488
2327,58,18,0,1515.102354,-1.7032,26.11,0,36,36
2328,62,44,0,1515.100838,0,26.11,0,88,15.5448
2329,85,46,0,1515.099323,0,26.11,0,92,35.634
2330,74,44,0,1515.097808,0,26.11,0,88,27.0696
2331,48,43,0,1515.096293,0,26.11,0,86,3.0992
2332,34,39,0,1511.790738,6.608079967,26.11,0,78,0
2333,43,38,0,1511.789226,0,26.11,0,76,3.2972
2334,40,57,0,1502.112579,19.35027072,26.11,0,114,0
2335,25,36,0,1495.868886,12.48438151,26.11,0,72,0
2336,28,36,0,1491.1252,9.484381508,26.11,0,72,0
2337,22,35,0,1483.902134,14.44314869,26.11,0,70,0
2338,14,33,0,1473.720309,20.36068305,26.11,0,66,0
2339,7,31,0,1461.079726,25.27821741,26.11,0,62,0
2340,0,31,0,1444.939156,32.27821741,26.11,0,62,0
2341,0,26,0,1431.401685,27.07205331,26.11,0,52,0
2342,0,22,0,1419.946692,22.90712203,26.11,0,44,0
2343,0,6,0,1416.821574,6.247396918,26.11,0,12,0
2344,0,7,0,1413.175842,7.288629738,26.11,0,14,0
2345,0,5,0,1410.571347,5.206164098,26.11,0,10,0
2346,0,6,0,1407.446238,6.247396918,26.11,0,12,0
2347,0,5,0,1404.841749,5.206164098,26.11,0,10,0
2348,0,6,0,1401.716645,6.247396918,26.11,0,12,0
2349,0,6,0,1398.591545,6.247396918,26.11,0,12,0
2350,0,6,0,1395.466448,6.247396918,26.11,0,12,0
2351,0,7,0,1391.820738,7.288629738,26.11,0,14,0
2352,0,6,0,1388.695647,6.247396918,26.11,0,12,0
2353,0,6,0,1385.57056,6.247396918,26.11,0,12,0
2354,0,7,0,1381.92486,7.288629738,26.11,0,14,0
2355,0,6,0,1378.79978,6.247396918,26.11,0,12,0
2356,0,7,0,1375.154086,7.288629738,26.11,0,14,0
2357,0,6,0,1372.029012,6.247396918,26.11,0,12,0
2358,0,6,0,1368.903942,6.247396918,26.11,0,12,0
2359,0,7,0,1365.258258,7.288629738,26.11,0,14,0
2360,0,6,0,1362.133194,6.247396918,26.11,0,12,0
2361,1,6,0,1359.508134,5.247396918,26.11,0,12,0
2362,7,5,0,1359.506774,0,26.11,0,10,1.7228
2363,16,6,0,1359.505415,0,26.11,0,12,9.3664
2364,30,6,0,1364.910055,-10.812,26.11,0,12,12
2365,42,6,0,1376.07709,-22.3368,26.11,0,12,12
2366,53,6,0,1392.526314,-32.9012,26.11,0,12,12
2367,66,8,0,1412.218122,-39.3864,26.11,0,16,16
2368,76,17,0,1423.211909,-21.9904,26.11,0,34,34
2369,82,43,0,1423.210486,0,26.11,0,86,35.7528
2370,89,33,0,1423.209063,0,26.11,0,66,52.4756
2371,95,59,0,1423.20764,0,26.11,0,118,32.238
2372,103,49,0,1423.206217,0,26.11,0,98,49.9212
2373,105,41,0,1423.204793,0,26.11,0,82,59.842
2374,105,41,0,1423.20337,0,26.11,0,82,59.842
2375,105,30,0,1428.622947,-10.842,26.11,0,60,60
2376,90,60,0,1428.621518,0,26.11,0,120,26.436
2377,86,75,0,1428.62009,0,26.11,0,150,7.5944
2378,99,71,0,1428.618661,0,26.11,0,142,24.0796
2379,100,65,0,1428.617232,0,26.11,0,130,31.04
2380,95,59,0,1428.615804,0,26.11,0,118,32.238
2381,81,41,0,1428.614375,0,26.11,0,82,36.7924
2382,75,42,0,1428.612947,0,26.11,0,84,30.03
2383,57,41,0,1428.611518,0,26.11,0,82,13.7428
2384,51,38,0,1428.610089,0,26.11,0,76,10.9804
2385,29,37,0,1423.845854,9.525614327,26.11,0,74,0
2386,21,36,0,1415.602239,16.48438151,26.11,0,72,0
2387,9,34,0,1402.399865,26.40191587,26.11,0,68,0
2388,1,26,0,1389.362436,26.07205331,26.11,0,52,0
2389,0,8,0,1385.196116,8.329862557,26.11,0,16,0
2390,0,7,0,1381.550416,7.288629738,26.11,0,14,0
2391,0,6,0,1378.425336,6.247396918,26.11,0,12,0
2392,0,7,0,1374.779642,7.288629738,26.11,0,14,0
2393,0,5,0,1372.175186,5.206164098,26.11,0,10,0
2394,0,6,0,1369.050115,6.247396918,26.11,0,12,0
2395,0,5,0,1366.445664,5.206164098,26.11,0,10,0
2396,0,6,0,1363.320599,6.247396918,26.11,0,12,0
2397,0,5,0,1360.716154,5.206164098,26.11,0,10,0
2398,0,6,0,1357.591094,6.247396918,26.11,0,12,0
2399,0,6,0,1354.466038,6.247396918,26.11,0,12,0
2400,0,5,0,1351.861602,5.206164098,26.11,0,10,0
2401,0,6,0,1348.736552,6.247396918,26.11,0,12,0
2402,0,6,0,1345.611504,6.247396918,26.11,0,12,0
2403,0,5,0,1343.007077,5.206164098,26.11,0,10,0
2404,0,6,0,1339.882035,6.247396918,26.11,0,12,0
2405,0,5,0,1337.277613,5.206164098,26.11,0,10,0
2406,0,6,0,1334.152578,6.247396918,26.11,0,12,0
2407,0,5,0,1331.548161,5.206164098,26.11,0,10,0
2408,0,6,0,1328.423131,6.247396918,26.11,0,12,0
2409,1,6,0,1325.798104,5.247396918,26.11,0,12,0
2410,5,7,0,1324.652464,2.288629738,26.11,0,14,0
2411,16,6,0,1324.651139,0,26.11,0,12,9.3664
2412,30,7,0,1328.555814,-7.812,26.11,0,14,14
2413,43,7,0,1338.703086,-20.2972,26.11,0,14,14
2414,54,7,0,1354.132547,-30.8616,26.11,0,14,14
2415,64,7,0,1374.363993,-40.4656,26.11,0,14,14
2416,75,21,0,1378.877619,-9.03,26.11,0,42,42
2417,82,28,0,1378.87624,0,26.11,0,56,50.7528
2418,92,26,0,1384.053261,-10.3568,26.11,0,52,52
2419,102,26,0,1394.032277,-19.9608,26.11,0,52,52
2420,104,32,0,1395.971683,-3.8816,26.11,0,64,64
2421,105,35,0,1395.970287,0,26.11,0,70,65.842
2422,105,36,0,1395.968891,0,26.11,0,72,64.842
2423,101,16,0,1420.467695,-49.0004,26.11,0,32,32
2424,105,34,0,1420.466275,0,26.11,0,68,66.842
2425,105,40,0,1420.464854,0,26.11,0,80,60.842
2426,105,39,0,1420.463434,0,26.11,0,78,61.842
2427,95,50,0,1420.462013,0,26.11,0,100,41.238
2428,89,55,0,1420.460593,0,26.11,0,110,30.4756
2429,72,40,0,1420.459172,0,26.11,0,80,29.1488
2430,68,39,0,1420.457752,0,26.11,0,78,26.3072
2431,55,40,0,1420.456331,0,26.11,0,80,12.822
2432,49,39,0,1420.454911,0,26.11,0,78,8.0596
2433,28,37,0,1415.190683,10.52561433,26.11,0,74,0
2434,11,22,0,1409.235707,11.90712203,26.11,0,44,0
2435,3,11,0,1405.007517,8.453561016,26.11,0,22,0
2436,1,11,0,1399.779332,10.45356102,26.11,0,22,0
2437,0,10,0,1394.571768,10.4123282,26.11,0,20,0
2438,0,7,0,1390.926058,7.288629738,26.11,0,14,0
2439,0,6,0,1387.800969,6.247396918,26.11,0,12,0
2440,0,6,0,1384.675883,6.247396918,26.11,0,12,0
2441,0,6,0,1381.5508,6.247396918,26.11,0,12,0
2442,0,6,0,1378.42572,6.247396918,26.11,0,12,0
2443,0,5,0,1375.821259,5.206164098,26.11,0,10,0
2444,0,6,0,1372.696185,6.247396918,26.11,0,12,0
2445,0,6,0,1369.571114,6.247396918,26.11,0,12,0
2446,0,6,0,1366.446046,6.247396918,26.11,0,12,0
2447,0,5,0,1363.841597,5.206164098,26.11,0,10,0
2448,0,7,0,1360.195918,7.288629738,26.11,0,14,0
2449,0,6,0,1357.07086,6.247396918,26.11,0,12,0
2450,0,7,0,1353.425188,7.288629738,26.11,0,14,0
2451,0,6,0,1350.300136,6.247396918,26.11,0,12,0
2452,0,6,0,1347.175087,6.247396918,26.11,0,12,0
2453,0,7,0,1343.529425,7.288629738,26.11,0,14,0
2454,0,6,0,1340.404383,6.247396918,26.11,0,12,0
2455,0,7,0,1336.758728,7.288629738,26.11,0,14,0
2456,0,6,0,1333.633693,6.247396918,26.11,0,12,0
2457,1,6,0,1331.008661,5.247396918,26.11,0,12,0
2458,4,7,0,1329.363015,3.288629738,26.11,0,14,0
2459,12,5,0,1329.361685,0,26.11,0,10,6.5248
2460,22,6,0,1330.924756,-3.1288,26.11,0,12,12
2461,23,6,0,1332.968025,-4.0892,26.11,0,12,12
2462,48,5,0,1348.516292,-31.0992,26.11,0,10,10
2463,62,7,0,1367.787344,-38.5448,26.11,0,14,14
2464,71,7,0,1391.380176,-47.1884,26.11,0,14,14
2465,82,8,0,1418.755184,-54.7528,26.11,0,16,16
2466,75,8,0,1442.768766,-48.03,26.11,0,16,16
2467,100,7,0,1480.287323,-75.04,26.11,0,14,14
2468,105,8,0,1518.706843,-76.842,26.11,0,16,16
2469,102,8,0,1555.685724,-73.9608,26.11,0,16,16
2470,104,7,0,1595.124968,-78.8816,26.11,0,14,14
2471,105,8,0,1633.544373,-76.842,26.11,0,16,16
2472,100,7,0,1671.06274,-75.04,26.11,0,14,14
2473,97,8,0,1705.640469,-69.1588,26.11,0,16,16
2474,90,8,0,1736.856763,-62.436,26.11,0,16,16
2475,82,7,0,1765.731426,-57.7528,26.11,0,14,14
2476,71,8,0,1787.82386,-44.1884,26.11,0,16,16
2477,54,7,0,1803.252872,-30.8616,26.11,0,14,14
2478,51,8,0,1815.741269,-24.9804,26.11,0,16,16
2479,58,7,0,1833.091053,-34.7032,26.11,0,14,14
2480,51,8,0,1845.57942,-24.9804,26.11,0,16,16
2481,31,7,0,1849.963775,-8.7724,26.11,0,14,14
2482,24,7,0,1850.986725,-2.0496,26.11,0,14,14
2483,10,6,0,1850.984874,0,26.11,0,12,3.604
2484,7,7,0,1850.838708,0.288629738,26.11,0,14,0
2485,0,7,0,1847.192542,7.288629738,26.11,0,14,0
2486,0,7,0,1843.54638,7.288629738,26.11,0,14,0
2487,0,6,0,1840.420838,6.247396918,26.11,0,12,0
2488,0,7,0,1836.774683,7.288629738,26.11,0,14,0
2489,0,5,0,1834.169764,5.206164098,26.11,0,10,0
2490,0,6,0,1831.044231,6.247396918,26.11,0,12,0
2491,0,5,0,1828.439318,5.206164098,26.11,0,10,0
2492,0,6,0,1825.313791,6.247396918,26.11,0,12,0
2493,0,5,0,1822.708884,5.206164098,26.11,0,10,0
2494,0,6,0,1819.583363,6.247396918,26.11,0,12,0
2495,0,6,0,1816.457845,6.247396918,26.11,0,12,0
2496,0,5,0,1813.852946,5.206164098,26.11,0,10,0
2497,0,6,0,1810.727434,6.247396918,26.11,0,12,0
2498,0,5,0,1808.122541,5.206164098,26.11,0,10,0
2499,0,6,0,1804.997035,6.247396918,26.11,0,12,0
2500,0,7,0,1801.350915,7.288629738,26.11,0,14,0
2501,0,6,0,1798.225415,6.247396918,26.11,0,12,0
2502,0,7,0,1794.579302,7.288629738,26.11,0,14,0
2503,0,6,0,1791.453809,6.247396918,26.11,0,12,0
2504,0,7,0,1787.807703,7.288629738,26.11,0,14,0
2505,1,6,0,1785.182216,5.247396918,26.11,0,12,0
2506,7,7,0,1785.036116,0.288629738,26.11,0,14,0
2507,13,6,0,1785.034331,0,26.11,0,12,6.4852
2508,22,7,0,1785.096946,-0.1288,26.11,0,14,14
2509,43,6,0,1796.743761,-23.2972,26.11,0,12,12
2510,55,7,0,1812.652964,-31.822,26.11,0,14,14
2511,68,7,0,1834.804752,-44.3072,26.11,0,14,14
2512,73,7,0,1859.357517,-49.1092,26.11,0,14,14
2513,78,7,0,1886.311258,-53.9112,26.11,0,14,14
2514,79,8,0,1912.245171,-51.8716,26.11,0,16,16
2515,77,8,0,1937.218659,-49.9508,26.11,0,16,16
2516,78,8,0,1962.672322,-50.9112,26.11,0,16,16
2517,48,8,0,1973.719959,-22.0992,26.11,0,16,16
2518,58,7,0,1991.069585,-34.7032,26.11,0,14,14
2519,96,8,0,2025.166794,-68.1984,26.11,0,16,16
2520,100,8,0,2061.184769,-72.04,26.11,0,16,16
2521,92,8,0,2093.361108,-64.3568,26.11,0,16,16
2522,90,8,0,2124.577015,-62.436,26.11,0,16,16
2523,99,8,0,2160.11469,-71.0796,26.11,0,16,16
2524,94,8,0,2193.25133,-66.2776,26.11,0,16,16
2525,74,8,0,2216.783937,-47.0696,26.11,0,16,16
2526,67,8,0,2236.95512,-40.3468,26.11,0,16,16
2527,32,8,0,2240.319283,-6.7328,26.11,0,16,16
2528,24,8,0,2240.317043,0,26.11,0,16,15.0496
2529,11,8,0,2240.314802,0,26.11,0,16,2.5644
2530,4,6,0,2239.188864,2.247396918,26.11,0,12,0
2531,1,7,0,2236.042309,6.288629738,26.11,0,14,0
2532,0,6,0,2232.916375,6.247396918,26.11,0,12,0
2533,0,6,0,2229.790444,6.247396918,26.11,0,12,0
2534,0,7,0,2226.143899,7.288629738,26.11,0,14,0
2535,0,7,0,2222.497358,7.288629738,26.11,0,14,0
2536,0,6,0,2219.371437,6.247396918,26.11,0,12,0
2537,0,6,0,2216.245519,6.247396918,26.11,0,12,0
2538,0,6,0,2213.119604,6.247396918,26.11,0,12,0
2539,0,6,0,2209.993693,6.247396918,26.11,0,12,0
2540,0,6,0,2206.867784,6.247396918,26.11,0,12,0
2541,0,5,0,2204.262495,5.206164098,26.11,0,10,0
2542,0,6,0,2201.136593,6.247396918,26.11,0,12,0
2543,0,6,0,2198.010693,6.247396918,26.11,0,12,0
2544,0,6,0,2194.884797,6.247396918,26.11,0,12,0
2545,0,7,0,2191.238287,7.288629738,26.11,0,14,0
2546,0,6,0,2188.112397,6.247396918,26.11,0,12,0
2547,0,7,0,2184.465894,7.288629738,26.11,0,14,0
2548,0,6,0,2181.340011,6.247396918,26.11,0,12,0
2549,0,7,0,2177.693515,7.288629738,26.11,0,14,0
2550,0,6,0,2174.567639,6.247396918,26.11,0,12,0
2551,0,6,0,2171.441766,6.247396918,26.11,0,12,0
2552,0,7,0,2167.79528,7.288629738,26.11,0,14,0
2553,1,6,0,2165.169413,5.247396918,26.11,0,12,0
2554,4,6,0,2164.04355,2.247396918,26.11,0,12,0
2555,9,6,0,2164.041386,0,26.11,0,12,2.6436
2556,22,6,0,2165.603622,-3.1288,26.11,0,12,12
2557,21,6,0,2166.685656,-2.1684,26.11,0,12,12
2558,14,5,0,2166.683489,0,26.11,0,10,8.4456
2559,22,6,0,2168.245723,-3.1288,26.11,0,12,12
2560,23,20,0,2168.243554,0,26.11,0,40,2.0892
2561,24,27,0,2166.184743,4.113286131,26.11,0,54,0
2562,19,28,0,2161.105317,10.15451895,26.11,0,56,0
2563,20,29,0,2156.00528,10.19575177,26.11,0,58,0
2564,27,47,0,2145.034153,21.93794252,26.11,0,94,0
2565,15,56,0,2123.377489,43.3090379,26.11,0,112,0
2566,17,39,0,2111.571326,23.60807997,26.11,0,78,0
2567,37,17,0,2111.569214,0,26.11,0,34,18.5348
2568,43,32,0,2111.567103,0,26.11,0,64,9.2972
2569,18,37,0,2101.302184,20.52561433,26.11,0,74,0
2570,30,36,0,2097.557892,7.484381508,26.11,0,72,0
2571,22,46,0,2084.60744,25.8967097,26.11,0,92,0
2572,25,61,0,2065.347754,38.515202,26.11,0,122,0
2573,48,42,0,2065.345689,0,26.11,0,84,4.0992
2574,37,35,0,2065.343623,0,26.11,0,70,0.5348
2575,15,35,0,2054.619984,21.44314869,26.11,0,70,0
2576,8,34,0,2040.916971,27.40191587,26.11,0,68,0
2577,10,30,0,2030.296438,21.23698459,26.11,0,60,0
2578,3,28,0,2017.217148,26.15451895,26.11,0,56,0
2579,2,29,0,2003.117255,28.19575177,26.11,0,58,0
2580,0,28,0,1988.537992,29.15451895,26.11,0,56,0
2581,0,26,0,1974.999977,27.07205331,26.11,0,52,0
2582,0,7,0,1971.353687,7.288629738,26.11,0,14,0
2583,0,6,0,1968.228017,6.247396918,26.11,0,12,0
2584,0,7,0,1964.581734,7.288629738,26.11,0,14,0
2585,0,6,0,1961.456071,6.247396918,26.11,0,12,0
2586,0,5,0,1958.851028,5.206164098,26.11,0,10,0
2587,0,6,0,1955.72537,6.247396918,26.11,0,12,0
2588,0,6,0,1952.599716,6.247396918,26.11,0,12,0
2589,0,7,0,1948.953449,7.288629738,26.11,0,14,0
2590,0,6,0,1945.827801,6.247396918,26.11,0,12,0
2591,0,7,0,1942.181541,7.288629738,26.11,0,14,0
2592,0,6,0,1939.0559,6.247396918,26.11,0,12,0
2593,0,7,0,1935.409646,7.288629738,26.11,0,14,0
2594,0,6,0,1932.284012,6.247396918,26.11,0,12,0
2595,0,7,0,1928.637765,7.288629738,26.11,0,14,0
2596,0,6,0,1925.512138,6.247396918,26.11,0,12,0
2597,0,7,0,1921.865898,7.288629738,26.11,0,14,0
2598,0,6,0,1918.740277,6.247396918,26.11,0,12,0
2599,0,7,0,1915.094044,7.288629738,26.11,0,14,0
2600,0,6,0,1911.96843,6.247396918,26.11,0,12,0
2601,0,7,0,1908.322203,7.288629738,26.11,0,14,0
2602,0,6,0,1905.196597,6.247396918,26.11,0,12,0
2603,0,7,0,1901.550376,7.288629738,26.11,0,14,0
2604,4,5,0,1900.945393,1.206164098,26.11,0,10,0
2605,4,6,0,1899.819793,2.247396918,26.11,0,12,0
2606,9,5,0,1899.817894,0,26.11,0,10,3.6436
2607,6,7,0,1899.171679,1.288629738,26.11,0,14,0
2608,18,16,0,1899.16978,0,26.11,0,32,1.2872
2609,23,22,0,1899.167881,0,26.11,0,44,0.0892
2610,25,23,0,1899.165981,0,26.11,0,46,1.01
2611,25,22,0,1899.164082,0,26.11,0,44,2.01
2612,16,22,0,1895.708622,6.907122032,26.11,0,44,0
2613,25,42,0,1886.340837,18.73177843,26.11,0,84,0
2614,27,31,0,1883.699842,5.278217409,26.11,0,62,0
2615,21,40,0,1873.373302,20.64931279,26.11,0,80,0
2616,22,43,0,1861.984923,22.77301125,26.11,0,86,0
2617,27,50,0,1849.452241,25.06164098,26.11,0,100,0
2618,31,29,0,1849.450391,0,26.11,0,58,0.7724
2619,36,19,0,1849.448542,0,26.11,0,38,15.5744
2620,29,22,0,1849.446692,0,26.11,0,44,5.8516
2621,17,44,0,1835.037721,28.81424406,26.11,0,88,0
2622,19,32,0,1827.876161,14.31945023,26.11,0,64,0
2623,35,27,0,1827.874333,0,26.11,0,54,6.614
2624,18,28,0,1822.295245,11.15451895,26.11,0,56,0
2625,6,27,0,1811.23678,22.11328613,26.11,0,54,0
2626,2,27,0,1798.178326,26.11328613,26.11,0,54,0
2627,0,25,0,1785.161117,26.03082049,26.11,0,50,0
2628,0,22,0,1773.705771,22.90712203,26.11,0,44,0
2629,0,7,0,1770.059683,7.288629738,26.11,0,14,0
2630,0,7,0,1766.413598,7.288629738,26.11,0,14,0
2631,0,6,0,1763.288133,6.247396918,26.11,0,12,0
2632,0,7,0,1759.642055,7.288629738,26.11,0,14,0
2633,0,5,0,1757.037213,5.206164098,26.11,0,10,0
2634,0,6,0,1753.911757,6.247396918,26.11,0,12,0
2635,0,5,0,1751.306921,5.206164098,26.11,0,10,0
2636,0,6,0,1748.181472,6.247396918,26.11,0,12,0
2637,0,7,0,1744.535409,7.288629738,26.11,0,14,0
2638,0,6,0,1741.409966,6.247396918,26.11,0,12,0
2639,0,7,0,1737.763909,7.288629738,26.11,0,14,0
2640,0,6,0,1734.638473,6.247396918,26.11,0,12,0
2641,0,7,0,1730.992424,7.288629738,26.11,0,14,0
2642,0,6,0,1727.866994,6.247396918,26.11,0,12,0
2643,0,7,0,1724.220951,7.288629738,26.11,0,14,0
2644,0,6,0,1721.095529,6.247396918,26.11,0,12,0
2645,0,7,0,1717.449493,7.288629738,26.11,0,14,0
2646,0,6,0,1714.324077,6.247396918,26.11,0,12,0
2647,0,7,0,1710.678048,7.288629738,26.11,0,14,0
2648,0,6,0,1707.552639,6.247396918,26.11,0,12,0
2649,0,7,0,1703.906616,7.288629738,26.11,0,14,0
2650,2,6,0,1701.781214,4.247396918,26.11,0,12,0
2651,8,7,0,1701.779512,0,26.11,0,14,0.6832
2652,16,6,0,1701.77781,0,26.11,0,12,9.3664
2653,15,7,0,1701.776108,0,26.11,0,14,7.406
2654,16,6,0,1701.774407,0,26.11,0,12,9.3664
2655,34,7,0,1707.599505,-11.6536,26.11,0,14,14
2656,41,13,0,1707.785997,-0.3764,26.11,0,26,26
2657,74,23,0,1708.819089,-2.0696,26.11,0,46,46
2658,70,31,0,1708.817381,0,26.11,0,62,36.228
2659,79,49,0,1708.815672,0,26.11,0,98,26.8716
2660,83,43,0,1708.813963,0,26.11,0,86,36.7132
2661,72,35,0,1708.812254,0,26.11,0,70,34.1488
2662,102,36,0,1708.810545,0,26.11,0,72,61.9608
2663,91,26,0,1713.507037,-9.3964,26.11,0,52,52
2664,97,58,0,1713.505323,0,26.11,0,116,35.1588
2665,51,58,0,1708.807858,9.39150354,26.11,0,116,0
2666,72,65,0,1708.806149,0,26.11,0,130,4.1488
2667,31,72,0,1686.820059,43.96876302,26.11,0,144,0
2668,24,44,0,1675.91125,21.81424406,26.11,0,88,0
2669,52,43,0,1675.909574,0,26.11,0,86,6.9408
2670,33,56,0,1663.253379,25.3090379,26.11,0,112,0
2671,34,36,0,1661.509525,3.484381508,26.11,0,72,0
2672,28,28,0,1660.930604,1.15451895,26.11,0,56,0
2673,13,25,0,1654.413533,13.03082049,26.11,0,50,0
2674,10,25,0,1646.396468,16.03082049,26.11,0,50,0
2675,7,26,0,1636.358795,20.07205331,26.11,0,52,0
2676,3,24,0,1625.362365,21.98958767,26.11,0,48,0
2677,0,22,0,1613.907179,22.90712203,26.11,0,44,0
2678,0,7,0,1610.26125,7.288629738,26.11,0,14,0
2679,0,7,0,1606.615325,7.288629738,26.11,0,14,0
2680,0,7,0,1602.969403,7.288629738,26.11,0,14,0
2681,0,5,0,1600.364718,5.206164098,26.11,0,10,0
2682,0,6,0,1597.239419,6.247396918,26.11,0,12,0
2683,0,6,0,1594.114124,6.247396918,26.11,0,12,0
2684,0,7,0,1590.468215,7.288629738,26.11,0,14,0
2685,0,7,0,1586.822309,7.288629738,26.11,0,14,0
2686,0,6,0,1583.697024,6.247396918,26.11,0,12,0
2687,0,7,0,1580.051126,7.288629738,26.11,0,14,0
2688,0,6,0,1576.925847,6.247396918,26.11,0,12,0
2689,0,7,0,1573.279955,7.288629738,26.11,0,14,0
2690,0,6,0,1570.154683,6.247396918,26.11,0,12,0
2691,0,7,0,1566.508798,7.288629738,26.11,0,14,0
2692,0,6,0,1563.383533,6.247396918,26.11,0,12,0
2693,0,7,0,1559.737655,7.288629738,26.11,0,14,0
2694,0,6,0,1556.612397,6.247396918,26.11,0,12,0
2695,0,6,0,1553.487142,6.247396918,26.11,0,12,0
2696,0,6,0,1550.36189,6.247396918,26.11,0,12,0
2697,0,5,0,1547.757258,5.206164098,26.11,0,10,0
2698,0,6,0,1544.632011,6.247396918,26.11,0,12,0
2699,2,6,0,1542.506768,4.247396918,26.11,0,12,0
2700,7,6,0,1542.505226,0,26.11,0,12,0.7228
2701,6,5,0,1542.503683,0,26.11,0,10,0.7624
2702,10,6,0,1542.502141,0,26.11,0,12,3.604
2703,10,8,0,1542.500598,0,26.11,0,16,1.604
2704,9,26,0,1533.463029,18.07205331,26.11,0,52,0
2705,33,18,0,1533.461496,0,26.11,0,36,13.6932
2706,46,17,0,1533.459962,0,26.11,0,34,27.1784
2707,40,43,0,1531.071923,4.773011245,26.11,0,86,0
2708,43,26,0,1531.070392,0,26.11,0,52,15.2972
2709,74,23,0,1532.103661,-2.0696,26.11,0,46,46
2710,58,35,0,1532.102129,0,26.11,0,70,20.7032
2711,35,18,0,1532.100597,0,26.11,0,36,15.614
2712,9,34,0,1518.898107,26.40191587,26.11,0,68,0
2713,2,34,0,1502.19563,33.40191587,26.11,0,68,0
2714,9,28,0,1492.116868,20.15451895,26.11,0,56,0
2715,33,26,0,1492.115376,0,26.11,0,52,5.6932
2716,42,29,0,1492.113884,0,26.11,0,58,11.3368
2717,37,28,0,1492.112392,0,26.11,0,56,7.5348
2718,41,28,0,1492.1109,0,26.11,0,56,11.3764
2719,44,30,0,1492.109408,0,26.11,0,60,12.2576
2720,35,32,0,1492.107916,0,26.11,0,64,1.614
2721,34,34,0,1491.405466,1.401915868,26.11,0,68,0
2722,28,31,0,1489.264865,4.278217409,26.11,0,62,0
2723,9,28,0,1479.186117,20.15451895,26.11,0,56,0
2724,2,29,0,1465.086762,28.19575177,26.11,0,58,0
2725,0,20,0,1454.672968,20.82465639,26.11,0,40,0
2726,0,8,0,1450.506582,8.329862557,26.11,0,16,0
2727,0,7,0,1446.860817,7.288629738,26.11,0,14,0
2728,0,6,0,1443.735672,6.247396918,26.11,0,12,0
2729,0,6,0,1440.610529,6.247396918,26.11,0,12,0
2730,0,5,0,1438.006007,5.206164098,26.11,0,10,0
2731,0,6,0,1434.88087,6.247396918,26.11,0,12,0
2732,0,6,0,1431.755737,6.247396918,26.11,0,12,0
2733,0,6,0,1428.630607,6.247396918,26.11,0,12,0
2734,0,5,0,1426.026096,5.206164098,26.11,0,10,0
2735,0,6,0,1422.900972,6.247396918,26.11,0,12,0
2736,0,6,0,1419.77585,6.247396918,26.11,0,12,0
2737,0,7,0,1416.130116,7.288629738,26.11,0,14,0
2738,0,6,0,1413.005001,6.247396918,26.11,0,12,0
2739,0,7,0,1409.359273,7.288629738,26.11,0,14,0
2740,0,6,0,1406.234165,6.247396918,26.11,0,12,0
2741,0,7,0,1402.588444,7.288629738,26.11,0,14,0
2742,0,6,0,1399.463343,6.247396918,26.11,0,12,0
2743,0,6,0,1396.338245,6.247396918,26.11,0,12,0
2744,0,7,0,1392.692534,7.288629738,26.11,0,14,0
2745,1,6,0,1390.067443,5.247396918,26.11,0,12,0
2746,6,7,0,1389.421738,1.288629738,26.11,0,14,0
2747,12,6,0,1389.420349,0,26.11,0,12,5.5248
2748,28,7,0,1392.364559,-5.8912,26.11,0,14,14
2749,42,7,0,1402.031567,-19.3368,26.11,0,14,14
2750,53,7,0,1416.980765,-29.9012,26.11,0,14,14
2751,65,7,0,1437.692348,-41.426,26.11,0,14,14
2752,75,19,0,1445.20591,-15.03,26.11,0,38,38
2753,83,25,0,1447.561065,-4.7132,26.11,0,50,50
2754,80,25,0,1448.475617,-1.832,26.11,0,50,50
2755,99,27,0,1455.513969,-14.0796,26.11,0,54,54
2756,104,49,0,1455.512513,0,26.11,0,98,50.8816
2757,98,52,0,1455.511058,0,26.11,0,104,42.1192
2758,102,56,0,1455.509602,0,26.11,0,112,41.9608
2759,105,33,0,1456.429147,-1.842,26.11,0,66,66
2760,105,77,0,1456.42769,0,26.11,0,154,23.842
2761,105,72,0,1456.426234,0,26.11,0,144,28.842
2762,102,71,0,1456.424777,0,26.11,0,142,26.9608
2763,94,54,0,1456.423321,0,26.11,0,108,36.2776
2764,91,53,0,1456.421865,0,26.11,0,106,34.3964
2765,76,52,0,1456.420408,0,26.11,0,104,20.9904
2766,68,71,0,1453.455187,5.927530196,26.11,0,142,0
2767,58,56,0,1453.299214,0.309037901,26.11,0,112,0
2768,52,47,0,1453.297761,0,26.11,0,94,2.9408
2769,33,43,0,1447.409802,11.77301125,26.11,0,86,0
2770,19,41,0,1435.563082,23.69054561,26.11,0,82,0
2771,8,39,0,1419.257606,32.60807997,26.11,0,78,0
2772,1,36,0,1401.013996,36.48438151,26.11,0,72,0
2773,0,35,0,1382.791021,36.44314869,26.11,0,70,0
2774,0,7,0,1379.145323,7.288629738,26.11,0,14,0
2775,0,6,0,1376.020246,6.247396918,26.11,0,12,0
2776,0,7,0,1372.374555,7.288629738,26.11,0,14,0
2777,0,5,0,1369.7701,5.206164098,26.11,0,10,0
2778,0,6,0,1366.645032,6.247396918,26.11,0,12,0
2779,0,5,0,1364.040583,5.206164098,26.11,0,10,0
2780,0,6,0,1360.915521,6.247396918,26.11,0,12,0
2781,0,5,0,1358.311078,5.206164098,26.11,0,10,0
2782,0,6,0,1355.186021,6.247396918,26.11,0,12,0
2783,0,6,0,1352.060968,6.247396918,26.11,0,12,0
2784,0,5,0,1349.456533,5.206164098,26.11,0,10,0
2785,0,6,0,1346.331486,6.247396918,26.11,0,12,0
2786,0,6,0,1343.206441,6.247396918,26.11,0,12,0
2787,0,6,0,1340.081399,6.247396918,26.11,0,12,0
2788,0,6,0,1336.956361,6.247396918,26.11,0,12,0
2789,0,7,0,1333.310709,7.288629738,26.11,0,14,0
2790,0,6,0,1330.185677,6.247396918,26.11,0,12,0
2791,0,7,0,1326.540032,7.288629738,26.11,0,14,0
2792,0,6,0,1323.415007,6.247396918,26.11,0,12,0
2793,1,6,0,1320.789985,5.247396918,26.11,0,12,0
2794,5,7,0,1319.644349,2.288629738,26.11,0,14,0
2795,15,7,0,1319.64303,0,26.11,0,14,7.406
2796,24,6,0,1322.16651,-5.0496,26.11,0,12,12
2797,39,7,0,1330.392988,-16.4556,26.11,0,14,14
2798,51,6,0,1345.881858,-30.9804,26.11,0,12,12
2799,62,10,0,1360.652912,-29.5448,26.11,0,20,20
2800,72,30,0,1360.651551,0,26.11,0,60,39.1488
2801,82,32,0,1360.65019,0,26.11,0,64,46.7528
2802,87,31,0,1360.64883,0,26.11,0,62,52.5548
2803,93,32,0,1360.647469,0,26.11,0,64,57.3172
2804,99,33,0,1360.646108,0,26.11,0,66,62.0796
2805,102,34,0,1360.644748,0,26.11,0,68,63.9608
2806,103,33,0,1360.643387,0,26.11,0,66,65.9212
2807,105,17,0,1385.563026,-49.842,26.11,0,34,34
2808,103,33,0,1385.561641,0,26.11,0,66,65.9212
2809,102,44,0,1385.560255,0,26.11,0,88,53.9608
2810,97,45,0,1385.55887,0,26.11,0,90,48.1588
2811,93,43,0,1385.557484,0,26.11,0,86,46.3172
2812,85,42,0,1385.556099,0,26.11,0,84,39.634
2813,81,40,0,1385.554713,0,26.11,0,80,37.7924
2814,77,38,0,1385.553328,0,26.11,0,76,35.9508
2815,61,39,0,1385.551942,0,26.11,0,78,19.5844
2816,54,36,0,1385.550556,0,26.11,0,72,15.8616
2817,33,37,0,1382.786364,5.525614327,26.11,0,74,0
2818,21,24,0,1380.790187,3.989587672,26.11,0,48,0
2819,9,8,0,1380.788806,0,26.11,0,16,0.6436
2820,2,8,0,1377.622494,6.329862557,26.11,0,16,0
2821,0,6,0,1374.497418,6.247396918,26.11,0,12,0
2822,0,7,0,1370.851729,7.288629738,26.11,0,14,0
2823,0,7,0,1367.206043,7.288629738,26.11,0,14,0
2824,0,6,0,1364.080977,6.247396918,26.11,0,12,0
2825,0,5,0,1361.476531,5.206164098,26.11,0,10,0
2826,0,6,0,1358.351471,6.247396918,26.11,0,12,0
2827,0,5,0,1355.747031,5.206164098,26.11,0,10,0
2828,0,6,0,1352.621977,6.247396918,26.11,0,12,0
2829,0,5,0,1350.017542,5.206164098,26.11,0,10,0
2830,0,6,0,1346.892494,6.247396918,26.11,0,12,0
2831,0,6,0,1343.767448,6.247396918,26.11,0,12,0
2832,0,5,0,1341.163022,5.206164098,26.11,0,10,0
2833,0,6,0,1338.037983,6.247396918,26.11,0,12,0
2834,0,6,0,1334.912946,6.247396918,26.11,0,12,0
2835,0,5,0,1332.308529,5.206164098,26.11,0,10,0
2836,0,6,0,1329.183499,6.247396918,26.11,0,12,0
2837,0,7,0,1325.537855,7.288629738,26.11,0,14,0
2838,0,6,0,1322.412831,6.247396918,26.11,0,12,0
2839,0,7,0,1318.767193,7.288629738,26.11,0,14,0
2840,0,6,0,1315.642176,6.247396918,26.11,0,12,0
2841,0,7,0,1311.996545,7.288629738,26.11,0,14,0
2842,6,6,0,1311.871535,0.247396918,26.11,0,12,0
2843,15,7,0,1311.870223,0,26.11,0,14,7.406
2844,27,6,0,1315.834311,-7.9308,26.11,0,12,12
2845,40,7,0,1324.540995,-17.416,26.11,0,14,14
2846,52,7,0,1339.010071,-28.9408,26.11,0,14,14
2847,62,8,0,1356.781132,-35.5448,26.11,0,16,16
2848,70,13,0,1370.893775,-28.228,26.11,0,26,26
2849,85,15,0,1389.209404,-36.634,26.11,0,30,30
2850,89,16,0,1407.945815,-37.4756,26.11,0,32,32
2851,101,16,0,1432.444607,-49.0004,26.11,0,32,32
2852,104,16,0,1458.383975,-51.8816,26.11,0,32,32
2853,105,16,0,1484.803516,-52.842,26.11,0,32,32
2854,105,16,0,1511.223031,-52.842,26.11,0,32,32
2855,105,16,0,1537.64252,-52.842,26.11,0,32,32
2856,105,16,0,1564.061983,-52.842,26.11,0,32,32
2857,105,16,0,1590.481419,-52.842,26.11,0,32,32
2858,105,18,0,1613.900828,-46.842,26.11,0,36,36
2859,97,16,0,1636.478614,-45.1588,26.11,0,32,32
2860,93,15,0,1658.635578,-44.3172,26.11,0,30,30
2861,80,15,0,1674.549919,-31.832,26.11,0,30,30
2862,74,14,0,1689.083044,-29.0696,26.11,0,28,28
2863,57,15,0,1693.952755,-9.7428,26.11,0,30,30
2864,51,15,0,1695.941261,-3.9804,26.11,0,30,30
2865,34,14,0,1695.939565,0,26.11,0,28,18.6536
2866,28,8,0,1697.38347,-2.8912,26.11,0,16,16
2867,13,7,0,1697.381772,0,26.11,0,14,5.4852
2868,9,6,0,1697.380075,0,26.11,0,12,2.6436
2869,0,6,0,1694.254679,6.247396918,26.11,0,12,0
2870,0,6,0,1691.129286,6.247396918,26.11,0,12,0
2871,0,7,0,1687.48328,7.288629738,26.11,0,14,0
2872,0,7,0,1683.837278,7.288629738,26.11,0,14,0
2873,0,6,0,1680.711896,6.247396918,26.11,0,12,0
2874,0,6,0,1677.586516,6.247396918,26.11,0,12,0
2875,0,6,0,1674.46114,6.247396918,26.11,0,12,0
2876,0,6,0,1671.335767,6.247396918,26.11,0,12,0
2877,0,6,0,1668.210398,6.247396918,26.11,0,12,0
2878,0,6,0,1665.085031,6.247396918,26.11,0,12,0
2879,0,6,0,1661.959667,6.247396918,26.11,0,12,0
2880,0,6,0,1658.834307,6.247396918,26.11,0,12,0
2881,0,5,0,1656.229566,5.206164098,26.11,0,10,0
2882,0,6,0,1653.104211,6.247396918,26.11,0,12,0
2883,0,6,0,1649.97886,6.247396918,26.11,0,12,0
2884,0,7,0,1646.332895,7.288629738,26.11,0,14,0
2885,0,6,0,1643.20755,6.247396918,26.11,0,12,0
2886,0,7,0,1639.561592,7.288629738,26.11,0,14,0
2887,0,6,0,1636.436254,6.247396918,26.11,0,12,0
2888,0,7,0,1632.790303,7.288629738,26.11,0,14,0
2889,0,6,0,1629.664972,6.247396918,26.11,0,12,0
2890,5,7,0,1628.519027,2.288629738,26.11,0,14,0
2891,13,6,0,1628.517399,0,26.11,0,12,6.4852
2892,26,6,0,1632.00097,-6.9704,26.11,0,12,12
2893,35,6,0,1639.806338,-15.614,26.11,0,12,12
2894,49,6,0,1654.334498,-29.0596,26.11,0,12,12
2895,57,11,0,1665.204244,-21.7428,26.11,0,22,22
2896,71,41,0,1665.202579,0,26.11,0,82,27.1884
2897,78,53,0,1665.200913,0,26.11,0,106,21.9112
2898,88,52,0,1665.199248,0,26.11,0,104,32.5152
2899,92,74,0,1665.197583,0,26.11,0,148,14.3568
2900,103,77,0,1665.195918,0,26.11,0,154,21.9212
2901,105,70,0,1665.194253,0,26.11,0,140,30.842
2902,105,73,0,1665.192587,0,26.11,0,146,27.842
2903,105,42,0,1665.190922,0,26.11,0,84,58.842
2904,105,75,0,1665.189257,0,26.11,0,150,25.842
2905,105,85,0,1665.187592,0,26.11,0,170,15.842
2906,105,84,0,1665.185927,0,26.11,0,168,16.842
2907,91,90,0,1663.828785,2.710953769,26.11,0,180,0
2908,92,86,0,1663.827121,0,26.11,0,172,2.3568
2909,73,86,0,1655.552446,16.54602249,26.11,0,172,0
2910,72,76,0,1651.983943,7.133694294,26.11,0,152,0
2911,52,64,0,1644.662841,14.63890046,26.11,0,128,0
2912,41,63,0,1632.362362,24.59766764,26.11,0,126,0
2913,28,64,0,1613.04128,38.63890046,26.11,0,128,0
2914,18,62,0,1589.761449,46.55643482,26.11,0,124,0
2915,5,54,0,1564.146573,51.22657226,26.11,0,108,0
2916,1,48,0,1539.655422,48.97917534,26.11,0,96,0
2917,0,47,0,1515.184911,48.93794252,26.11,0,94,0
2918,0,29,0,1500.08552,30.19575177,26.11,0,58,0
2919,0,6,0,1496.960321,6.247396918,26.11,0,12,0
2920,0,7,0,1493.314509,7.288629738,26.11,0,14,0
2921,0,6,0,1490.189317,6.247396918,26.11,0,12,0
2922,0,6,0,1487.064129,6.247396918,26.11,0,12,0
2923,0,6,0,1483.938943,6.247396918,26.11,0,12,0
2924,0,6,0,1480.813761,6.247396918,26.11,0,12,0
2925,0,5,0,1478.209198,5.206164098,26.11,0,10,0
2926,0,6,0,1475.084021,6.247396918,26.11,0,12,0
2927,0,6,0,1471.958848,6.247396918,26.99,0,12,0
2928,0,6,0,1468.833677,6.247396918,26.99,0,12,0
2929,0,6,0,1465.70851,6.247396918,26.99,0,12,0
2930,0,6,0,1462.583346,6.247396918,26.99,0,12,0
2931,0,7,0,1458.937569,7.288629738,26.99,0,14,0
2932,0,6,0,1455.812411,6.247396918,26.99,0,12,0
2933,0,7,0,1452.16664,7.288629738,26.99,0,14,0
2934,0,6,0,1449.04149,6.247396918,26.99,0,12,0
2935,0,7,0,1445.395726,7.288629738,26.99,0,14,0
2936,0,7,0,1441.749966,7.288629738,26.99,0,14,0
2937,2,7,0,1439.104209,5.288629738,26.99,0,14,0
2938,4,6,0,1437.979071,2.247396918,26.99,0,12,0
2939,17,7,0,1437.977633,0,26.99,0,14,9.3268
2940,21,7,0,1437.976195,0,26.99,0,14,13.1684
2941,39,7,0,1446.202558,-16.4556,26.99,0,14,14
2942,45,7,0,1457.310111,-22.218,26.99,0,14,14
2943,61,24,0,1457.308654,0,26.99,0,48,34.5844
2944,65,23,0,1457.307197,0,26.99,0,46,39.426
2945,78,47,0,1457.305739,0,26.99,0,94,27.9112
2946,81,46,0,1457.304282,0,26.99,0,92,31.7924
2947,92,47,0,1457.302825,0,26.99,0,94,41.3568
2948,95,46,0,1457.301367,0,26.99,0,92,45.238
2949,98,55,0,1457.29991,0,26.99,0,110,39.1192
2950,98,55,0,1457.298453,0,26.99,0,110,39.1192
2951,103,39,0,1457.296996,0,26.99,0,78,59.9212
2952,103,38,0,1457.295538,0,26.99,0,76,60.9212
2953,94,64,0,1457.294081,0,26.99,0,128,26.2776
2954,92,64,0,1457.292624,0,26.99,0,128,24.3568
2955,80,69,0,1457.291166,0,26.99,0,138,7.832
2956,77,68,0,1457.289709,0,26.99,0,136,5.9508
2957,61,53,0,1457.288252,0,26.99,0,106,5.5844
2958,56,52,0,1457.286795,0,26.99,0,104,1.7824
2959,41,56,0,1448.630818,17.3090379,26.99,0,112,0
2960,37,56,0,1437.974851,21.3090379,26.99,0,112,0
2961,29,51,0,1425.921976,24.1028738,26.99,0,102,0
2962,24,51,0,1411.369113,29.1028738,26.99,0,102,0
2963,5,48,0,1388.878114,44.97917534,26.99,0,96,0
2964,3,48,0,1365.387137,46.97917534,26.99,0,96,0
2965,0,42,0,1343.519883,43.73177843,26.99,0,84,0
2966,0,41,0,1322.173266,42.69054561,26.99,0,82,0
2967,0,9,0,1317.486397,9.371095377,26.99,0,18,0
2968,0,9,0,1312.799531,9.371095377,26.99,0,18,0
2969,0,7,0,1309.153904,7.288629738,26.99,0,14,0
2970,0,6,0,1306.028896,6.247396918,26.99,0,12,0
2971,0,7,0,1302.383275,7.288629738,26.99,0,14,0
2972,0,6,0,1299.258274,6.247396918,26.99,0,12,0
2973,0,7,0,1295.61266,7.288629738,26.99,0,14,0
2974,0,6,0,1292.487666,6.247396918,26.99,0,12,0
2975,0,7,0,1288.842059,7.288629738,26.99,0,14,0
2976,0,6,0,1285.717072,6.247396918,26.99,0,12,0
2977,0,7,0,1282.071471,7.288629738,26.99,0,14,0
2978,0,7,0,1278.425874,7.288629738,26.99,0,14,0
2979,0,7,0,1274.780281,7.288629738,26.99,0,14,0
2980,0,7,0,1271.134691,7.288629738,26.99,0,14,0
2981,0,8,0,1266.968489,8.329862557,26.99,0,16,0
2982,0,7,0,1263.322907,7.288629738,26.99,0,14,0
2983,0,8,0,1259.156712,8.329862557,26.99,0,16,0
2984,0,7,0,1255.511138,7.288629738,26.99,0,14,0
2985,0,7,0,1251.865568,7.288629738,26.99,0,14,0
2986,0,7,0,1248.220001,7.288629738,26.99,0,14,0
2987,0,8,0,1244.053822,8.329862557,26.99,0,16,0
2988,0,7,0,1240.408263,7.288629738,26.99,0,14,0
2989,25,8,0,1240.412022,-0.01,26.99,0,16,16
2990,28,7,0,1243.356382,-5.8912,26.99,0,14,14
2991,48,24,0,1243.355139,0,26.99,0,48,22.0992
2992,52,23,0,1243.353895,0,26.99,0,46,26.9408
2993,71,45,0,1243.352652,0,26.99,0,90,23.1884
2994,74,45,0,1243.351408,0,26.99,0,90,26.0696
2995,74,61,0,1243.350165,0,26.99,0,122,10.0696
2996,76,61,0,1243.348922,0,26.99,0,122,11.9904
2997,79,59,0,1243.347678,0,26.99,0,118,16.8716
2998,79,59,0,1243.346435,0,26.99,0,118,16.8716
2999,75,39,0,1243.345192,0,26.99,0,78,33.03
3000,75,39,0,1243.343948,0,26.99,0,78,33.03
3001,73,66,0,1243.342705,0,26.99,0,132,4.1092
3002,71,65,0,1243.341462,0,26.99,0,130,3.1884
3003,82,54,0,1243.340218,0,26.99,0,108,24.7528
3004,79,54,0,1243.338975,0,26.99,0,108,21.8716
3005,64,52,0,1243.337732,0,26.99,0,104,9.4656
3006,60,51,0,1243.336488,0,26.99,0,102,6.624
3007,41,56,0,1234.680726,17.3090379,26.99,0,112,0
3008,37,56,0,1224.024972,21.3090379,26.99,0,112,0
3009,29,51,0,1211.972311,24.1028738,26.99,0,102,0
3010,24,51,0,1197.419663,29.1028738,26.99,0,102,0
3011,5,48,0,1174.928878,44.97917534,26.99,0,96,0
3012,3,48,0,1151.438115,46.97917534,26.99,0,96,0
3013,0,42,0,1129.571074,43.73177843,26.99,0,84,0
3014,0,41,0,1108.224672,42.69054561,26.99,0,82,0
3015,0,9,0,1103.538016,9.371095377,26.99,0,18,0
3016,0,9,0,1098.851365,9.371095377,26.99,0,18,0
3017,0,7,0,1095.205951,7.288629738,26.99,0,14,0
3018,0,6,0,1092.081157,6.247396918,26.99,0,12,0
3019,0,7,0,1088.43575,7.288629738,26.99,0,14,0
3020,0,6,0,1085.310964,6.247396918,26.99,0,12,0
3021,0,7,0,1081.665563,7.288629738,26.99,0,14,0
3022,0,6,0,1078.540783,6.247396918,26.99,0,12,0
3023,0,7,0,1074.89539,7.288629738,26.99,0,14,0
3024,0,6,0,1071.770616,6.247396918,26.99,0,12,0
3025,0,7,0,1068.12523,7.288629738,26.99,0,14,0
3026,0,7,0,1064.479847,7.288629738,26.99,0,14,0
3027,0,7,0,1060.834467,7.288629738,26.99,0,14,0
3028,0,7,0,1057.189092,7.288629738,26.99,0,14,0
3029,0,8,0,1053.023103,8.329862557,26.99,0,16,0
3030,0,7,0,1049.377735,7.288629738,26.99,0,14,0
3031,0,8,0,1045.211755,8.329862557,26.99,0,16,0
3032,0,7,0,1041.566395,7.288629738,26.99,0,14,0
3033,2,7,0,1038.921038,5.288629738,26.99,0,14,0
3034,3,7,0,1036.775684,4.288629738,26.99,0,14,0
3035,8,8,0,1036.609716,0.329862557,26.99,0,16,0
3036,10,7,0,1036.60868,0,26.99,0,14,2.604
3037,25,8,0,1036.612643,-0.01,26.99,0,16,16
3038,28,7,0,1039.557207,-5.8912,26.99,0,14,14
3039,48,24,0,1039.556167,0,26.99,0,48,22.0992
3040,52,23,0,1039.555127,0,26.99,0,46,26.9408
3041,71,45,0,1039.554088,0,26.99,0,90,23.1884
3042,74,45,0,1039.553048,0,26.99,0,90,26.0696
3043,77,50,0,1039.552009,0,26.99,0,100,23.9508
3044,80,49,0,1039.550969,0,26.99,0,98,27.832
3045,92,41,0,1039.54993,0,26.99,0,82,47.3568
3046,93,41,0,1039.54889,0,26.99,0,82,48.3172
3047,94,57,0,1039.547851,0,26.99,0,114,33.2776
3048,94,56,0,1039.546811,0,26.99,0,112,34.2776
3049,95,66,0,1039.545771,0,26.99,0,132,25.238
3050,93,66,0,1039.544732,0,26.99,0,132,23.3172
3051,65,59,0,1039.543692,0,26.99,0,118,3.426
3052,62,59,0,1039.542653,0,26.99,0,118,0.5448
3053,64,55,0,1039.541613,0,26.99,0,110,6.4656
3054,59,54,0,1039.540574,0,26.99,0,108,2.6636
3055,45,54,0,1033.926248,11.22657226,26.99,0,108,0
3056,41,54,0,1026.311928,15.22657226,26.99,0,108,0
3057,36,48,0,1019.321314,13.97917534,26.99,0,96,0
3058,30,48,0,1009.330707,19.97917534,26.99,0,96,0
3059,7,43,0,990.4431921,37.77301125,26.99,0,86,0
3060,5,43,0,970.555696,39.77301125,26.99,0,86,0
3061,0,28,0,955.977466,29.15451895,26.99,0,56,0
3062,0,28,0,941.3992506,29.15451895,26.99,0,56,0
3063,0,6,0,938.2746107,6.247396918,26.99,0,12,0
3064,0,6,0,935.149974,6.247396918,26.99,0,12,0
3065,0,6,0,932.0253404,6.247396918,26.99,0,12,0
3066,0,5,0,929.4213263,5.206164098,26.99,0,10,0
3067,0,6,0,926.2966984,6.247396918,26.99,0,12,0
3068,0,6,0,923.1720736,6.247396918,26.99,0,12,0
3069,0,6,0,920.047452,6.247396918,26.99,0,12,0
3070,0,5,0,917.4434499,5.206164098,26.99,0,10,0
3071,0,6,0,914.318834,6.247396918,26.99,0,12,0
3072,0,6,0,911.1942212,6.247396918,26.99,0,12,0
3073,0,6,0,908.0696116,6.247396918,26.99,0,12,0
3074,0,6,0,904.9450051,6.247396918,26.99,0,12,0
3075,0,7,0,901.2997852,7.288629738,26.99,0,14,0
3076,0,6,0,898.1751855,6.247396918,26.99,0,12,0
3077,0,6,0,895.0505888,6.247396918,26.99,0,12,0
3078,0,6,0,891.9259953,6.247396918,26.99,0,12,0
3079,0,7,0,888.2807885,7.288629738,26.99,0,14,0
3080,0,6,0,885.1562018,6.247396918,26.99,0,12,0
3081,0,5,0,882.5522346,5.206164098,26.99,0,10,0
3082,2,5,0,880.94827,3.206164098,26.99,0,10,0
3083,11,6,0,880.9473891,0,26.99,0,12,4.5644
3084,18,6,0,880.9465081,0,26.99,0,12,11.2872
3085,33,5,0,889.2922272,-16.6932,26.99,0,10,10
3086,46,7,0,900.8805379,-23.1784,26.99,0,14,14
3087,56,15,0,905.270837,-8.7824,26.99,0,30,30
3088,66,33,0,905.2699317,0,26.99,0,66,30.3864
3089,75,41,0,905.2690264,0,26.99,0,82,31.03
3090,79,44,0,905.2681212,0,26.99,0,88,31.8716
3091,88,43,0,905.2672159,0,26.99,0,86,41.5152
3092,94,45,0,905.2663106,0,26.99,0,90,45.2776
3093,93,45,0,905.2654054,0,26.99,0,90,44.3172
3094,83,61,0,905.2645001,0,26.99,0,122,18.7132
3095,99,42,0,905.2635948,0,26.99,0,84,53.0796
3096,94,65,0,905.2626896,0,26.99,0,130,25.2776
3097,89,59,0,905.2617843,0,26.99,0,118,26.4756
3098,90,73,0,905.2608791,0,26.99,0,146,13.436
3099,82,84,0,902.5281954,5.463556851,26.99,0,168,0
3100,86,62,0,902.5272928,0,26.99,0,124,20.5944
3101,67,53,0,902.5263903,0,26.99,0,106,11.3468
3102,55,53,0,902.4328181,0.185339442,26.99,0,106,0
3103,44,56,0,895.2773967,14.3090379,26.99,0,112,0
3104,42,77,0,876.1890378,38.17492711,26.99,0,154,0
3105,26,48,0,864.198574,23.97917534,26.99,0,96,0
3106,16,43,0,849.8112042,28.77301125,26.99,0,86,0
3107,8,26,0,840.2743277,19.07205331,26.99,0,52,0
3108,1,7,0,837.1291726,6.288629738,26.99,0,14,0
3109,0,7,0,833.4840206,7.288629738,26.99,0,14,0
3110,0,8,0,829.3182558,8.329862557,26.99,0,16,0
3111,0,7,0,825.6731116,7.288629738,26.99,0,14,0
3112,0,6,0,822.5485875,6.247396918,26.99,0,12,0
3113,0,5,0,819.9446829,5.206164098,26.99,0,10,0
3114,0,6,0,816.8201645,6.247396918,26.99,0,12,0
3115,0,6,0,813.6956492,6.247396918,26.99,0,12,0
3116,0,5,0,811.0917535,5.206164098,26.99,0,10,0
3117,0,5,0,808.4878603,5.206164098,26.99,0,10,0
3118,0,6,0,805.3633534,6.247396918,26.99,0,12,0
3119,0,6,0,802.2388495,6.247396918,26.99,0,12,0
3120,0,5,0,799.6349653,5.206164098,26.99,0,10,0
3121,0,6,0,796.5104672,6.247396918,26.99,0,12,0
3122,0,6,0,793.3859722,6.247396918,26.99,0,12,0
3123,0,6,0,790.2614803,6.247396918,26.99,0,12,0
3124,0,6,0,787.1369916,6.247396918,26.99,0,12,0
3125,0,7,0,783.4918896,7.288629738,26.99,0,14,0
3126,0,6,0,780.3674077,6.247396918,26.99,0,12,0
3127,0,6,0,777.2429288,6.247396918,26.99,0,12,0
3128,0,6,0,774.1184531,6.247396918,26.99,0,12,0
3129,0,7,0,770.4733642,7.288629738,26.99,0,14,0
3130,2,6,0,768.3488952,4.247396918,26.99,0,12,0
3131,10,7,0,768.3481269,0,26.99,0,14,2.604
3132,20,6,0,768.9513585,-1.208,26.99,0,12,12
3133,33,7,0,774.2971896,-10.6932,26.99,0,14,14
3134,42,6,0,785.4648153,-22.3368,26.99,0,12,12
3135,35,7,0,791.7710298,-12.614,26.99,0,14,14
3136,68,7,0,813.923838,-44.3072,26.99,0,14,14
3137,75,7,0,839.4380241,-51.03,26.99,0,14,14
3138,89,8,0,870.1749847,-61.4756,26.99,0,16,16
3139,93,8,0,902.8327145,-65.3172,26.99,0,16,16
3140,103,8,0,940.2924117,-74.9212,26.99,0,16,16
3141,96,8,0,974.3906714,-68.1984,26.99,0,16,16
3142,96,8,0,1008.488897,-68.1984,26.99,0,16,16
3143,105,8,0,1046.908888,-76.842,26.99,0,16,16
3144,105,8,0,1085.328842,-76.842,26.99,0,16,16
3145,105,8,0,1123.748756,-76.842,26.99,0,16,16
3146,103,8,0,1161.208233,-74.9212,26.99,0,16,16
3147,94,8,0,1194.345871,-66.2776,26.99,0,16,16
3148,90,8,0,1225.562677,-62.436,26.99,0,16,16
3149,77,8,0,1250.536851,-49.9508,26.99,0,16,16
3150,71,8,0,1272.629801,-44.1884,26.99,0,16,16
3151,54,8,0,1286.559328,-27.8616,26.99,0,16,16
3152,49,8,0,1298.087842,-23.0596,26.99,0,16,16
3153,32,8,0,1301.452944,-6.7328,26.99,0,16,16
3154,26,8,0,1301.936842,-0.9704,26.99,0,16,16
3155,7,8,0,1301.270609,1.329862557,26.99,0,16,0
3156,2,8,0,1298.104376,6.329862557,26.99,0,16,0
3157,0,8,0,1293.938147,8.329862557,26.99,0,16,0
3158,0,7,0,1290.292538,7.288629738,26.99,0,14,0
3159,0,7,0,1286.646933,7.288629738,26.99,0,14,0
3160,0,6,0,1283.521948,6.247396918,26.99,0,12,0
3161,0,6,0,1280.396966,6.247396918,26.99,0,12,0
3162,0,5,0,1277.792603,5.206164098,26.99,0,10,0
3163,0,6,0,1274.667627,6.247396918,26.99,0,12,0
3164,0,5,0,1272.063271,5.206164098,26.99,0,10,0
3165,0,6,0,1268.9383,6.247396918,26.99,0,12,0
3166,0,6,0,1265.813333,6.247396918,26.99,0,12,0
3167,0,6,0,1262.688368,6.247396918,26.99,0,12,0
3168,0,7,0,1259.042791,7.288629738,26.99,0,14,0
3169,0,6,0,1255.917833,6.247396918,26.99,0,12,0
3170,0,7,0,1252.272262,7.288629738,26.99,0,14,0
3171,0,6,0,1249.147312,6.247396918,26.99,0,12,0
3172,0,6,0,1246.022364,6.247396918,26.99,0,12,0
3173,0,7,0,1242.376803,7.288629738,26.99,0,14,0
3174,0,5,0,1239.772479,5.206164098,26.99,0,10,0
3175,0,6,0,1236.647541,6.247396918,26.99,0,12,0
3176,0,5,0,1234.043222,5.206164098,26.99,0,10,0
3177,0,6,0,1230.918289,6.247396918,26.99,0,12,0
3178,4,5,0,1230.313976,1.206164098,26.99,0,10,0
3179,12,6,0,1230.312746,0,26.99,0,12,5.5248
3180,21,6,0,1231.395716,-2.1684,26.99,0,12,12
3181,34,7,0,1237.221284,-11.6536,26.99,0,14,14
3182,51,6,0,1252.710247,-30.9804,26.99,0,12,12
3183,58,8,0,1268.560594,-31.7032,26.99,0,16,16
3184,68,8,0,1289.212926,-41.3072,26.99,0,16,16
3185,84,8,0,1317.548437,-56.6736,26.99,0,16,16
3186,86,8,0,1346.844319,-58.5944,26.99,0,16,16
3187,91,8,0,1378.541172,-63.3964,26.99,0,16,16
3188,87,7,0,1409.817194,-62.5548,26.99,0,14,14
3189,105,9,0,1446.736784,-73.842,26.99,0,18,18
3190,105,9,0,1483.656337,-73.842,26.99,0,18,18
3191,105,9,0,1520.575854,-73.842,26.99,0,18,18
3192,105,9,0,1557.495333,-73.842,26.99,0,18,18
3193,101,9,0,1592.493975,-70.0004,26.99,0,18,18
3194,94,9,0,1624.131183,-63.2776,26.99,0,18,18
3195,85,9,0,1651.446559,-54.634,26.99,0,18,18
3196,83,9,0,1677.801507,-52.7132,26.99,0,18,18
3197,70,8,0,1699.41383,-43.228,26.99,0,16,16
3198,70,8,0,1721.02613,-43.228,26.99,0,16,16
3199,58,8,0,1736.876009,-31.7032,26.99,0,16,16
3200,53,9,0,1748.824872,-23.9012,26.99,0,18,18
3201,34,8,0,1753.149923,-8.6536,26.99,0,16,16
3202,27,8,0,1754.11357,-1.9308,26.99,0,16,16
3203,11,8,0,1754.111816,0,26.99,0,16,2.5644
3204,8,8,0,1753.945131,0.329862557,26.99,0,16,0
3205,0,7,0,1750.299062,7.288629738,26.99,0,14,0
3206,0,7,0,1746.652997,7.288629738,26.99,0,14,0
3207,0,7,0,1743.006935,7.288629738,26.99,0,14,0
3208,0,6,0,1739.881494,6.247396918,26.99,0,12,0
3209,0,6,0,1736.756055,6.247396918,26.99,0,12,0
3210,0,5,0,1734.151237,5.206164098,26.99,0,10,0
3211,0,6,0,1731.025804,6.247396918,26.99,0,12,0
3212,0,6,0,1727.900375,6.247396918,26.99,0,12,0
3213,0,6,0,1724.774948,6.247396918,26.99,0,12,0
3214,0,6,0,1721.649525,6.247396918,26.99,0,12,0
3215,0,6,0,1718.524105,6.247396918,26.99,0,12,0
3216,0,6,0,1715.398688,6.247396918,26.99,0,12,0
3217,0,7,0,1711.752658,7.288629738,26.99,0,14,0
3218,0,5,0,1709.147864,5.206164098,26.99,0,10,0
3219,0,6,0,1706.022456,6.247396918,26.99,0,12,0
3220,0,6,0,1702.897052,6.247396918,26.99,0,12,0
3221,0,6,0,1699.77165,6.247396918,26.99,0,12,0
3222,0,7,0,1696.125636,7.288629738,26.99,0,14,0
3223,0,6,0,1693.000241,6.247396918,26.99,0,12,0
3224,0,6,0,1689.87485,6.247396918,26.99,0,12,0
3225,0,6,0,1686.749461,6.247396918,26.99,0,12,0
3226,5,6,0,1686.124076,1.247396918,26.99,0,12,0
3227,10,7,0,1686.12239,0,26.99,0,14,2.604
3228,21,7,0,1686.120704,0,26.99,0,14,13.1684
3229,37,6,0,1694.886418,-17.5348,26.99,0,12,12
3230,51,7,0,1708.874923,-27.9804,26.99,0,14,14
3231,61,7,0,1727.665414,-37.5844,26.99,0,14,14
3232,69,44,0,1727.663686,0,26.99,0,88,22.2676
3233,79,55,0,1727.661959,0,26.99,0,110,20.8716
3234,89,51,0,1727.660231,0,26.99,0,102,34.4756
3235,89,86,0,1727.385492,0.546022491,26.99,0,172,0
3236,96,95,0,1725.925206,2.917117868,26.99,0,190,0
3237,105,79,0,1725.92348,0,26.99,0,158,21.842
3238,105,90,0,1725.921754,0,26.99,0,180,10.842
3239,105,44,0,1725.920028,0,26.99,0,88,56.842
3240,105,100,0,1725.918302,0,26.99,0,200,0.842
3241,96,86,0,1725.916576,0,26.99,0,172,6.1984
3242,93,82,0,1725.91485,0,26.99,0,164,7.3172
3243,97,69,0,1725.913124,0,26.99,0,138,24.1588
3244,93,68,0,1725.911398,0,26.99,0,136,21.3172
3245,75,69,0,1725.909673,0,26.99,0,138,3.03
3246,65,67,0,1723.526647,4.762598917,26.99,0,134,0
3247,53,80,0,1708.375611,30.29862557,26.99,0,160,0
3248,52,63,0,1701.575069,13.59766764,26.99,0,126,0
3249,35,62,0,1686.79515,29.55643482,26.99,0,124,0
3250,26,59,0,1669.077095,35.43273636,26.99,0,118,0
3251,12,54,0,1646.96214,44.22657226,26.99,0,108,0
3252,2,48,0,1622.970905,47.97917534,26.99,0,96,0
3253,0,47,0,1598.500311,48.93794252,26.99,0,94,0
3254,0,41,0,1577.153439,42.69054561,26.99,0,82,0
3255,0,8,0,1572.986931,8.329862557,26.99,0,16,0
3256,0,8,0,1568.820427,8.329862557,26.99,0,16,0
3257,0,6,0,1565.695159,6.247396918,26.99,0,12,0
3258,0,5,0,1563.090512,5.206164098,26.99,0,10,0
3259,0,6,0,1559.96525,6.247396918,26.99,0,12,0
3260,0,5,0,1557.360608,5.206164098,26.99,0,10,0
3261,0,6,0,1554.235352,6.247396918,26.99,0,12,0
3262,0,5,0,1551.630716,5.206164098,26.99,0,10,0
3263,0,6,0,1548.505466,6.247396918,26.99,0,12,0
3264,0,5,0,1545.900835,5.206164098,26.99,0,10,0
3265,0,6,0,1542.775591,6.247396918,26.99,0,12,0
3266,0,6,0,1539.65035,6.247396918,26.99,0,12,0
3267,0,5,0,1537.045728,5.206164098,26.99,0,10,0
3268,0,6,0,1533.920493,6.247396918,26.99,0,12,0
3269,0,5,0,1531.315877,5.206164098,26.99,0,10,0
3270,0,7,0,1527.67003,7.288629738,26.99,0,14,0
3271,0,6,0,1524.544804,6.247396918,26.99,0,12,0
3272,0,6,0,1521.419581,6.247396918,26.99,0,12,0
3273,0,7,0,1517.773745,7.288629738,26.99,0,14,0
3274,2,6,0,1515.648529,4.247396918,26.99,0,12,0
3275,8,7,0,1515.647013,0,26.99,0,14,0.6832
3276,12,6,0,1515.645497,0,26.99,0,12,5.5248
3277,12,6,0,1515.643982,0,26.99,0,12,5.5248
3278,20,7,0,1515.642466,0,26.99,0,14,12.208
3279,54,13,0,1522.07175,-12.8616,26.99,0,26,26
3280,58,18,0,1522.921828,-1.7032,26.99,0,36,36
3281,66,34,0,1522.920305,0,26.99,0,68,29.3864
3282,66,34,0,1522.918783,0,26.99,0,68,29.3864
3283,85,61,0,1522.91726,0,26.99,0,122,20.634
3284,88,37,0,1522.915737,0,26.99,0,74,47.5152
3285,100,55,0,1522.914214,0,26.99,0,110,41.04
3286,91,45,0,1522.912691,0,26.99,0,90,42.3964
3287,87,34,0,1522.911168,0,26.99,0,68,49.5548
3288,102,82,0,1522.909645,0,26.99,0,164,15.9608
3289,102,69,0,1522.908122,0,26.99,0,138,28.9608
3290,103,69,0,1522.906599,0,26.99,0,138,29.9212
3291,99,68,0,1522.905076,0,26.99,0,136,27.0796
3292,93,47,0,1522.903553,0,26.99,0,94,42.3172
3293,77,30,0,1522.902031,0,26.99,0,60,43.9508
3294,72,39,0,1522.900508,0,26.99,0,78,30.1488
3295,60,79,0,1511.770288,22.25739275,26.99,0,158,0
3296,50,59,0,1506.052408,11.43273636,26.99,0,118,0
3297,17,89,0,1468.216042,75.66972095,26.99,0,178,0
3298,13,62,0,1442.436356,51.55643482,26.99,0,124,0
3299,4,53,0,1416.842244,51.18533944,26.99,0,106,0
3300,2,48,0,1392.85124,47.97917534,26.99,0,96,0
3301,0,46,0,1368.901492,47.8967097,26.99,0,92,0
3302,0,38,0,1349.116699,39.56684715,26.99,0,76,0
3303,0,7,0,1345.471035,7.288629738,26.99,0,14,0
3304,0,6,0,1342.345991,6.247396918,26.99,0,12,0
3305,0,6,0,1339.220951,6.247396918,26.99,0,12,0
3306,0,6,0,1336.095913,6.247396918,26.99,0,12,0
3307,0,5,0,1333.491495,5.206164098,26.99,0,10,0
3308,0,6,0,1330.366463,6.247396918,26.99,0,12,0
3309,0,6,0,1327.241434,6.247396918,26.99,0,12,0
3310,0,6,0,1324.116408,6.247396918,26.99,0,12,0
3311,0,6,0,1320.991386,6.247396918,26.99,0,12,0
3312,0,6,0,1317.866366,6.247396918,26.99,0,12,0
3313,0,6,0,1314.74135,6.247396918,26.99,0,12,0
3314,0,7,0,1311.09572,7.288629738,26.99,0,14,0
3315,0,6,0,1307.970711,6.247396918,26.99,0,12,0
3316,0,6,0,1304.845704,6.247396918,26.99,0,12,0
3317,0,6,0,1301.720701,6.247396918,26.99,0,12,0
3318,0,6,0,1298.595701,6.247396918,26.99,0,12,0
3319,0,5,0,1295.99132,5.206164098,26.99,0,10,0
3320,0,5,0,1293.386942,5.206164098,26.99,0,10,0
3321,0,6,0,1290.26195,6.247396918,26.99,0,12,0
3322,3,5,0,1289.157578,2.206164098,26.99,0,10,0
3323,12,6,0,1289.156289,0,26.99,0,12,5.5248
3324,22,6,0,1290.7194,-3.1288,26.99,0,12,12
3325,33,6,0,1297.564709,-13.6932,26.99,0,12,12
3326,42,7,0,1307.231812,-19.3368,26.99,0,14,14
3327,55,11,0,1317.141504,-19.822,26.99,0,22,22
3328,55,28,0,1317.140187,0,26.99,0,56,24.822
3329,46,28,0,1317.13887,0,26.99,0,56,16.1784
3330,51,28,0,1317.137553,0,26.99,0,56,20.9804
3331,83,33,0,1317.136236,0,26.99,0,66,46.7132
3332,87,45,0,1317.134919,0,26.99,0,90,38.5548
3333,87,78,0,1317.133601,0,26.99,0,156,5.5548
3334,103,80,0,1317.132284,0,26.99,0,160,18.9212
3335,105,22,0,1334.551967,-34.842,26.99,0,44,44
3336,105,51,0,1334.550633,0,26.99,0,102,49.842
3337,96,64,0,1334.549298,0,26.99,0,128,28.1984
3338,90,62,0,1334.547964,0,26.99,0,124,24.436
3339,86,58,0,1334.546629,0,26.99,0,116,24.5944
3340,80,57,0,1334.545294,0,26.99,0,114,19.832
3341,72,56,0,1334.54396,0,26.99,0,112,13.1488
3342,63,59,0,1334.542625,0,26.99,0,118,1.5052
3343,50,59,0,1328.824923,11.43273636,26.99,0,118,0
3344,48,69,0,1316.901062,23.84506456,26.99,0,138,0
3345,28,52,0,1303.827691,26.14410662,26.99,0,104,0
3346,18,49,0,1287.316183,33.02040816,26.99,0,98,0
3347,6,44,0,1267.407774,39.81424406,26.99,0,88,0
3348,0,45,0,1243.978768,46.85547688,26.99,0,90,0
3349,0,44,0,1221.070402,45.81424406,26.99,0,88,0
3350,0,38,0,1201.285758,39.56684715,26.99,0,76,0
3351,0,19,0,1191.392844,19.78342357,26.99,0,38,0
3352,0,7,0,1187.747338,7.288629738,26.99,0,14,0
3353,0,6,0,1184.622452,6.247396918,26.99,0,12,0
3354,0,7,0,1180.976953,7.288629738,26.99,0,14,0
3355,0,6,0,1177.852073,6.247396918,26.99,0,12,0
3356,0,7,0,1174.20658,7.288629738,26.99,0,14,0
3357,0,6,0,1171.081708,6.247396918,26.99,0,12,0
3358,0,7,0,1167.436222,7.288629738,26.99,0,14,0
3359,0,7,0,1163.790739,7.288629738,26.99,0,14,0
3360,0,7,0,1160.145261,7.288629738,26.99,0,14,0
3361,0,7,0,1156.499786,7.288629738,26.99,0,14,0
3362,0,6,0,1153.374931,6.247396918,26.99,0,12,0
3363,0,6,0,1150.250079,6.247396918,26.99,0,12,0
3364,0,6,0,1147.12523,6.247396918,26.99,0,12,0
3365,0,6,0,1144.000385,6.247396918,26.99,0,12,0
3366,0,5,0,1141.396159,5.206164098,26.99,0,10,0
3367,0,6,0,1138.271319,6.247396918,26.99,0,12,0
3368,0,5,0,1135.667098,5.206164098,26.99,0,10,0
3369,0,5,0,1133.062881,5.206164098,26.99,0,10,0
3370,5,5,0,1132.958666,0.206164098,26.99,0,10,0
3371,11,6,0,1132.957533,0,26.99,0,12,4.5644
3372,22,6,0,1134.5208,-3.1288,26.99,0,12,12
3373,34,6,0,1141.846465,-14.6536,26.99,0,12,12
3374,47,7,0,1153.914723,-24.1388,26.99,0,14,14
3375,60,11,0,1166.225569,-24.624,26.99,0,22,22
3376,69,29,0,1166.224403,0,26.99,0,58,37.2676
3377,81,38,0,1166.223237,0,26.99,0,76,39.7924
3378,91,43,0,1166.222071,0,26.99,0,86,44.3964
3379,83,29,0,1166.220905,0,26.99,0,58,50.7132
3380,73,53,0,1166.219738,0,26.99,0,106,17.1092
3381,105,54,0,1166.218572,0,26.99,0,108,46.842
3382,105,52,0,1166.217406,0,26.99,0,104,48.842
3383,105,17,0,1191.13724,-49.842,26.99,0,34,34
3384,105,74,0,1191.136049,0,26.99,0,148,26.842
3385,105,69,0,1191.134857,0,26.99,0,138,31.842
3386,105,84,0,1191.133666,0,26.99,0,168,16.842
3387,89,57,0,1191.132475,0,26.99,0,114,28.4756
3388,83,57,0,1191.131284,0,26.99,0,114,22.7132
3389,76,58,0,1191.130093,0,26.99,0,116,14.9904
3390,59,56,0,1191.128902,0,26.99,0,112,0.6636
3391,52,72,0,1179.643329,22.96876302,26.99,0,144,0
3392,40,74,0,1161.116535,37.05122865,26.99,0,148,0
3393,8,52,0,1138.043321,46.14410662,26.99,0,104,0
3394,14,38,0,1125.258759,25.56684715,26.99,0,76,0
3395,10,40,0,1109.432977,31.64931279,26.99,0,80,0
3396,3,40,0,1090.107212,38.64931279,26.99,0,80,0
3397,0,38,0,1070.322698,39.56684715,26.99,0,76,0
3398,0,31,0,1054.182519,32.27821741,26.99,0,62,0
3399,0,31,0,1038.042356,32.27821741,26.99,0,62,0
3400,0,10,0,1032.835154,10.4123282,26.99,0,20,0
3401,0,5,0,1030.231039,5.206164098,26.99,0,10,0
3402,0,6,0,1027.10631,6.247396918,26.99,0,12,0
3403,0,5,0,1024.502201,5.206164098,26.99,0,10,0
3404,0,6,0,1021.377478,6.247396918,26.99,0,12,0
3405,0,5,0,1018.773375,5.206164098,26.99,0,10,0
3406,0,6,0,1015.648658,6.247396918,26.99,0,12,0
3407,0,6,0,1012.523943,6.247396918,26.99,0,12,0
3408,0,5,0,1009.919849,5.206164098,26.99,0,10,0
3409,0,6,0,1006.79514,6.247396918,26.99,0,12,0
3410,0,6,0,1003.670435,6.247396918,26.99,0,12,0
3411,0,7,0,1000.025117,7.288629738,26.99,0,14,0
3412,0,6,0,996.9004182,6.247396918,26.99,0,12,0
3413,0,6,0,993.7757228,6.247396918,26.99,0,12,0
3414,0,6,0,990.6510306,6.247396918,26.99,0,12,0
3415,0,6,0,987.5263415,6.247396918,26.99,0,12,0
3416,0,6,0,984.4016555,6.247396918,26.99,0,12,0
3417,0,6,0,981.2769726,6.247396918,26.99,0,12,0
3418,3,6,0,979.6522929,3.247396918,26.99,0,12,0
3419,10,5,0,979.6513132,0,26.99,0,10,4.604
3420,19,6,0,979.7741336,-0.2476,26.99,0,12,12
3421,38,5,0,990.5207538,-21.4952,26.99,0,10,10
3422,35,7,0,996.8267633,-12.614,26.99,0,14,14
3423,32,10,0,997.1921665,-0.7328,26.99,0,20,20
3424,49,29,0,997.1911693,0,26.99,0,58,18.0596
3425,61,30,0,997.1901721,0,26.99,0,60,28.5844
3426,64,31,0,997.1891749,0,26.99,0,62,30.4656
3427,55,35,0,997.1881777,0,26.99,0,70,17.822
3428,91,54,0,997.1871805,0,26.99,0,108,33.3964
3429,71,56,0,997.1861833,0,26.99,0,112,12.1884
3430,70,51,0,997.1851861,0,26.99,0,102,16.228
3431,55,20,0,997.184189,0,26.99,0,40,32.822
3432,51,49,0,997.1729877,0.020408163,26.99,0,98,0
3433,44,66,0,984.8113075,24.7213661,26.99,0,132,0
3434,36,75,0,963.7640919,42.09246147,26.99,0,150,0
3435,61,50,0,963.7631282,0,26.99,0,100,8.5844
3436,48,52,0,960.6901111,6.144106622,26.99,0,104,0
3437,27,47,0,949.7201791,21.93794252,26.99,0,94,0
3438,19,44,0,936.3121074,26.81424406,26.99,0,88,0
3439,18,46,0,921.3628162,29.8967097,26.99,0,92,0
3440,34,44,0,915.4547728,11.81424406,26.99,0,88,0
3441,20,26,0,911.9178307,7.072053311,26.99,0,52,0
3442,11,27,0,903.3602757,17.11328613,26.99,0,54,0
3443,5,22,0,894.4058113,17.90712203,26.99,0,44,0
3444,0,19,0,884.5132052,19.78342357,26.99,0,38,0
3445,0,21,0,873.579376,21.86588921,26.99,0,42,0
3446,0,19,0,863.6867907,19.78342357,26.99,0,38,0
3447,0,17,0,854.835448,17.70095793,26.99,0,34,0
3448,0,6,0,851.7108947,6.247396918,26.99,0,12,0
3449,0,5,0,849.106961,5.206164098,26.99,0,10,0
3450,0,6,0,845.9824134,6.247396918,26.99,0,12,0
3451,0,6,0,842.857869,6.247396918,26.99,0,12,0
3452,0,5,0,840.253944,5.206164098,26.99,0,10,0
3453,0,6,0,837.1294053,6.247396918,26.99,0,12,0
3454,0,6,0,834.0048697,6.247396918,26.99,0,12,0
3455,0,7,0,830.3597209,7.288629738,26.99,0,14,0
3456,0,6,0,827.2351921,6.247396918,26.99,0,12,0
3457,0,6,0,824.1106664,6.247396918,26.99,0,12,0
3458,0,6,0,820.9861438,6.247396918,26.99,0,12,0
3459,0,7,0,817.3410079,7.288629738,26.99,0,14,0
3460,0,6,0,814.2164921,6.247396918,26.99,0,12,0
3461,0,6,0,811.0919795,6.247396918,26.99,0,12,0
3462,0,5,0,808.4880863,5.206164098,26.99,0,10,0
3463,0,6,0,805.3635794,6.247396918,26.99,0,12,0
3464,0,5,0,802.759692,5.206164098,26.99,0,10,0
3465,0,5,0,800.1558071,5.206164098,26.99,0,10,0
3466,1,6,0,797.5313085,5.247396918,26.99,0,12,0
3467,4,5,0,796.927429,1.206164098,26.99,0,10,0
3468,15,6,0,796.926632,0,26.99,0,12,8.406
3469,35,7,0,803.2328351,-12.614,26.99,0,14,14
3470,31,6,0,809.1182319,-11.7724,26.99,0,12,12
3471,33,7,0,814.4640227,-10.6932,26.99,0,14,14
3472,42,8,0,822.6316083,-16.3368,26.99,0,16,16
3473,54,7,0,838.0615857,-30.8616,26.99,0,14,14
3474,72,8,0,860.6351476,-45.1488,26.99,0,16,16
3475,51,7,0,874.624487,-27.9804,26.99,0,14,14
3476,79,8,0,900.5594123,-51.8716,26.99,0,16,16
3477,63,8,0,918.8111118,-36.5052,26.99,0,16,16
3478,70,7,0,941.924193,-46.228,26.99,0,14,14
3479,90,8,0,973.141251,-62.436,26.99,0,16,16
3480,105,8,0,1011.561278,-76.842,26.99,0,16,16
3481,103,8,0,1049.020866,-74.9212,26.99,0,16,16
3482,103,8,0,1086.480417,-74.9212,26.99,0,16,16
3483,98,8,0,1121.538931,-70.1192,26.99,0,16,16
3484,95,8,0,1155.156809,-67.238,26.99,0,16,16
3485,77,7,0,1181.631054,-52.9508,26.99,0,14,14
3486,76,8,0,1206.125073,-48.9904,26.99,0,16,16
3487,59,8,0,1222.455666,-32.6636,26.99,0,16,16
3488,53,7,0,1237.405044,-29.9012,26.99,0,14,14
3489,36,8,0,1242.691007,-10.5744,26.99,0,16,16
3490,30,7,0,1246.595764,-7.812,26.99,0,14,14
3491,8,8,0,1246.429586,0.329862557,26.99,0,16,0
3492,1,8,0,1242.763408,7.329862557,26.99,0,16,0
3493,0,7,0,1239.117851,7.288629738,26.99,0,14,0
3494,0,8,0,1234.95168,8.329862557,26.99,0,16,0
3495,0,6,0,1231.826747,6.247396918,26.99,0,12,0
3496,0,6,0,1228.701817,6.247396918,26.99,0,12,0
3497,0,6,0,1225.576889,6.247396918,26.99,0,12,0
3498,0,5,0,1222.972582,5.206164098,26.99,0,10,0
3499,0,6,0,1219.84766,6.247396918,26.99,0,12,0
3500,0,5,0,1217.243358,5.206164098,26.99,0,10,0
3501,0,5,0,1214.639059,5.206164098,26.99,0,10,0
3502,0,7,0,1210.99353,7.288629738,26.99,0,14,0
3503,0,6,0,1207.86862,6.247396918,26.99,0,12,0
3504,0,6,0,1204.743714,6.247396918,26.99,0,12,0
3505,0,6,0,1201.618811,6.247396918,26.99,0,12,0
3506,0,7,0,1197.973294,7.288629738,26.99,0,14,0
3507,0,6,0,1194.848398,6.247396918,26.99,0,12,0
3508,0,6,0,1191.723504,6.247396918,26.99,0,12,0
3509,0,6,0,1188.598614,6.247396918,26.99,0,12,0
3510,0,6,0,1185.473727,6.247396918,26.99,0,12,0
3511,0,5,0,1182.86946,5.206164098,26.99,0,10,0
3512,0,5,0,1180.265195,5.206164098,26.99,0,10,0
3513,0,5,0,1177.660932,5.206164098,26.99,0,10,0
3514,4,6,0,1176.536056,2.247396918,26.99,0,12,0
3515,13,5,0,1176.53488,0,26.99,0,10,7.4852
3516,22,6,0,1178.098103,-3.1288,26.99,0,12,12
3517,36,7,0,1184.884125,-13.5744,26.99,0,14,14
3518,54,6,0,1201.81374,-33.8616,26.99,0,12,12
3519,62,8,0,1219.584938,-35.5448,26.99,0,16,16
3520,67,7,0,1241.257119,-43.3468,26.99,0,14,14
3521,84,8,0,1269.592678,-56.6736,26.99,0,16,16
3522,87,8,0,1299.368808,-59.5548,26.99,0,16,16
3523,101,7,0,1337.367709,-76.0004,26.99,0,14,14
3524,104,8,0,1375.307171,-75.8816,26.99,0,16,16
3525,105,7,0,1415.226796,-79.842,26.99,0,14,14
3526,105,8,0,1453.646381,-76.842,26.99,0,16,16
3527,105,8,0,1492.065927,-76.842,26.99,0,16,16
3528,105,7,0,1531.985435,-79.842,26.99,0,14,14
3529,105,8,0,1570.404903,-76.842,26.99,0,16,16
3530,105,8,0,1608.824333,-76.842,26.99,0,16,16
3531,98,7,0,1645.382324,-73.1192,26.99,0,14,14
3532,95,8,0,1678.999678,-67.238,26.99,0,16,16
3533,82,7,0,1707.874399,-57.7528,26.99,0,14,14
3534,77,8,0,1732.848092,-49.9508,26.99,0,16,16
3535,61,7,0,1751.638559,-37.5844,26.99,0,14,14
3536,55,8,0,1766.047807,-28.822,26.99,0,16,16
3537,35,7,0,1772.353041,-12.614,26.99,0,14,14
3538,27,7,0,1774.816669,-4.9308,26.99,0,14,14
3539,9,8,0,1774.814894,0,26.99,0,16,0.6436
3540,1,8,0,1771.148188,7.329862557,26.99,0,16,0
3541,0,6,0,1768.022718,6.247396918,26.99,0,12,0
3542,0,8,0,1763.856019,8.329862557,26.99,0,16,0
3543,0,7,0,1760.20994,7.288629738,26.99,0,14,0
3544,0,7,0,1756.563865,7.288629738,26.99,0,14,0
3545,0,5,0,1753.959026,5.206164098,26.99,0,10,0
3546,0,5,0,1751.35419,5.206164098,26.99,0,10,0
3547,0,5,0,1748.749357,5.206164098,26.99,0,10,0
3548,0,6,0,1745.62391,6.247396918,26.99,0,12,0
3549,0,5,0,1743.019082,5.206164098,26.99,0,10,0
3550,0,5,0,1740.414257,5.206164098,26.99,0,10,0
3551,0,6,0,1737.288818,6.247396918,26.99,0,12,0
3552,0,5,0,1734.683999,5.206164098,26.99,0,10,0
3553,0,5,0,1732.079182,5.206164098,26.99,0,10,0
3554,0,6,0,1728.953752,6.247396918,26.99,0,12,0
3555,0,5,0,1726.348941,5.206164098,26.99,0,10,0
3556,0,5,0,1723.744132,5.206164098,26.99,0,10,0
3557,0,6,0,1720.61871,6.247396918,26.99,0,12,0
3558,0,6,0,1717.493291,6.247396918,26.99,0,12,0
3559,0,6,0,1714.367875,6.247396918,26.99,0,12,0
3560,0,6,0,1711.242462,6.247396918,26.99,0,12,0
3561,0,7,0,1707.596436,7.288629738,26.99,0,14,0
3562,16,6,0,1707.594728,0,26.99,0,12,9.3664
3563,16,6,0,1707.593021,0,26.99,0,12,9.3664
3564,34,6,0,1714.918113,-14.6536,26.99,0,12,12
3565,49,7,0,1727.946198,-26.0596,26.99,0,14,14
3566,12,6,0,1727.94447,0,26.99,0,12,5.5248
3567,11,7,0,1727.942742,0,26.99,0,14,3.5644
3568,5,49,0,1704.93081,46.02040816,26.99,0,98,0
3569,1,42,0,1683.563216,42.73177843,26.99,0,84,0
3570,6,43,0,1664.175027,38.77301125,26.99,0,86,0
3571,8,62,0,1635.895145,56.55643482,26.99,0,124,0
3572,9,57,0,1610.718374,50.35027072,26.99,0,114,0
3573,37,64,0,1595.897313,29.63890046,26.99,0,128,0
3574,80,45,0,1595.895717,0,26.99,0,90,31.832
3575,71,38,0,1595.894121,0,26.99,0,76,30.1884
3576,78,67,0,1595.892526,0,26.99,0,134,7.9112
3577,17,70,0,1567.947781,55.88629738,26.99,0,140,0
3578,10,60,0,1541.709228,52.47396918,26.99,0,120,0
3579,27,57,0,1525.532551,32.35027072,26.99,0,114,0
3580,26,43,0,1516.14452,18.77301125,26.99,0,86,0
3581,14,40,0,1502.318348,27.64931279,26.99,0,80,0
3582,13,38,0,1489.033422,26.56684715,26.99,0,76,0
3583,12,38,0,1475.248509,27.56684715,26.99,0,76,0
3584,9,36,0,1461.004843,28.48438151,26.99,0,72,0
3585,5,38,0,1443.719959,34.56684715,26.99,0,76,0
3586,1,36,0,1425.476324,36.48438151,26.99,0,72,0
3587,0,30,0,1409.856406,31.23698459,26.99,0,60,0
3588,0,27,0,1395.798353,28.11328613,26.99,0,54,0
3589,0,26,0,1382.260931,27.07205331,26.99,0,52,0
3590,0,20,0,1371.847221,20.82465639,26.99,0,40,0
3591,0,6,0,1368.72215,6.247396918,26.99,0,12,0
3592,0,6,0,1365.597083,6.247396918,26.99,0,12,0
3593,0,5,0,1362.992635,5.206164098,26.99,0,10,0
3594,0,5,0,1360.38819,5.206164098,26.99,0,10,0
3595,0,6,0,1357.263132,6.247396918,26.99,0,12,0
3596,0,5,0,1354.658692,5.206164098,26.99,0,10,0
3597,0,6,0,1351.533639,6.247396918,26.99,0,12,0
3598,0,6,0,1348.408589,6.247396918,26.99,0,12,0
3599,0,6,0,1345.283542,6.247396918,26.99,0,12,0
3600,0,6,0,1342.158498,6.247396918,26.99,0,12,0
3601,0,6,0,1339.033458,6.247396918,26.99,0,12,0
3602,0,6,0,1335.90842,6.247396918,26.99,0,12,0
3603,0,6,0,1332.783386,6.247396918,26.99,0,12,0
3604,0,6,0,1329.658355,6.247396918,26.99,0,12,0
3605,0,6,0,1326.533327,6.247396918,26.99,0,12,0
3606,0,6,0,1323.408302,6.247396918,26.99,0,12,0
3607,0,6,0,1320.28328,6.247396918,26.99,0,12,0
3608,0,6,0,1317.158261,6.247396918,26.99,0,12,0
3609,0,6,0,1314.033245,6.247396918,26.99,0,12,0
3610,1,6,0,1311.408233,5.247396918,26.99,0,12,0
3611,6,6,0,1311.283223,0.247396918,26.99,0,12,0
3612,21,5,0,1313.866112,-5.1684,26.99,0,10,10
3613,20,5,0,1315.968798,-4.208,26.99,0,10,10
3614,41,6,0,1326.655682,-21.3764,26.99,0,12,12
3615,64,9,0,1343.887155,-34.4656,26.99,0,18,18
3616,76,21,0,1348.881011,-9.9904,26.99,0,42,42
3617,70,24,0,1348.879663,0,26.99,0,48,43.228
3618,86,30,0,1348.878314,0,26.99,0,60,52.5944
3619,95,37,0,1348.876965,0,26.99,0,74,54.238
3620,100,55,0,1348.875616,0,26.99,0,110,41.04
3621,105,53,0,1348.874267,0,26.99,0,106,47.842
3622,105,51,0,1348.872918,0,26.99,0,102,49.842
3623,99,20,0,1366.411369,-35.0796,26.99,0,40,40
3624,103,53,0,1366.410003,0,26.99,0,106,45.9212
3625,61,61,0,1365.151035,2.515201999,26.99,0,122,0
3626,67,54,0,1365.14967,0,26.99,0,108,10.3468
3627,56,51,0,1365.148305,0,26.99,0,102,2.7824
3628,56,50,0,1365.14694,0,26.99,0,100,3.7824
3629,64,48,0,1365.145575,0,26.99,0,96,13.4656
3630,64,54,0,1365.14421,0,26.99,0,108,7.4656
3631,22,69,0,1340.220312,49.84506456,26.99,0,138,0
3632,35,43,0,1335.332466,9.773011245,26.99,0,86,0
3633,15,43,0,1320.444625,29.77301125,26.99,0,86,0
3634,7,41,0,1302.598032,35.69054561,26.99,0,82,0
3635,11,38,0,1288.313306,28.56684715,26.99,0,76,0
3636,1,33,0,1271.631676,33.36068305,26.99,0,66,0
3637,0,34,0,1253.929447,35.40191587,26.99,0,68,0
3638,0,32,0,1237.268468,33.31945023,26.99,0,64,0
3639,0,24,0,1224.772437,24.98958767,26.99,0,48,0
3640,0,6,0,1221.647513,6.247396918,26.99,0,12,0
3641,0,5,0,1219.04321,5.206164098,26.99,0,10,0
3642,0,6,0,1215.918292,6.247396918,26.99,0,12,0
3643,0,5,0,1213.313994,5.206164098,26.99,0,10,0
3644,0,6,0,1210.189082,6.247396918,26.99,0,12,0
3645,0,7,0,1206.543557,7.288629738,26.99,0,14,0
3646,0,6,0,1203.418652,6.247396918,26.99,0,12,0
3647,0,6,0,1200.29375,6.247396918,26.99,0,12,0
3648,0,6,0,1197.168852,6.247396918,26.99,0,12,0
3649,0,6,0,1194.043956,6.247396918,26.99,0,12,0
3650,0,6,0,1190.919064,6.247396918,26.99,0,12,0
3651,0,6,0,1187.794174,6.247396918,26.99,0,12,0
3652,0,5,0,1185.189904,5.206164098,26.99,0,10,0
3653,0,6,0,1182.065021,6.247396918,26.99,0,12,0
3654,0,5,0,1179.460757,5.206164098,26.99,0,10,0
3655,0,5,0,1176.856495,5.206164098,26.99,0,10,0
3656,0,6,0,1173.73162,6.247396918,26.99,0,12,0
3657,0,5,0,1171.127364,5.206164098,26.99,0,10,0
3658,0,5,0,1168.523111,5.206164098,26.99,0,10,0
3659,0,6,0,1165.398244,6.247396918,26.99,0,12,0
3660,1,5,0,1163.293996,4.206164098,26.99,0,10,0
3661,23,7,0,1163.837433,-1.0892,26.99,0,14,14
3662,50,6,0,1178.846269,-30.02,26.99,0,12,12
3663,52,10,0,1188.81549,-19.9408,26.99,0,20,20
3664,53,24,0,1188.814302,0,26.99,0,48,26.9012
3665,78,27,0,1188.813113,0,26.99,0,54,47.9112
3666,85,27,0,1189.128924,-0.634,26.99,0,54,54
3667,95,65,0,1189.127735,0,26.99,0,130,26.238
3668,98,92,0,1189.126546,0,26.99,0,184,2.1192
3669,105,64,0,1189.125357,0,26.99,0,128,36.842
3670,105,55,0,1189.124167,0,26.99,0,110,45.842
3671,103,20,0,1208.583578,-38.9212,26.99,0,40,40
3672,105,68,0,1208.58237,0,26.99,0,136,32.842
3673,105,57,0,1208.581161,0,26.99,0,114,43.842
3674,105,56,0,1208.579953,0,26.99,0,112,44.842
3675,95,64,0,1208.578744,0,26.99,0,128,27.238
3676,86,69,0,1208.577535,0,26.99,0,138,13.5944
3677,75,73,0,1208.071329,1.009995835,26.99,0,146,0
3678,70,57,0,1208.070121,0,26.99,0,114,10.228
3679,54,58,0,1204.873161,6.39150354,26.99,0,116,0
3680,40,55,0,1196.238054,17.26780508,26.99,0,110,0
3681,27,52,0,1182.664804,27.14410662,26.99,0,104,0
3682,15,51,0,1163.612184,38.1028738,26.99,0,102,0
3683,7,34,0,1149.410063,28.40191587,26.99,0,68,0
3684,2,10,0,1145.202749,8.412328197,26.99,0,20,0
3685,0,6,0,1142.077906,6.247396918,26.99,0,12,0
3686,0,7,0,1138.432449,7.288629738,26.99,0,14,0
3687,0,6,0,1135.307612,6.247396918,26.99,0,12,0
3688,0,6,0,1132.182778,6.247396918,26.99,0,12,0
3689,0,6,0,1129.057947,6.247396918,26.99,0,12,0
3690,0,5,0,1126.453736,5.206164098,26.99,0,10,0
3691,0,5,0,1123.849528,5.206164098,26.99,0,10,0
3692,0,6,0,1120.724706,6.247396918,26.99,0,12,0
3693,0,6,0,1117.599886,6.247396918,26.99,0,12,0
3694,0,7,0,1113.954454,7.288629738,26.99,0,14,0
3695,0,6,0,1110.829641,6.247396918,26.99,0,12,0
3696,0,6,0,1107.704832,6.247396918,26.99,0,12,0
3697,0,6,0,1104.580026,6.247396918,26.99,0,12,0
3698,0,6,0,1101.455223,6.247396918,26.99,0,12,0
3699,0,6,0,1098.330423,6.247396918,26.99,0,12,0
3700,0,7,0,1094.68501,7.288629738,26.99,0,14,0
3701,0,6,0,1091.560217,6.247396918,26.99,0,12,0
3702,0,5,0,1088.956043,5.206164098,26.99,0,10,0
3703,0,5,0,1086.351872,5.206164098,26.99,0,10,0
3704,0,5,0,1083.747704,5.206164098,26.99,0,10,0
3705,0,6,0,1080.622922,6.247396918,26.99,0,12,0
3706,0,5,0,1078.018759,5.206164098,26.99,0,10,0
3707,0,5,0,1075.414599,5.206164098,26.99,0,10,0
3708,0,5,0,1072.810441,5.206164098,26.99,0,10,0
3709,0,6,0,1069.68567,6.247396918,26.99,0,12,0
3710,1,6,0,1067.060902,5.247396918,26.99,0,12,0
3711,1,9,0,1062.874287,8.371095377,26.99,0,18,0
3712,0,29,0,1047.775348,30.19575177,26.99,0,58,0
3713,4,22,0,1038.32074,18.90712203,26.99,0,44,0
3714,5,27,0,1026.763058,23.11328613,26.99,0,54,0
3715,8,28,0,1016.184772,21.15451895,26.99,0,56,0
3716,9,26,0,1007.147729,18.07205331,26.99,0,52,0
3717,6,27,0,996.0900789,22.11328613,26.99,0,54,0
3718,10,26,0,987.5530562,17.07205331,26.99,0,52,0
3719,14,14,0,987.2634389,0.577259475,26.99,0,28,0
3720,13,20,0,983.3501234,7.824656393,26.99,0,40,0
3721,11,24,0,976.3543462,13.98958767,26.99,0,48,0
3722,26,25,0,976.3379596,0.030820491,26.99,0,50,0
3723,2,25,0,964.321573,24.03082049,26.99,0,50,0
3724,9,26,0,955.2845821,18.07205331,26.99,0,52,0
3725,12,26,0,947.7476001,15.07205331,26.99,0,52,0
3726,19,24,0,944.7518585,5.989587672,26.99,0,48,0
3727,21,40,0,934.4262574,20.64931279,26.99,0,80,0
3728,7,22,0,926.4717619,15.90712203,26.99,0,44,0
3729,7,18,0,920.5997401,11.74219075,26.99,0,36,0
3730,2,20,0,911.1864913,18.82465639,26.99,0,40,0
3731,0,21,0,900.2526355,21.86588921,26.99,0,42,0
3732,0,18,0,890.8806399,18.74219075,26.99,0,36,0
3733,0,15,0,883.0705029,15.61849229,26.99,0,30,0
3734,0,7,0,879.4253049,7.288629738,26.99,0,14,0
3735,0,7,0,875.7801106,7.288629738,26.99,0,14,0
3736,0,6,0,872.6555364,6.247396918,26.99,0,12,0
3737,0,6,0,869.5309653,6.247396918,26.99,0,12,0
3738,0,5,0,866.9270137,5.206164098,26.99,0,10,0
3739,0,5,0,864.3230647,5.206164098,26.99,0,10,0
3740,0,6,0,861.1985019,6.247396918,26.99,0,12,0
3741,0,6,0,858.0739423,6.247396918,26.99,0,12,0
3742,0,7,0,854.4287693,7.288629738,26.99,0,14,0
3743,0,6,0,851.3042164,6.247396918,26.99,0,12,0
3744,0,6,0,848.1796667,6.247396918,26.99,0,12,0
3745,0,6,0,845.05512,6.247396918,26.99,0,12,0
3746,0,6,0,841.9305765,6.247396918,26.99,0,12,0
3747,0,6,0,838.8060361,6.247396918,26.99,0,12,0
3748,0,6,0,835.6814989,6.247396918,26.99,0,12,0
3749,0,6,0,832.5569647,6.247396918,26.99,0,12,0
3750,0,6,0,829.4324337,6.247396918,26.99,0,12,0
3751,0,6,0,826.3079058,6.247396918,26.99,0,12,0
3752,0,6,0,823.1833811,6.247396918,26.99,0,12,0
3753,0,6,0,820.0588594,6.247396918,26.99,0,12,0
3754,5,6,0,819.4343409,1.247396918,26.99,0,12,0
3755,12,6,0,819.4335215,0,26.99,0,12,5.5248
3756,24,7,0,820.457502,-2.0496,26.99,0,14,14
3757,33,6,0,827.3032816,-13.6932,26.99,0,12,12
3758,52,7,0,841.7728543,-28.9408,26.99,0,14,14
3759,83,10,0,866.6286125,-49.7132,26.99,0,20,20
3760,81,26,0,866.6277459,0,26.99,0,52,51.7924
3761,97,28,0,871.2062792,-9.1588,26.99,0,56,56
3762,103,34,0,871.205408,0,26.99,0,68,64.9212
3763,105,51,0,871.2045368,0,26.99,0,102,49.842
3764,105,53,0,871.2036656,0,26.99,0,106,47.842
3765,105,37,0,871.2027944,0,26.99,0,74,63.842
3766,93,54,0,871.2019232,0,26.99,0,108,35.3172
3767,67,34,0,871.201052,0,26.99,0,68,30.3468
3768,79,91,0,863.3240875,15.75218659,26.99,0,182,0
3769,72,82,0,856.6326786,13.38109121,26.99,0,164,0
3770,85,84,0,855.4000435,2.463556851,26.99,0,168,0
3771,65,65,0,854.0591215,2.680133278,26.99,0,130,0
3772,60,49,0,854.0582674,0,26.99,0,98,8.624
3773,63,61,0,853.7998124,0.515201999,26.99,0,122,0
3774,73,63,0,853.7989586,0,26.99,0,126,7.1092
3775,61,41,0,853.7981048,0,26.99,0,82,17.5844
3776,49,41,0,853.797251,0,26.99,0,82,6.0596
3777,29,32,0,851.6366721,4.319450229,26.99,0,64,0
3778,17,8,0,851.6358204,0,26.99,0,16,8.3268
3779,13,8,0,851.6349688,0,26.99,0,16,4.4852
3780,2,7,0,848.9898023,5.288629738,26.99,0,14,0
3781,0,7,0,845.3446384,7.288629738,26.99,0,14,0
3782,0,7,0,841.6994782,7.288629738,26.99,0,14,0
3783,0,8,0,837.5337052,8.329862557,26.99,0,16,0
3784,0,6,0,834.4091692,6.247396918,26.99,0,12,0
3785,0,5,0,831.8052528,5.206164098,26.99,0,10,0
3786,0,5,0,829.2013389,5.206164098,26.99,0,10,0
3787,0,6,0,826.0768113,6.247396918,26.99,0,12,0
3788,0,5,0,823.4729031,5.206164098,26.99,0,10,0
3789,0,6,0,820.3483812,6.247396918,26.99,0,12,0
3790,0,5,0,817.7444788,5.206164098,26.99,0,10,0
3791,0,6,0,814.6199626,6.247396918,26.99,0,12,0
3792,0,5,0,812.0160659,5.206164098,26.99,0,10,0
3793,0,5,0,809.4121719,5.206164098,26.99,0,10,0
3794,0,6,0,806.287664,6.247396918,26.99,0,12,0
3795,0,5,0,803.6837757,5.206164098,26.99,0,10,0
3796,0,6,0,800.5592735,6.247396918,26.99,0,12,0
3797,0,6,0,797.4347745,6.247396918,26.99,0,12,0
3798,0,6,0,794.3102786,6.247396918,26.99,0,12,0
3799,0,6,0,791.1857858,6.247396918,26.99,0,12,0
3800,0,6,0,788.0612962,6.247396918,26.99,0,12,0
3801,1,6,0,785.4368097,5.247396918,26.99,0,12,0
3802,5,6,0,784.8123258,1.247396918,26.99,0,12,0
3803,16,7,0,784.811541,0,26.99,0,14,8.3664
3804,28,6,0,789.2563562,-8.8912,26.99,0,12,12
3805,21,6,0,790.3397669,-2.1684,26.99,0,12,12
3806,49,7,0,803.3687766,-26.0596,26.99,0,14,14
3807,31,25,0,803.3679732,0,26.99,0,50,4.7724
3808,34,29,0,803.3671698,0,26.99,0,58,3.6536
3809,29,26,0,803.3663665,0,26.99,0,52,1.8516
3810,36,26,0,803.3655631,0,26.99,0,52,8.5744
3811,66,29,0,803.3647597,0,26.99,0,58,34.3864
3812,86,36,0,803.3639564,0,26.99,0,72,46.5944
3813,103,43,0,803.363153,0,26.99,0,86,55.9212
3814,104,41,0,803.3623496,0,26.99,0,82,58.8816
3815,103,19,0,824.3221463,-41.9212,26.99,0,38,38
3816,103,46,0,824.321322,0,26.99,0,92,52.9212
3817,105,52,0,824.3204976,0,26.99,0,104,48.842
3818,105,49,0,824.3196733,0,26.99,0,98,51.842
3819,93,47,0,824.318849,0,26.99,0,94,42.3172
3820,96,46,0,824.3180247,0,26.99,0,92,46.1984
3821,80,45,0,824.3172004,0,26.99,0,90,31.832
3822,71,45,0,824.316376,0,26.99,0,90,23.1884
3823,59,42,0,824.3155517,0,26.99,0,84,14.6636
3824,47,8,0,834.8841274,-21.1388,26.99,0,16,16
3825,37,7,0,842.1506925,-14.5348,26.99,0,14,14
3826,31,8,0,845.0360504,-5.7724,26.99,0,16,16
3827,7,7,0,844.8908905,0.288629738,26.99,0,14,0
3828,0,8,0,840.7251143,8.329862557,26.99,0,16,0
3829,0,7,0,837.0799587,7.288629738,26.99,0,14,0
3830,0,7,0,833.4348068,7.288629738,26.99,0,14,0
3831,0,7,0,829.7896585,7.288629738,26.99,0,14,0
3832,0,6,0,826.6651302,6.247396918,26.99,0,12,0
3833,0,5,0,824.0612215,5.206164098,26.99,0,10,0
3834,0,6,0,820.936699,6.247396918,26.99,0,12,0
3835,0,5,0,818.332796,5.206164098,26.99,0,10,0
3836,0,5,0,815.7288956,5.206164098,26.99,0,10,0
3837,0,6,0,812.6043814,6.247396918,26.99,0,12,0
3838,0,5,0,810.0004868,5.206164098,26.99,0,10,0
3839,0,6,0,806.8759783,6.247396918,26.99,0,12,0
3840,0,5,0,804.2720894,5.206164098,26.99,0,10,0
3841,0,6,0,801.1475866,6.247396918,26.99,0,12,0
3842,0,6,0,798.023087,6.247396918,26.99,0,12,0
3843,0,6,0,794.8985906,6.247396918,26.99,0,12,0
3844,0,6,0,791.7740972,6.247396918,26.99,0,12,0
3845,0,6,0,788.649607,6.247396918,26.99,0,12,0
3846,0,6,0,785.5251199,6.247396918,26.99,0,12,0
3847,0,7,0,781.8800195,7.288629738,26.99,0,14,0
3848,0,6,0,778.7555391,6.247396918,26.99,0,12,0
3849,0,6,0,775.6310619,6.247396918,26.99,0,12,0
3850,3,6,0,774.0065878,3.247396918,26.99,0,12,0
3851,8,5,0,774.0058138,0,26.99,0,10,2.6832
3852,21,5,0,776.5892398,-5.1684,26.99,0,10,10
3853,15,6,0,776.5884632,0,26.99,0,12,8.406
3854,26,5,0,781.5728866,-9.9704,26.99,0,10,10
3855,33,16,0,781.5721051,0,26.99,0,32,15.6932
3856,39,46,0,777.1229686,8.896709704,26.99,0,92,0
3857,54,40,0,777.1221915,0,26.99,0,80,11.8616
3858,57,42,0,777.1214144,0,26.99,0,84,12.7428
3859,92,37,0,777.1206373,0,26.99,0,74,51.3568
3860,87,41,0,777.1198601,0,26.99,0,82,42.5548
3861,81,44,0,777.119083,0,26.99,0,88,33.7924
3862,93,45,0,777.1183059,0,26.99,0,90,44.3172
3863,105,24,0,791.5385288,-28.842,26.99,0,48,48
3864,105,54,0,791.5377372,0,26.99,0,108,46.842
3865,105,55,0,791.5369457,0,26.99,0,110,45.842
3866,105,51,0,791.5361542,0,26.99,0,102,49.842
3867,89,51,0,791.5353626,0,26.99,0,102,34.4756
3868,81,50,0,791.5345711,0,26.99,0,100,27.7924
3869,80,49,0,791.5337796,0,26.99,0,98,27.832
3870,61,48,0,791.532988,0,26.99,0,96,10.5844
3871,44,47,0,789.0632252,4.937942524,26.99,0,94,0
3872,44,47,0,786.5934649,4.937942524,26.99,0,94,0
3873,29,45,0,777.6649399,17.85547688,26.99,0,90,0
3874,12,42,0,761.798273,31.73177843,26.99,0,84,0
3875,10,32,0,750.1377861,23.31945023,26.99,0,64,0
3876,2,7,0,747.4927211,5.288629738,26.99,0,14,0
3877,0,7,0,743.8476587,7.288629738,26.99,0,14,0
3878,0,6,0,740.7232164,6.247396918,26.99,0,12,0
3879,0,7,0,737.0781608,7.288629738,26.99,0,14,0
3880,0,6,0,733.9537253,6.247396918,26.99,0,12,0
3881,0,5,0,731.3499093,5.206164098,26.99,0,10,0
3882,0,5,0,728.7460959,5.206164098,26.99,0,10,0
3883,0,6,0,725.6216687,6.247396918,26.99,0,12,0
3884,0,5,0,723.017861,5.206164098,26.99,0,10,0
3885,0,5,0,720.4140559,5.206164098,26.99,0,10,0
3886,0,6,0,717.2896371,6.247396918,26.99,0,12,0
3887,0,5,0,714.6858377,5.206164098,26.99,0,10,0
3888,0,5,0,712.082041,5.206164098,26.99,0,10,0
3889,0,5,0,709.4782469,5.206164098,26.99,0,10,0
3890,0,6,0,706.3538389,6.247396918,26.99,0,12,0
3891,0,5,0,703.7500505,5.206164098,26.99,0,10,0
3892,0,6,0,700.6256483,6.247396918,26.99,0,12,0
3893,0,6,0,697.5012492,6.247396918,26.99,0,12,0
3894,0,7,0,693.8562369,7.288629738,26.99,0,14,0
3895,0,6,0,690.7318445,6.247396918,26.99,0,12,0
3896,0,6,0,687.6074554,6.247396918,26.99,0,12,0
3897,0,6,0,684.4830693,6.247396918,26.99,0,12,0
3898,3,6,0,682.8586863,3.247396918,26.99,0,12,0
3899,12,6,0,682.8580035,0,26.99,0,12,5.5248
3900,24,6,0,685.3821206,-5.0496,26.99,0,12,12
3901,38,7,0,693.1290352,-15.4952,26.99,0,14,14
3902,51,6,0,708.6185421,-30.9804,26.99,0,12,12
3903,58,31,0,708.6178335,0,26.99,0,62,24.7032
3904,62,72,0,702.1327434,12.96876302,26.99,0,144,0
3905,78,53,0,702.1320412,0,26.99,0,106,21.9112
3906,83,50,0,702.1313391,0,26.99,0,100,29.7132
3907,92,53,0,702.130637,0,26.99,0,106,35.3568
3908,93,56,0,702.1299348,0,26.99,0,112,33.3172
3909,99,57,0,702.1292327,0,26.99,0,114,38.0796
3910,105,61,0,702.1285306,0,26.99,0,122,39.842
3911,105,24,0,716.5488285,-28.842,26.99,0,48,48
3912,105,71,0,716.5481119,0,26.99,0,142,29.842
3913,105,77,0,716.5473954,0,26.99,0,154,23.842
3914,104,69,0,716.5466788,0,26.99,0,138,30.8816
3915,93,66,0,716.5459623,0,26.99,0,132,23.3172
3916,83,62,0,716.5452457,0,26.99,0,124,17.7132
3917,80,61,0,716.5445292,0,26.99,0,122,15.832
3918,75,65,0,716.5438126,0,26.99,0,130,7.03
3919,46,63,0,706.7442623,19.59766764,26.99,0,126,0
3920,3,58,0,678.0478038,57.39150354,26.99,0,116,0
3921,3,53,0,651.954456,52.18533944,26.99,0,106,0
3922,2,49,0,627.4435999,49.02040816,26.99,0,98,0
3923,1,40,0,607.1183161,40.64931279,26.99,0,80,0
3924,0,7,0,603.4733941,7.288629738,26.99,0,14,0
3925,0,6,0,600.3490922,6.247396918,26.99,0,12,0
3926,0,6,0,597.2247934,6.247396918,26.99,0,12,0
3927,0,7,0,593.5798813,7.288629738,26.99,0,14,0
3928,0,6,0,590.4555892,6.247396918,26.99,0,12,0
3929,0,5,0,587.8519167,5.206164098,26.99,0,10,0
3930,0,6,0,584.7276304,6.247396918,26.99,0,12,0
3931,0,6,0,581.6033472,6.247396918,26.99,0,12,0
3932,0,5,0,578.9996836,5.206164098,26.99,0,10,0
3933,0,6,0,575.8754061,6.247396918,26.99,0,12,0
3934,0,5,0,573.2717482,5.206164098,26.99,0,10,0
3935,0,6,0,570.1474765,6.247396918,26.99,0,12,0
3936,0,6,0,567.0232079,6.247396918,26.99,0,12,0
3937,0,6,0,563.8989424,6.247396918,26.99,0,12,0
3938,0,6,0,560.77468,6.247396918,26.99,0,12,0
3939,0,7,0,557.1298044,7.288629738,26.99,0,14,0
3940,0,6,0,554.0055488,6.247396918,26.99,0,12,0
3941,0,6,0,550.8812963,6.247396918,26.99,0,12,0
3942,0,5,0,548.2776634,5.206164098,26.99,0,10,0
3943,0,6,0,545.1534167,6.247396918,26.99,0,12,0
3944,0,5,0,542.5497895,5.206164098,26.99,0,10,0
3945,0,5,0,539.9461649,5.206164098,26.99,0,10,0
3946,4,5,0,539.3425429,1.206164098,26.99,0,10,0
3947,12,6,0,539.3420035,0,26.99,0,12,5.5248
3948,24,5,0,543.3662642,-8.0496,26.99,0,10,10
3949,37,7,0,550.6331208,-14.5348,26.99,0,14,14
3950,45,6,0,563.2415702,-25.218,26.99,0,12,12
3951,62,18,0,566.0134069,-5.5448,26.99,0,36,36
3952,71,36,0,566.0128409,0,26.99,0,72,32.1884
3953,79,42,0,566.0122749,0,26.99,0,84,33.8716
3954,87,57,0,566.0117089,0,26.99,0,114,26.5548
3955,93,78,0,566.0111429,0,26.99,0,156,11.3172
3956,105,60,0,566.0105769,0,26.99,0,120,40.842
3957,64,54,0,566.0100109,0,26.99,0,108,7.4656
3958,75,64,0,566.0094449,0,26.99,0,128,8.03
3959,72,49,0,566.0088789,0,26.99,0,98,20.1488
3960,89,88,0,564.6940688,2.62848813,26.99,0,176,0
3961,105,95,0,564.6935041,0,26.99,0,190,5.842
3962,105,91,0,564.6929394,0,26.99,0,182,9.842
3963,82,80,0,564.0430619,1.298625573,26.99,0,160,0
3964,84,63,0,564.0424979,0,26.99,0,126,17.6736
3965,76,63,0,564.0419338,0,26.99,0,126,9.9904
3966,65,71,0,559.5776047,8.927530196,26.99,0,142,0
3967,57,67,0,553.1957457,12.76259892,26.99,0,134,0
3968,51,57,0,549.0200571,8.350270721,26.99,0,114,0
3969,31,62,0,532.2412907,33.55643482,26.99,0,124,0
3970,19,58,0,511.5450067,41.39150354,26.99,0,116,0
3971,7,57,0,485.3693598,52.35027072,26.99,0,114,0
3972,0,47,0,460.8999031,48.93794252,26.99,0,94,0
3973,0,15,0,453.0901961,15.61849229,26.99,0,30,0
3974,0,8,0,448.9248117,8.329862557,26.99,0,16,0
3975,0,9,0,444.2388151,9.371095377,26.99,0,18,0
3976,0,7,0,440.594056,7.288629738,26.99,0,14,0
3977,0,7,0,436.9493005,7.288629738,26.99,0,14,0
3978,0,7,0,433.3045487,7.288629738,26.99,0,14,0
3979,0,6,0,430.1804169,6.247396918,26.99,0,12,0
3980,0,7,0,426.5356719,7.288629738,26.99,0,14,0
3981,0,6,0,423.4115469,6.247396918,26.99,0,12,0
3982,0,7,0,419.7668086,7.288629738,26.99,0,14,0
3983,0,6,0,416.6426904,6.247396918,26.99,0,12,0
3984,0,7,0,412.9979589,7.288629738,26.99,0,14,0
3985,0,6,0,409.8738474,6.247396918,26.99,0,12,0
3986,0,6,0,406.7497391,6.247396918,26.99,0,12,0
3987,0,6,0,403.6256339,6.247396918,26.99,0,12,0
3988,0,6,0,400.5015318,6.247396918,26.99,0,12,0
3989,0,7,0,396.8568164,7.288629738,26.99,0,14,0
3990,0,6,0,393.7327211,6.247396918,26.99,0,12,0
3991,0,7,0,390.0880125,7.288629738,26.99,0,14,0
3992,0,7,0,386.4433076,7.288629738,26.99,0,14,0
3993,0,6,0,383.3192226,6.247396918,26.99,0,12,0
3994,3,7,0,381.1745245,4.288629738,26.99,0,14,0
3995,13,7,0,381.1741433,0,26.99,0,14,5.4852
3996,25,7,0,382.6787621,-3.01,26.99,0,14,14
3997,37,6,0,391.4457794,-17.5348,26.99,0,12,12
3998,50,8,0,403.455388,-24.02,26.99,0,16,16
3999,61,21,0,403.4549845,0,26.99,0,42,37.5844
4000,70,50,0,403.4545811,0,26.99,0,100,17.228
4001,79,64,0,403.4541776,0,26.99,0,128,11.8716
4002,86,64,0,403.4537742,0,26.99,0,128,18.5944
4003,90,61,0,403.4533707,0,26.99,0,122,25.436
4004,94,63,0,403.4529673,0,26.99,0,126,27.2776
4005,98,65,0,403.4525638,0,26.99,0,130,29.1192
4006,105,81,0,403.4521604,0,26.99,0,162,19.842
4007,102,27,0,411.9321569,-16.9608,26.99,0,54,54
4008,103,67,0,411.931745,0,26.99,0,134,31.9212
4009,99,73,0,411.931333,0,26.99,0,146,22.0796
4010,94,69,0,411.9309211,0,26.99,0,138,21.2776
4011,90,80,0,411.9305092,0,26.99,0,160,6.436
4012,84,85,0,409.6777024,4.504789671,26.99,0,170,0
4013,79,81,0,407.0073635,5.339858392,26.99,0,162,0
4014,74,82,0,401.3164109,11.38109121,26.99,0,164,0
4015,58,79,0,389.1873132,24.25739275,26.99,0,158,0
4016,53,53,0,388.0942543,2.185339442,26.99,0,106,0
4017,32,54,0,375.9805801,24.22657226,26.99,0,108,0
4018,20,52,0,358.9081508,34.14410662,26.99,0,104,0
4019,8,47,0,338.4388206,40.93794252,26.99,0,94,0
4020,0,45,0,315.0107438,46.85547688,26.99,0,90,0
4021,0,17,0,306.1599498,17.70095793,26.99,0,34,0
4022,0,8,0,301.9947123,8.329862557,26.99,0,16,0
4023,0,8,0,297.8294791,8.329862557,26.99,0,16,0
4024,0,8,0,293.66425,8.329862557,26.99,0,16,0
4025,0,7,0,290.0196414,7.288629738,26.99,0,14,0
4026,0,7,0,286.3750365,7.288629738,26.99,0,14,0
4027,0,7,0,282.7304353,7.288629738,26.99,0,14,0
4028,0,7,0,279.0858377,7.288629738,26.99,0,14,0
4029,0,6,0,275.9618601,6.247396918,26.99,0,12,0
4030,0,7,0,272.3172693,7.288629738,26.99,0,14,0
4031,0,6,0,269.1932985,6.247396918,26.99,0,12,0
4032,0,7,0,265.5487145,7.288629738,26.99,0,14,0
4033,0,6,0,262.4247505,6.247396918,26.99,0,12,0
4034,0,6,0,259.3007896,6.247396918,26.99,0,12,0
4035,0,6,0,256.1768318,6.247396918,26.99,0,12,0
4036,0,7,0,252.5322608,7.288629738,26.99,0,14,0
4037,0,7,0,248.8876934,7.288629738,26.99,0,14,0
4038,0,7,0,245.2431296,7.288629738,26.99,0,14,0
4039,0,7,0,241.5985695,7.288629738,26.99,0,14,0
4040,0,7,0,237.954013,7.288629738,26.99,0,14,0
4041,0,7,0,234.3094602,7.288629738,26.99,0,14,0
4042,3,7,0,232.164911,4.288629738,26.99,0,14,0
4043,11,7,0,232.1646789,0,26.99,0,14,3.5644
4044,24,7,0,233.1892467,-2.0496,26.99,0,14,14
4045,37,6,0,241.9564135,-17.5348,26.99,0,12,12
4046,51,7,0,255.9463716,-27.9804,26.99,0,14,14
4047,61,17,0,259.7383156,-7.5844,26.99,0,34,34
4048,71,38,0,259.7380559,0,26.99,0,76,30.1884
4049,80,40,0,259.7377961,0,26.99,0,80,36.832
4050,86,44,0,259.7375364,0,26.99,0,88,38.5944
4051,101,56,0,259.7372767,0,26.99,0,112,41.0004
4052,104,44,0,259.7370169,0,26.99,0,88,55.8816
4053,99,43,0,259.7367572,0,26.99,0,86,52.0796
4054,105,45,0,259.7364975,0,26.99,0,90,55.842
4055,105,26,0,271.1572377,-22.842,26.99,0,52,52
4056,105,47,0,271.1569666,0,26.99,0,94,53.842
4057,105,59,0,271.1566954,0,26.99,0,118,41.842
4058,105,67,0,271.1564243,0,26.99,0,134,33.842
4059,98,77,0,271.1561531,0,26.99,0,154,17.1192
4060,94,62,0,271.1558819,0,26.99,0,124,28.2776
4061,81,71,0,271.1556108,0,26.99,0,142,6.7924
4062,75,56,0,271.1553396,0,26.99,0,112,16.03
4063,59,50,0,271.1550685,0,26.99,0,100,6.6636
4064,53,48,0,271.1547973,0,26.99,0,96,2.9012
4065,15,46,0,254.7061713,32.8967097,26.99,0,92,0
4066,20,45,0,241.2781782,26.85547688,26.99,0,90,0
4067,11,46,0,222.829582,36.8967097,26.99,0,92,0
4068,1,44,0,200.4222372,44.81424406,26.99,0,88,0
4069,0,40,0,179.5973804,41.64931279,26.99,0,80,0
4070,0,11,0,173.8704202,11.45356102,26.99,0,22,0
4071,0,7,0,170.2259315,7.288629738,26.99,0,14,0
4072,0,6,0,167.1020628,6.247396918,26.99,0,12,0
4073,0,6,0,163.9781973,6.247396918,26.99,0,12,0
4074,0,5,0,161.3749512,5.206164098,26.99,0,10,0
4075,0,5,0,158.7717078,5.206164098,26.99,0,10,0
4076,0,6,0,155.6478506,6.247396918,26.99,0,12,0
4077,0,5,0,153.0446129,5.206164098,26.99,0,10,0
4078,0,5,0,150.4413778,5.206164098,26.99,0,10,0
4079,0,6,0,147.3175289,6.247396918,26.99,0,12,0
4080,0,5,0,144.7142995,5.206164098,26.99,0,10,0
4081,0,5,0,142.1110728,5.206164098,26.99,0,10,0
4082,0,6,0,138.9872322,6.247396918,26.99,0,12,0
4083,0,6,0,135.8633947,6.247396918,26.99,0,12,0
4084,0,6,0,132.7395604,6.247396918,26.99,0,12,0
4085,0,6,0,129.6157292,6.247396918,26.99,0,12,0
4086,0,6,0,126.4919011,6.247396918,26.99,0,12,0
4087,0,6,0,123.3680762,6.247396918,26.99,0,12,0
4088,0,6,0,120.2442544,6.247396918,26.99,0,12,0
4089,0,6,0,117.1204357,6.247396918,26.99,0,12,0
4090,3,6,0,115.4966201,3.247396918,26.99,0,12,0
4091,11,6,0,115.4965046,0,26.99,0,12,4.5644
4092,23,7,0,116.0409891,-1.0892,26.99,0,14,14
4093,37,7,0,123.3082731,-14.5348,26.99,0,14,14
4094,49,8,0,134.8379497,-23.0596,26.99,0,16,16
4095,63,18,0,138.0904149,-6.5052,26.99,0,36,36
4096,59,54,0,138.0902768,0,26.99,0,108,2.6636
4097,76,48,0,138.0901387,0,26.99,0,96,24.9904
4098,89,48,0,138.0900006,0,26.99,0,96,37.4756
4099,95,48,0,138.0898625,0,26.99,0,96,43.238
4100,102,49,0,138.0897245,0,26.99,0,98,48.9608
4101,101,52,0,138.0895864,0,26.99,0,104,45.0004
4102,105,56,0,138.0894483,0,26.99,0,112,44.842
4103,105,47,0,138.0893102,0,26.99,0,94,53.842
4104,105,69,0,138.0891721,0,26.99,0,138,31.842
4105,105,74,0,138.089034,0,26.99,0,148,26.842
4106,105,75,0,138.0888959,0,26.99,0,150,25.842
4107,99,69,0,138.0887578,0,26.99,0,138,26.0796
4108,95,77,0,138.0886197,0,26.99,0,154,14.238
4109,81,68,0,138.0884817,0,26.99,0,136,9.7924
4110,73,53,0,138.0883436,0,26.99,0,106,17.1092
4111,57,52,0,138.0882055,0,26.99,0,104,2.7428
4112,46,48,0,136.0984797,3.979175344,26.99,0,96,0
4113,32,47,0,127.6293724,16.93794252,26.99,0,94,0
4114,19,45,0,113.7015063,27.85547688,26.99,0,90,0
4115,7,37,0,97.93858542,31.52561433,26.99,0,74,0
4116,1,35,0,80.21691314,35.44314869,26.99,0,70,0
4117,0,32,0,63.55710781,33.31945023,26.99,0,64,0
4118,0,8,0,59.39211297,8.329862557,26.99,0,16,0
4119,0,6,0,56.26835512,6.247396918,26.99,0,12,0
4120,0,6,0,53.14460039,6.247396918,26.99,0,12,0
4121,0,6,0,50.02084879,6.247396918,26.99,0,12,0
4122,0,5,0,47.41771672,5.206164098,26.99,0,10,0
4123,0,6,0,44.29397084,6.247396918,26.99,0,12,0
4124,0,5,0,41.6908445,5.206164098,26.99,0,10,0
4125,0,6,0,38.56710435,6.247396918,26.99,0,12,0
4126,0,6,0,35.44336732,6.247396918,26.99,0,12,0
4127,0,5,0,32.84024983,5.206164098,26.99,0,10,0
4128,0,7,0,29.19590212,7.288629738,26.99,0,14,0
4129,0,6,0,26.07217447,6.247396918,26.99,0,12,0
4130,0,6,0,22.94844993,6.247396918,26.99,0,12,0
4131,0,6,0,19.82472853,6.247396918,26.99,0,12,0
4132,0,7,0,16.18039383,7.288629738,26.99,0,14,0
4133,0,6,0,13.05667919,6.247396918,26.99,0,12,0
4134,0,6,0,9.932967679,6.247396918,26.99,0,12,0
4135,0,5,0,7.329875696,5.206164098,26.99,0,10,0
4136,0,6,0,4.206169908,6.247396918,26.99,0,12,0
4137,0,5,0,1.603083652,5.206164098,26.99,0,10,0
4138,2,5,0,0,3.206164098,26.99,0,10,0
4139,8,6,0,0,0,26.99,0,12,1.6832
4140,25,5,0,4.505,-9.01,26.99,0,10,10
4141,27,7,0,6.970395495,-4.9308,26.99,0,14,14
4142,29,6,0,11.89618852,-9.8516,26.99,0,12,12
4143,64,7,0,32.12897663,-40.4656,26.99,0,14,14
4144,78,7,0,59.0845445,-53.9112,26.99,0,14,14
4145,76,16,0,71.57968541,-24.9904,26.99,0,32,32
4146,88,50,0,37.48715236,68.18492295,26.99,0,100,100
4147,101,48,0,31.91838076,11.13746823,26.99,0,96,59.69682449
4148,105,45,0,31.91834884,0,26.99,0,90,55.842
4149,105,43,0,31.91831692,0,26.99,0,86,57.842
4150,105,40,0,31.918285,0,26.99,0,80,60.842
4151,105,10,0,67.33925308,-70.842,26.99,0,20,20
4152,95,33,0,67.33918575,0,26.99,0,66,58.238
4153,105,47,0,67.33911841,0,26.99,0,94,53.842
4154,105,43,0,67.33905107,0,26.99,0,86,57.842
4155,96,42,0,67.33898373,0,26.99,0,84,50.1984
4156,94,40,0,67.33891639,0,26.99,0,80,50.2776
4157,82,38,0,67.33884905,0,26.99,0,76,40.7528
4158,76,37,0,67.33878171,0,26.99,0,74,35.9904
4159,58,38,0,67.33871437,0,26.99,0,76,17.7032
4160,53,36,0,67.33864703,0,26.99,0,72,14.9012
4161,34,24,0,67.3385797,0,26.99,0,48,8.6536
4162,28,7,0,70.28411236,-5.8912,26.99,0,14,14
4163,8,7,0,70.28404207,0,26.99,0,14,0.6832
4164,0,7,0,66.63965692,7.288629738,26.99,0,14,0
4165,0,6,0,63.51589182,6.247396918,26.99,0,12,0
4166,0,7,0,59.87151344,7.288629738,26.99,0,14,0
4167,0,6,0,56.74775511,6.247396918,26.99,0,12,0
4168,0,6,0,53.6239999,6.247396918,26.99,0,12,0
4169,0,5,0,51.02086423,5.206164098,26.99,0,10,0
4170,0,6,0,47.89711475,6.247396918,26.99,0,12,0
4171,0,5,0,45.2939848,5.206164098,26.99,0,10,0
4172,0,6,0,42.17024105,6.247396918,26.99,0,12,0
4173,0,5,0,39.56711683,5.206164098,26.99,0,10,0
4174,0,6,0,36.4433788,6.247396918,26.99,0,12,0
4175,0,6,0,33.3196439,6.247396918,26.99,0,12,0
4176,0,6,0,30.19591212,6.247396918,26.99,0,12,0
4177,0,7,0,26.55156706,7.288629738,26.99,0,14,0
4178,0,6,0,23.42784205,6.247396918,26.99,0,12,0
4179,0,6,0,20.30412016,6.247396918,26.99,0,12,0
4180,0,6,0,17.1804014,6.247396918,26.99,0,12,0
4181,0,6,0,14.05668576,6.247396918,26.99,0,12,0
4182,0,5,0,11.45358965,5.206164098,26.99,0,10,0
4183,0,6,0,8.329879738,6.247396918,26.99,0,12,0
4184,0,5,0,5.726789359,5.206164098,26.99,0,10,0
4185,0,5,0,3.123701583,5.206164098,26.99,0,10,0
4186,0,6,0,0,6.247396918,26.99,0,12,0
4187,8,5,0,0,0,26.99,0,10,2.6832
4188,23,6,0,2.0446,-4.0892,26.99,0,12,12
4189,36,7,0,8.831797955,-13.5744,26.99,0,14,14
4190,50,6,0,23.84178912,-30.02,26.99,0,12,12
4191,62,7,0,43.11416528,-38.5448,26.99,0,14,14
4192,70,8,0,64.72812217,-43.228,26.99,0,16,16
4193,82,8,0,92.10445744,-54.7528,26.99,0,16,16
4194,88,9,0,120.8619653,-57.5152,26.99,0,18,18
4195,92,9,0,151.5402445,-61.3568,26.99,0,18,18
4196,98,8,0,186.5996929,-70.1192,26.99,0,16,16
4197,105,9,0,223.5205063,-73.842,26.99,0,18,18
4198,105,9,0,260.4412828,-73.842,26.99,0,18,18
4199,105,8,0,298.8620224,-76.842,26.99,0,16,16
4200,105,8,0,337.2827235,-76.842,26.99,0,16,16
4201,105,7,0,377.2033862,-79.842,26.99,0,14,14
4202,95,7,0,412.322009,-70.238,26.99,0,14,14
4203,79,6,0,441.2573967,-57.8716,26.99,0,12,12
4204,84,7,0,471.0937554,-59.6736,26.99,0,14,14
4205,55,7,0,487.0042844,-31.822,26.99,0,14,14
4206,62,6,0,507.7761973,-41.5448,26.99,0,12,12
4207,61,7,0,526.5678896,-37.5844,26.99,0,14,14
4208,56,7,0,542.958563,-32.7824,26.99,0,14,14
4209,35,6,0,550.76502,-15.614,26.99,0,12,12
4210,31,7,0,555.1506693,-8.7724,26.99,0,14,14
4211,13,7,0,550.7171695,8.865889213,26.99,0,14,14
4212,8,7,0,543.7836742,13.86588921,26.99,0,14,14
4213,0,7,0,532.8501858,21.86588921,26.99,0,14,14
4214,0,7,0,521.9167084,21.86588921,26.99,0,14,14
4215,0,7,0,510.9832418,21.86588921,26.99,0,14,14
4216,0,7,0,500.0497862,21.86588921,26.99,0,14,14
4217,0,6,0,490.6781908,18.74219075,26.99,0,12,12
4218,0,5,0,482.868454,15.61849229,26.99,0,10,10
4219,0,6,0,473.4968757,18.74219075,26.99,0,12,12
4220,0,5,0,465.6871561,15.61849229,26.99,0,10,10
4221,0,6,0,461.20753,8.958320844,26.99,0,12,2.603571339
4222,0,5,0,458.6039867,5.206164098,26.99,0,10,0
4223,0,5,0,456.0004461,5.206164098,26.99,0,10,0
4224,0,6,0,452.8762916,6.247396918,26.99,0,12,0
4225,0,5,0,450.2727567,5.206164098,26.99,0,10,0
4226,0,6,0,447.148608,6.247396918,26.99,0,12,0
4227,0,5,0,444.5450788,5.206164098,26.99,0,10,0
4228,0,6,0,441.4209358,6.247396918,26.99,0,12,0
4229,0,6,0,438.2967959,6.247396918,26.99,0,12,0
4230,0,6,0,435.1726591,6.247396918,26.99,0,12,0
4231,0,6,0,432.0485255,6.247396918,26.99,0,12,0
4232,0,7,0,428.4037786,7.288629738,26.99,0,14,0
4233,0,6,0,425.2796517,6.247396918,26.99,0,12,0
4234,2,6,0,423.155528,4.247396918,26.99,0,12,0
4235,10,7,0,423.1551048,0,26.99,0,14,2.604
4236,23,6,0,425.1992817,-4.0892,26.99,0,12,12
4237,37,7,0,432.4662565,-14.5348,26.99,0,14,14
4238,51,6,0,447.956024,-30.9804,26.99,0,12,12
4239,61,8,0,465.247776,-34.5844,26.99,0,16,16
4240,71,36,0,465.2473108,0,26.99,0,72,32.1884
4241,85,46,0,465.2468455,0,26.99,0,92,35.634
4242,90,48,0,465.2463803,0,26.99,0,96,38.436
4243,102,88,0,465.2459151,0,26.99,0,176,9.9608
4244,104,84,0,465.2454498,0,26.99,0,168,15.8816
4245,105,81,0,465.2449846,0,26.99,0,162,19.842
4246,105,81,0,465.2445193,0,26.99,0,162,19.842
4247,105,19,0,487.1650541,-43.842,26.99,0,38,38
4248,105,78,0,487.1645669,0,26.99,0,156,22.842
4249,105,93,0,487.1640797,0,26.99,0,186,7.842
4250,105,74,0,487.1635926,0,26.99,0,148,26.842
4251,97,65,0,487.1631054,0,26.99,0,130,28.1588
4252,93,69,0,487.1626183,0,26.99,0,138,20.3172
4253,81,66,0,487.1621311,0,26.99,0,132,11.7924
4254,76,62,0,487.1616439,0,26.99,0,124,10.9904
4255,58,62,0,483.8829394,6.556434819,26.99,0,124,0
4256,45,61,0,474.6248545,18.515202,26.99,0,122,0
4257,32,58,0,460.4286281,28.39150354,26.99,0,116,0
4258,19,47,0,445.4591964,29.93794252,26.99,0,94,0
4259,7,11,0,443.2319704,4.453561016,26.99,0,22,0
4260,0,8,0,439.0665959,8.329862557,26.99,0,16,0
4261,0,6,0,435.9424584,6.247396918,26.99,0,12,0
4262,0,6,0,432.818324,6.247396918,26.99,0,12,0
4263,0,7,0,429.1735763,7.288629738,26.99,0,14,0
4264,0,6,0,426.0494487,6.247396918,26.99,0,12,0
4265,0,6,0,422.9253242,6.247396918,26.99,0,12,0
4266,0,5,0,420.3218192,5.206164098,26.99,0,10,0
4267,0,6,0,417.1977004,6.247396918,26.99,0,12,0
4268,0,5,0,414.5942012,5.206164098,26.99,0,10,0
4269,0,6,0,411.4700881,6.247396918,26.99,0,12,0
4270,0,6,0,408.3459782,6.247396918,26.99,0,12,0
4271,0,5,0,405.7424878,5.206164098,26.99,0,10,0
4272,0,6,0,402.6183836,6.247396918,26.99,0,12,0
4273,0,6,0,399.4942825,6.247396918,26.99,0,12,0
4274,0,6,0,396.3701845,6.247396918,26.99,0,12,0
4275,0,5,0,393.7667061,5.206164098,26.99,0,10,0
4276,0,7,0,390.1219975,7.288629738,26.99,0,14,0
4277,0,6,0,386.9979089,6.247396918,26.99,0,12,0
4278,0,6,0,383.8738234,6.247396918,26.99,0,12,0
4279,0,6,0,380.7497411,6.247396918,26.99,0,12,0
4280,0,7,0,377.1050455,7.288629738,26.99,0,14,0
4281,0,6,0,373.9809699,6.247396918,26.99,0,12,0
4282,2,6,0,371.8568975,4.247396918,26.99,0,12,0
4283,10,6,0,371.8565256,0,26.99,0,12,3.604
4284,22,6,0,373.4205538,-3.1288,26.99,0,12,12
4285,36,6,0,381.7073804,-16.5744,26.99,0,12,12
4286,49,6,0,396.2367987,-29.0596,26.99,0,12,12
4287,60,8,0,413.0484024,-33.624,26.99,0,16,16
4288,70,50,0,413.0479894,0,26.99,0,100,17.228
4289,77,53,0,413.0475763,0,26.99,0,106,20.9508
4290,84,51,0,413.0471633,0,26.99,0,102,29.6736
4291,91,51,0,413.0467502,0,26.99,0,102,36.3964
4292,100,50,0,413.0463372,0,26.99,0,100,46.04
4293,105,48,0,413.0459241,0,26.99,0,96,52.842
4294,105,49,0,413.0455111,0,26.99,0,98,51.842
4295,105,24,0,427.466098,-28.842,26.99,0,48,48
4296,105,53,0,427.4656706,0,26.99,0,106,47.842
4297,105,60,0,427.4652431,0,26.99,0,120,40.842
4298,105,58,0,427.4648156,0,26.99,0,116,42.842
4299,96,66,0,427.4643882,0,26.99,0,132,26.1984
4300,92,79,0,427.4639607,0,26.99,0,158,9.3568
4301,78,57,0,427.4635333,0,26.99,0,114,17.9112
4302,73,80,0,422.313793,10.29862557,26.99,0,160,0
4303,55,59,0,419.0970025,6.43273636,26.99,0,118,0
4304,48,55,0,414.4626809,9.267805081,26.99,0,110,0
4305,28,53,0,400.8695967,27.18533944,26.99,0,106,0
4306,18,48,0,384.8796081,31.97917534,26.99,0,96,0
4307,4,44,0,363.9721012,41.81424406,26.99,0,88,0
4308,0,33,0,346.7913957,34.36068305,26.99,0,66,0
4309,0,8,0,342.6261177,8.329862557,26.99,0,16,0
4310,0,8,0,338.4608438,8.329862557,26.99,0,16,0
4311,0,6,0,335.3368068,6.247396918,26.99,0,12,0
4312,0,7,0,331.6921566,7.288629738,26.99,0,14,0
4313,0,5,0,329.0887429,5.206164098,26.99,0,10,0
4314,0,6,0,325.9647153,6.247396918,26.99,0,12,0
4315,0,5,0,323.3613073,5.206164098,26.99,0,10,0
4316,0,5,0,320.7579019,5.206164098,26.99,0,10,0
4317,0,6,0,317.6338827,6.247396918,26.99,0,12,0
4318,0,5,0,315.030483,5.206164098,26.99,0,10,0
4319,0,5,0,312.4270859,5.206164098,26.99,0,10,0
4320,0,6,0,309.3030751,6.247396918,26.99,0,12,0
4321,0,5,0,306.6996837,5.206164098,26.99,0,10,0
4322,0,6,0,303.5756785,6.247396918,26.99,0,12,0
4323,0,5,0,300.9722929,5.206164098,26.99,0,10,0
4324,0,6,0,297.8482935,6.247396918,26.99,0,12,0
4325,0,6,0,294.7242972,6.247396918,26.99,0,12,0
4326,0,7,0,291.0796876,7.288629738,26.99,0,14,0
4327,0,6,0,287.9556981,6.247396918,26.99,0,12,0
4328,0,6,0,284.8317116,6.247396918,26.99,0,12,0
4329,0,6,0,281.7077283,6.247396918,26.99,0,12,0
4330,2,6,0,279.5837482,4.247396918,26.99,0,12,0
4331,10,7,0,279.5834686,0,26.99,0,14,2.604
4332,21,6,0,280.667389,-2.1684,26.99,0,12,12
4333,35,6,0,288.4741083,-15.614,26.99,0,12,12
4334,47,6,0,302.0432199,-27.1388,26.99,0,12,12
4335,59,32,0,302.0429178,0,26.99,0,64,24.6636
4336,69,38,0,302.0426158,0,26.99,0,76,28.2676
4337,76,37,0,302.0423137,0,26.99,0,74,35.9904
4338,83,41,0,302.0420117,0,26.99,0,82,38.7132
4339,88,48,0,302.0417097,0,26.99,0,96,36.5152
4340,94,51,0,302.0414076,0,26.99,0,102,39.2776
4341,96,54,0,302.0411056,0,26.99,0,108,38.1984
4342,105,53,0,302.0408035,0,26.99,0,106,47.842
4343,105,28,0,310.4615015,-16.842,26.99,0,56,56
4344,105,85,0,310.461191,0,26.99,0,170,15.842
4345,105,72,0,310.4608806,0,26.99,0,144,28.842
4346,105,67,0,310.4605701,0,26.99,0,134,33.842
4347,96,65,0,310.4602596,0,26.99,0,130,27.1984
4348,91,79,0,310.4599492,0,26.99,0,158,8.3964
4349,78,82,0,306.7690931,7.381091212,26.99,0,164,0
4350,72,60,0,306.7687864,0,26.99,0,120,9.1488
4351,53,77,0,293.181016,27.17492711,26.99,0,154,0
4352,49,77,0,277.5932593,31.17492711,26.99,0,154,0
4353,28,61,0,259.8353807,35.515202,26.99,0,122,0
4354,15,32,0,250.6753957,18.31945023,26.99,0,64,0
4355,6,17,0,244.8246661,11.70095793,26.99,0,34,0
4356,1,8,0,241.15949,7.329862557,26.99,0,16,0
4357,0,8,0,236.9943176,8.329862557,26.99,0,16,0
4358,0,9,0,232.3085329,9.371095377,26.99,0,18,0
4359,0,8,0,228.1433693,8.329862557,26.99,0,16,0
4360,0,8,0,223.9782099,8.329862557,26.99,0,16,0
4361,0,7,0,220.333671,7.288629738,26.99,0,14,0
4362,0,7,0,216.6891358,7.288629738,26.99,0,14,0
4363,0,6,0,213.5652207,6.247396918,26.99,0,12,0
4364,0,6,0,210.4413086,6.247396918,26.99,0,12,0
4365,0,6,0,207.3173997,6.247396918,26.99,0,12,0
4366,0,7,0,203.6728776,7.288629738,26.99,0,14,0
4367,0,6,0,200.5489754,6.247396918,26.99,0,12,0
4368,0,6,0,197.4250764,6.247396918,26.99,0,12,0
4369,0,7,0,193.7805641,7.288629738,26.99,0,14,0
4370,0,6,0,190.6566719,6.247396918,26.99,0,12,0
4371,0,6,0,187.5327828,6.247396918,26.99,0,12,0
4372,0,7,0,183.8882804,7.288629738,26.99,0,14,0
4373,0,7,0,180.2437816,7.288629738,26.99,0,14,0
4374,0,7,0,176.5992865,7.288629738,26.99,0,14,0
4375,0,7,0,172.954795,7.288629738,26.99,0,14,0
4376,0,7,0,169.3103072,7.288629738,26.99,0,14,0
4377,0,7,0,165.665823,7.288629738,26.99,0,14,0
4378,1,7,0,162.5213425,6.288629738,26.99,0,14,0
4379,9,8,0,162.52118,0,26.99,0,16,0.6436
4380,19,7,0,162.5210175,0,26.99,0,14,11.2476
4381,31,7,0,166.9070549,-8.7724,26.99,0,14,14
4382,45,8,0,176.515888,-19.218,26.99,0,16,16
4383,53,58,0,172.8199597,7.39150354,26.99,0,116,0
4384,65,35,0,172.8197869,0,26.99,0,70,27.426
4385,75,64,0,172.8196141,0,26.99,0,128,8.03
4386,84,64,0,172.8194413,0,26.99,0,128,16.6736
4387,88,64,0,172.8192685,0,26.99,0,128,20.5152
4388,92,64,0,172.8190956,0,26.99,0,128,24.3568
4389,93,65,0,172.8189228,0,26.99,0,130,24.3172
4390,96,64,0,172.81875,0,26.99,0,128,28.1984
4391,105,31,0,176.7395772,-7.842,26.99,0,62,62
4392,105,84,0,176.7394004,0,26.99,0,168,16.842
4393,105,93,0,176.7392237,0,26.99,0,186,7.842
4394,103,67,0,176.739047,0,26.99,0,134,31.9212
4395,88,68,0,176.7388702,0,26.99,0,136,16.5152
4396,91,88,0,176.4244494,0.62848813,26.99,0,176,0
4397,77,81,0,172.7543438,7.339858392,26.99,0,162,0
4398,71,70,0,171.8110224,1.886297376,26.99,0,140,0
4399,51,55,0,168.676948,6.267805081,26.99,0,110,0
4400,40,56,0,159.5222604,18.3090379,26.99,0,112,0
4401,26,52,0,145.4500475,28.14410662,26.99,0,104,0
4402,15,17,0,144.0994231,2.700957934,26.99,0,34,0
4403,4,9,0,141.4137313,5.371095377,26.99,0,18,0
4404,0,7,0,137.7692751,7.288629738,26.99,0,14,0
4405,0,7,0,134.1248224,7.288629738,26.99,0,14,0
4406,0,7,0,130.4803734,7.288629738,26.99,0,14,0
4407,0,6,0,127.3565445,6.247396918,26.99,0,12,0
4408,0,7,0,123.7121023,7.288629738,26.99,0,14,0
4409,0,5,0,121.1088965,5.206164098,26.99,0,10,0
4410,0,6,0,117.9850769,6.247396918,26.99,0,12,0
4411,0,5,0,115.3818769,5.206164098,26.99,0,10,0
4412,0,6,0,112.2580631,6.247396918,26.99,0,12,0
4413,0,5,0,109.6548688,5.206164098,26.99,0,10,0
4414,0,7,0,106.0104442,7.288629738,26.99,0,14,0
4415,0,6,0,102.8866398,6.247396918,25.67,0,12,0
4416,0,6,0,99.76283841,6.247396918,25.67,0,12,0
4417,0,7,0,96.11842378,7.288629738,25.67,0,14,0
4418,0,6,0,92.9946292,6.247396918,25.67,0,12,0
4419,0,6,0,89.87083775,6.247396918,25.67,0,12,0
4420,0,6,0,86.74704942,6.247396918,25.67,0,12,0
4421,0,7,0,83.10264781,7.288629738,25.67,0,14,0
4422,0,5,0,80.49948265,5.206164098,25.67,0,10,0
4423,0,6,0,77.3757037,6.247396918,25.67,0,12,0
4424,0,5,0,74.77254427,5.206164098,25.67,0,10,0
4425,0,6,0,71.64877104,6.247396918,25.67,0,12,0
4426,2,5,0,70.04561734,3.206164098,25.67,0,10,0
4427,8,5,0,70.0455473,0,25.67,0,10,2.6832
4428,20,6,0,70.64947725,-1.208,25.67,0,12,12
4429,32,7,0,75.5158066,-9.7328,25.67,0,14,14
4430,45,7,0,86.62473108,-22.218,25.67,0,14,14
4431,55,6,0,104.0356445,-34.822,25.67,0,12,12
4432,67,8,0,124.2089404,-40.3468,25.67,0,16,16
4433,73,28,0,124.2088162,0,25.67,0,56,42.1092
4434,77,39,0,124.208692,0,25.67,0,78,34.9508
4435,64,43,0,124.2085678,0,25.67,0,86,18.4656
4436,68,49,0,124.2084436,0,25.67,0,98,16.3072
4437,94,65,0,124.2083194,0,25.67,0,130,25.2776
4438,105,55,0,124.2081952,0,25.67,0,110,45.842
4439,94,19,0,140.846871,-33.2776,25.67,0,38,38
4440,95,64,0,140.8467301,0,25.67,0,128,27.238
4441,105,45,0,140.8465893,0,25.67,0,90,55.842
4442,103,41,0,140.8464484,0,25.67,0,82,57.9212
4443,93,42,0,140.8463076,0,25.67,0,84,47.3172
4444,89,52,0,140.8461667,0,25.67,0,104,33.4756
4445,75,70,0,140.8460259,0,25.67,0,140,2.03
4446,70,55,0,140.845885,0,25.67,0,110,12.228
4447,49,72,0,127.8613627,25.96876302,25.67,0,144,0
4448,46,69,0,114.9387025,25.84506456,25.67,0,138,0
4449,29,48,0,104.4489999,20.97917534,25.67,0,96,0
4450,23,43,0,93.56238986,21.77301125,25.67,0,86,0
4451,5,44,0,73.15517427,40.81424406,25.67,0,88,0
4452,5,11,0,69.92832061,6.453561016,25.67,0,22,0
4453,0,8,0,65.7633194,8.329862557,25.67,0,16,0
4454,0,7,0,62.11893877,7.288629738,25.67,0,14,0
4455,0,6,0,58.99517819,6.247396918,25.67,0,12,0
4456,0,7,0,55.35080432,7.288629738,25.67,0,14,0
4457,0,6,0,52.22705051,6.247396918,25.67,0,12,0
4458,0,5,0,49.62391624,5.206164098,25.67,0,10,0
4459,0,6,0,46.50016816,6.247396918,25.67,0,12,0
4460,0,6,0,43.3764232,6.247396918,25.67,0,12,0
4461,0,5,0,40.77329777,5.206164098,25.67,0,10,0
4462,0,6,0,37.64955854,6.247396918,25.67,0,12,0
4463,0,5,0,35.04643884,5.206164098,25.67,0,10,0
4464,0,6,0,31.92270533,6.247396918,25.67,0,12,0
4465,0,6,0,28.79897495,6.247396918,25.67,0,12,0
4466,0,6,0,25.6752477,6.247396918,25.67,0,12,0
4467,0,7,0,22.03090715,7.288629738,25.67,0,14,0
4468,0,6,0,18.90718666,6.247396918,25.67,0,12,0
4469,0,6,0,15.78346929,6.247396918,25.67,0,12,0
4470,0,7,0,12.13913864,7.288629738,25.67,0,14,0
4471,0,6,0,9.015428045,6.247396918,25.67,0,12,0
4472,0,6,0,5.89172057,6.247396918,25.67,0,12,0
4473,0,6,0,2.768016219,6.247396918,25.67,0,12,0
4474,2,7,0,0.123698583,5.288629738,25.67,0,14,0
4475,6,6,0,0,0.247396918,25.67,0,12,0
4476,21,6,0,1.0842,-2.1684,25.67,0,12,12
4477,34,7,0,6.910998916,-11.6536,25.67,0,14,14
4478,41,7,0,16.099192,-18.3764,25.67,0,14,14
4479,45,7,0,27.20817591,-22.218,25.67,0,14,14
4480,57,6,0,45.5795487,-36.7428,25.67,0,12,12
4481,84,7,0,75.41630312,-59.6736,25.67,0,14,14
4482,89,7,0,107.6540277,-64.4756,25.67,0,14,14
4483,102,9,0,143.13432,-70.9608,25.67,0,18,18
4484,105,7,0,183.0551769,-79.842,25.67,0,14,14
4485,105,8,0,221.4759939,-76.842,25.67,0,16,16
4486,105,8,0,259.8967724,-76.842,25.67,0,16,16
4487,105,8,0,298.3175125,-76.842,25.67,0,16,16
4488,105,8,0,336.7382142,-76.842,25.67,0,16,16
4489,105,8,0,375.1588774,-76.842,25.67,0,16,16
4490,105,8,0,413.5795023,-76.842,25.67,0,16,16
4491,97,8,0,448.1584887,-69.1588,25.67,0,16,16
4492,92,8,0,480.3364405,-64.3568,25.67,0,16,16
4493,78,8,0,505.7915602,-50.9112,25.67,0,16,16
4494,72,8,0,528.3654544,-45.1488,25.67,0,16,16
4495,55,8,0,542.775926,-28.822,25.67,0,16,16
4496,49,8,0,554.3051833,-23.0596,25.67,0,16,16
4497,31,8,0,557.190829,-5.7724,25.67,0,16,16
4498,25,8,0,557.1952718,-0.01,25.67,0,16,16
4499,5,8,0,547.1999207,19.98958767,25.67,0,16,16
4500,0,8,0,534.7045797,24.98958767,25.67,0,16,16
4501,0,8,0,522.2092512,24.98958767,25.67,0,16,16
4502,0,8,0,509.7139351,24.98958767,25.67,0,16,16
4503,0,7,0,498.7804808,21.86588921,25.67,0,14,14
4504,0,6,0,489.4088866,18.74219075,25.67,0,12,12
4505,0,6,0,480.0373019,18.74219075,25.67,0,12,12
4506,0,6,0,470.6657264,18.74219075,25.67,0,12,12
4507,0,5,0,462.8560096,15.61849229,25.67,0,10,10
4508,0,6,0,453.4844514,18.74219075,25.67,0,12,12
4509,0,6,0,444.1129025,18.74219075,25.67,0,12,12
4510,0,6,0,434.741363,18.74219075,25.67,0,12,12
4511,0,6,0,425.3698329,18.74219075,25.67,0,12,12
4512,0,6,0,415.9983122,18.74219075,25.67,0,12,12
4513,0,6,0,406.6268008,18.74219075,25.67,0,12,12
4514,0,7,0,395.6934496,21.86588921,25.67,0,14,14
4515,0,6,0,386.3219585,18.74219075,25.67,0,12,12
4516,0,7,0,375.3886276,21.86588921,25.67,0,14,14
4517,0,6,0,366.0171568,18.74219075,25.67,0,12,12
4518,0,6,0,356.6456954,18.74219075,25.67,0,12,12
4519,0,6,0,347.2742434,18.74219075,25.67,0,12,12
4520,0,5,0,339.46465,15.61849229,25.67,0,10,10
4521,0,6,0,332.8888126,13.15099578,25.67,0,12,6.630216348
4522,1,5,0,330.7853977,4.206164098,25.67,0,10,0
4523,9,6,0,330.7850669,0,25.67,0,12,2.6436
4524,21,5,0,333.3689361,-5.1684,25.67,0,10,10
4525,33,6,0,340.2152027,-13.6932,25.67,0,12,12
4526,47,7,0,352.2842625,-24.1388,25.67,0,14,14
4527,59,7,0,370.1157102,-35.6636,25.67,0,14,14
4528,69,7,0,392.7491401,-45.2676,25.67,0,14,14
4529,83,8,0,420.6053474,-55.7132,25.67,0,16,16
4530,87,8,0,450.3823268,-59.5548,25.67,0,16,16
4531,99,9,0,484.4216764,-68.0796,25.67,0,18,18
4532,102,8,0,521.401592,-73.9608,25.67,0,16,16
4533,105,9,0,558.3220706,-73.842,25.67,0,18,18
4534,105,10,0,593.7425122,-70.842,25.67,0,20,20
4535,105,9,0,630.6629185,-73.842,25.67,0,18,18
4536,105,9,0,667.5832878,-73.842,25.67,0,18,18
4537,105,9,0,704.5036202,-73.842,25.67,0,18,18
4538,105,9,0,741.4239157,-73.842,25.67,0,18,18
4539,95,9,0,773.5421743,-64.238,25.67,0,18,18
4540,90,8,0,804.7594008,-62.436,25.67,0,16,16
4541,76,7,0,830.753796,-51.9904,25.67,0,14,14
4542,70,7,0,853.8669653,-46.228,25.67,0,14,14
4543,52,7,0,868.3365114,-28.9408,25.67,0,14,14
4544,46,7,0,879.9248431,-23.1784,25.67,0,14,14
4545,30,7,0,883.8299631,-7.812,25.67,0,14,14
4546,23,7,0,884.3736793,-1.0892,25.67,0,14,14
4547,4,7,0,882.7284801,3.288629738,25.67,0,14,0
4548,0,7,0,879.0832825,7.288629738,25.67,0,14,0
4549,0,8,0,874.9174721,8.329862557,25.67,0,16,0
4550,0,8,0,870.7516659,8.329862557,25.67,0,16,0
4551,0,7,0,867.1064803,7.288629738,25.67,0,14,0
4552,0,7,0,863.4612983,7.288629738,25.67,0,14,0
4553,0,6,0,860.3367364,6.247396918,25.67,0,12,0
4554,0,6,0,857.2121776,6.247396918,25.67,0,12,0
4555,0,5,0,854.6082383,5.206164098,25.67,0,10,0
4556,0,6,0,851.4836853,6.247396918,25.67,0,12,0
4557,0,5,0,848.8797517,5.206164098,25.67,0,10,0
4558,0,6,0,845.7552044,6.247396918,25.67,0,12,0
4559,0,5,0,843.1512766,5.206164098,25.67,0,10,0
4560,0,6,0,840.026735,6.247396918,25.67,0,12,0
4561,0,5,0,837.4228129,5.206164098,25.67,0,10,0
4562,0,6,0,834.298277,6.247396918,25.67,0,12,0
4563,0,6,0,831.1737443,6.247396918,25.67,0,12,0
4564,0,6,0,828.0492146,6.247396918,25.67,0,12,0
4565,0,6,0,824.9246881,6.247396918,25.67,0,12,0
4566,0,7,0,821.2795483,7.288629738,25.67,0,14,0
4567,0,6,0,818.1550286,6.247396918,25.67,0,12,0
4568,0,6,0,815.030512,6.247396918,25.67,0,12,0
4569,0,6,0,811.9059985,6.247396918,25.67,0,12,0
4570,0,6,0,808.7814881,6.247396918,25.67,0,12,0
4571,5,7,0,807.6363645,2.288629738,25.67,0,14,0
4572,16,6,0,807.6355568,0,25.67,0,12,9.3664
4573,19,7,0,807.6347492,0,25.67,0,14,11.2476
4574,26,6,0,811.1191416,-6.9704,25.67,0,12,12
4575,25,7,0,812.6233304,-3.01,25.67,0,14,14
4576,32,6,0,818.9889178,-12.7328,25.67,0,12,12
4577,61,7,0,837.7802988,-37.5844,25.67,0,14,14
4578,76,7,0,863.7746611,-51.9904,25.67,0,14,14
4579,98,31,0,864.3333973,-1.1192,25.67,0,62,62
4580,100,51,0,864.3325329,0,25.67,0,102,45.04
4581,103,52,0,864.3316686,0,25.67,0,104,46.9212
4582,104,21,0,882.7716043,-36.8816,25.67,0,42,42
4583,102,21,0,900.2511215,-34.9608,25.67,0,42,42
4584,104,29,0,906.6910213,-12.8816,25.67,0,58,58
4585,103,21,0,924.6507146,-35.9212,25.67,0,42,42
4586,102,17,0,948.1301899,-46.9608,25.67,0,34,34
4587,92,30,0,948.1292418,0,25.67,0,60,58.3568
4588,89,33,0,948.1282937,0,25.67,0,66,52.4756
4589,38,53,0,939.5346758,17.18533944,25.67,0,106,0
4590,47,70,0,926.5905876,25.88629738,25.67,0,140,0
4591,36,19,0,926.589661,0,25.67,0,38,15.5744
4592,1,11,0,921.3619539,10.45356102,25.67,0,22,0
4593,8,8,0,921.1961013,0.329862557,25.67,0,16,0
4594,16,8,0,921.1951801,0,25.67,0,16,7.3664
4595,4,7,0,919.549944,3.288629738,25.67,0,14,0
4596,0,7,0,915.9047096,7.288629738,25.67,0,14,0
4597,0,7,0,912.2594788,7.288629738,25.67,0,14,0
4598,0,6,0,909.1348681,6.247396918,25.67,0,12,0
4599,0,7,0,905.4896441,7.288629738,25.67,0,14,0
4600,0,6,0,902.3650401,6.247396918,25.67,0,12,0
4601,0,6,0,899.2404393,6.247396918,25.67,0,12,0
4602,0,6,0,896.1158416,6.247396918,25.67,0,12,0
4603,0,5,0,893.5118634,5.206164098,25.67,0,10,0
4604,0,7,0,889.8666551,7.288629738,25.67,0,14,0
4605,0,6,0,886.7420667,6.247396918,25.67,0,12,0
4606,0,7,0,883.0968651,7.288629738,25.67,0,14,0
4607,0,6,0,879.9722836,6.247396918,25.67,0,12,0
4608,0,6,0,876.8477051,6.247396918,25.67,0,12,0
4609,0,6,0,873.7231298,6.247396918,25.67,0,12,0
4610,0,7,0,870.0779412,7.288629738,25.67,0,14,0
4611,0,6,0,866.9533727,6.247396918,25.67,0,12,0
4612,0,6,0,863.8288073,6.247396918,25.67,0,12,0
4613,0,6,0,860.704245,6.247396918,25.67,0,12,0
4614,0,5,0,858.1003023,5.206164098,25.67,0,10,0
4615,0,6,0,854.9757457,6.247396918,25.67,0,12,0
4616,0,5,0,852.3718087,5.206164098,25.67,0,10,0
4617,0,5,0,849.7678742,5.206164098,25.67,0,10,0
4618,1,6,0,847.143326,5.247396918,25.67,0,12,0
4619,8,6,0,847.1424789,0,25.67,0,12,1.6832
4620,18,5,0,848.2852317,-2.2872,25.67,0,10,10
4621,30,7,0,852.1903834,-7.812,25.67,0,14,14
4622,43,7,0,862.3381313,-20.2972,25.67,0,14,14
4623,54,7,0,877.7680689,-30.8616,25.67,0,14,14
4624,64,14,0,887.4999912,-19.4656,25.67,0,28,28
4625,74,30,0,887.4991037,0,25.67,0,60,41.0696
4626,84,34,0,887.4982162,0,25.67,0,68,46.6736
4627,96,58,0,887.4973287,0,25.67,0,116,34.1984
4628,99,39,0,887.4964412,0,25.67,0,78,56.0796
4629,105,34,0,887.4955537,0,25.67,0,68,66.842
4630,105,34,0,887.4946662,0,25.67,0,68,66.842
4631,105,11,0,921.4147787,-67.842,25.67,0,22,22
4632,105,22,0,938.8348573,-34.842,25.67,0,44,44
4633,105,52,0,938.8339184,0,25.67,0,104,48.842
4634,102,62,0,938.8329796,0,25.67,0,124,35.9608
4635,70,77,0,933.7445772,10.17492711,25.67,0,154,0
4636,71,74,0,930.7180291,6.051228655,25.67,0,148,0
4637,64,52,0,930.7170984,0,25.67,0,104,9.4656
4638,54,79,0,916.5874713,28.25739275,25.67,0,158,0
4639,16,74,0,886.0609404,61.05122865,25.67,0,148,0
4640,13,50,0,866.5292338,39.06164098,25.67,0,100,0
4641,3,34,0,850.3274094,32.40191587,25.67,0,68,0
4642,8,6,0,850.3265591,0,25.67,0,12,1.6832
4643,11,7,0,850.3257087,0,25.67,0,14,3.5644
4644,0,7,0,846.6805435,7.288629738,25.67,0,14,0
4645,0,7,0,843.035382,7.288629738,25.67,0,14,0
4646,0,7,0,839.3902241,7.288629738,25.67,0,14,0
4647,0,6,0,836.2656862,6.247396918,25.67,0,12,0
4648,0,6,0,833.1411515,6.247396918,25.67,0,12,0
4649,0,5,0,830.5372363,5.206164098,25.67,0,10,0
4650,0,6,0,827.4127073,6.247396918,25.67,0,12,0
4651,0,5,0,824.8087979,5.206164098,25.67,0,10,0
4652,0,6,0,821.6842746,6.247396918,25.67,0,12,0
4653,0,5,0,819.0803709,5.206164098,25.67,0,10,0
4654,0,6,0,815.9558533,6.247396918,25.67,0,12,0
4655,0,6,0,812.8313389,6.247396918,25.67,0,12,0
4656,0,6,0,809.7068276,6.247396918,25.67,0,12,0
4657,0,6,0,806.5823194,6.247396918,25.67,0,12,0
4658,0,7,0,802.937198,7.288629738,25.67,0,14,0
4659,0,6,0,799.8126966,6.247396918,25.67,0,12,0
4660,0,6,0,796.6881983,6.247396918,25.67,0,12,0
4661,0,6,0,793.5637032,6.247396918,25.67,0,12,0
4662,0,6,0,790.4392112,6.247396918,25.67,0,12,0
4663,0,7,0,786.7941059,7.288629738,25.67,0,14,0
4664,0,6,0,783.6696206,6.247396918,25.67,0,12,0
4665,0,6,0,780.5451385,6.247396918,25.67,0,12,0
4666,1,5,0,778.4412759,4.206164098,25.67,0,10,0
4667,8,6,0,778.4404974,0,25.67,0,12,1.6832
4668,17,5,0,779.103119,-1.3268,25.67,0,10,10
4669,32,6,0,785.4687399,-12.7328,25.67,0,12,12
4670,43,14,0,785.4679544,0,25.67,0,28,27.2972
4671,56,53,0,785.467169,0,25.67,0,106,0.7824
4672,67,64,0,785.4663835,0,25.67,0,128,0.3468
4673,73,63,0,785.465598,0,25.67,0,126,7.1092
4674,76,75,0,784.4185818,2.092461474,25.67,0,150,0
4675,96,94,0,783.4798549,1.875885048,25.67,0,188,0
4676,101,94,0,783.4790714,0,25.67,0,188,3.0004
4677,105,91,0,783.4782879,0,25.67,0,182,9.842
4678,105,96,0,783.4775044,0,25.67,0,192,4.842
4679,105,48,0,783.476721,0,25.67,0,96,52.842
4680,105,80,0,783.4759375,0,25.67,0,160,20.842
4681,102,84,0,783.475154,0,25.67,0,168,13.9608
4682,97,73,0,783.4743705,0,25.67,0,146,20.1588
4683,74,72,0,782.9892056,0.968763015,25.67,0,144,0
4684,43,82,0,761.797877,42.38109121,25.67,0,164,0
4685,47,95,0,735.8385562,51.91711787,25.67,0,190,0
4686,50,93,0,712.4204943,46.83465223,25.67,0,186,0
4687,33,66,0,694.5590988,35.7213661,25.67,0,132,0
4688,33,32,0,694.3986791,0.319450229,25.67,0,64,0
4689,31,28,0,694.3979847,0,25.67,0,56,1.7724
4690,14,29,0,686.2994144,16.19575177,25.67,0,58,0
4691,4,28,0,673.7214687,25.15451895,25.67,0,56,0
4692,0,17,0,664.870316,17.70095793,25.67,0,34,0
4693,0,7,0,661.2253362,7.288629738,25.67,0,14,0
4694,0,7,0,657.5803601,7.288629738,25.67,0,14,0
4695,0,6,0,654.4560041,6.247396918,25.67,0,12,0
4696,0,6,0,651.3316512,6.247396918,25.67,0,12,0
4697,0,6,0,648.2073014,6.247396918,25.67,0,12,0
4698,0,5,0,645.6035711,5.206164098,25.67,0,10,0
4699,0,6,0,642.4792271,6.247396918,25.67,0,12,0
4700,0,7,0,638.8342697,7.288629738,25.67,0,14,0
4701,0,6,0,635.7099324,6.247396918,25.67,0,12,0
4702,0,6,0,632.5855983,6.247396918,25.67,0,12,0
4703,0,7,0,628.9406508,7.288629738,25.67,0,14,0
4704,0,6,0,625.8163234,6.247396918,25.67,0,12,0
4705,0,6,0,622.6919991,6.247396918,25.67,0,12,0
4706,0,7,0,619.0470616,7.288629738,25.67,0,14,0
4707,0,6,0,615.9227441,6.247396918,25.67,0,12,0
4708,0,6,0,612.7984297,6.247396918,25.67,0,12,0
4709,0,5,0,610.1947349,5.206164098,25.67,0,10,0
4710,0,6,0,607.0704262,6.247396918,25.67,0,12,0
4711,0,5,0,604.4667371,5.206164098,25.67,0,10,0
4712,0,5,0,601.8630506,5.206164098,25.67,0,10,0
4713,0,6,0,598.7387502,6.247396918,25.67,0,12,0
4714,0,5,0,596.1350695,5.206164098,25.67,0,10,0
4715,0,7,0,592.4901584,7.288629738,25.67,0,14,0
4716,0,6,0,589.3658675,6.247396918,25.67,0,12,0
4717,1,6,0,586.7415797,5.247396918,25.67,0,12,0
4718,2,6,0,584.6172945,4.247396918,25.67,0,12,0
4719,1,6,0,581.9930114,5.247396918,25.67,0,12,0
4720,0,6,0,578.8687309,6.247396918,25.67,0,12,0
4721,2,6,0,576.7444536,4.247396918,25.67,0,12,0
4722,16,8,0,576.7438769,0,25.67,0,16,7.3664
4723,33,31,0,576.7433001,0,25.67,0,62,0.6932
4724,39,35,0,576.7427234,0,25.67,0,70,2.4556
4725,22,18,0,576.7421466,0,25.67,0,36,3.1288
4726,31,12,0,576.7415699,0,25.67,0,24,17.7724
4727,41,7,0,585.9291932,-18.3764,25.67,0,14,14
4728,37,9,0,590.1960072,-8.5348,25.67,0,18,18
4729,54,13,0,596.626217,-12.8616,25.67,0,26,26
4730,69,14,0,608.7594204,-24.2676,25.67,0,28,28
4731,61,16,0,614.0510116,-10.5844,25.67,0,32,32
4732,57,30,0,614.0503976,0,25.67,0,60,24.7428
4733,46,11,0,619.6389835,-11.1784,25.67,0,22,22
4734,48,8,0,630.6879639,-22.0992,25.67,0,16,16
4735,44,8,0,639.8161332,-18.2576,25.67,0,16,16
4736,26,8,0,640.3006934,-0.9704,25.67,0,16,16
4737,11,7,0,640.3000531,0,25.67,0,14,3.5644
4738,9,8,0,640.2994128,0,25.67,0,16,0.6436
4739,3,7,0,638.1544576,4.288629738,25.67,0,14,0
4740,0,7,0,634.5095046,7.288629738,25.67,0,14,0
4741,0,7,0,630.8645552,7.288629738,25.67,0,14,0
4742,0,6,0,627.7402259,6.247396918,25.67,0,12,0
4743,0,6,0,624.6158997,6.247396918,25.67,0,12,0
4744,0,6,0,621.4915766,6.247396918,25.67,0,12,0
4745,0,5,0,618.8878731,5.206164098,25.67,0,10,0
4746,0,6,0,615.7635557,6.247396918,25.67,0,12,0
4747,0,5,0,613.1598579,5.206164098,25.67,0,10,0
4748,0,5,0,610.5561627,5.206164098,25.67,0,10,0
4749,0,5,0,607.9524701,5.206164098,25.67,0,10,0
4750,0,6,0,604.8281637,6.247396918,25.67,0,12,0
4751,0,6,0,601.7038604,6.247396918,25.67,0,12,0
4752,0,6,0,598.5795603,6.247396918,25.67,0,12,0
4753,0,6,0,595.4552632,6.247396918,25.67,0,12,0
4754,0,6,0,592.3309693,6.247396918,25.67,0,12,0
4755,0,6,0,589.2066785,6.247396918,25.67,0,12,0
4756,0,6,0,586.0823909,6.247396918,25.67,0,12,0
4757,0,6,0,582.9581063,6.247396918,25.67,0,12,0
4758,0,5,0,580.3544413,5.206164098,25.67,0,10,0
4759,0,5,0,577.7507789,5.206164098,25.67,0,10,0
4760,0,5,0,575.1471191,5.206164098,25.67,0,10,0
4761,0,5,0,572.5434619,5.206164098,25.67,0,10,0
4762,0,5,0,569.9398073,5.206164098,25.67,0,10,0
4763,4,5,0,569.3361553,1.206164098,25.67,0,10,0
4764,12,6,0,569.335586,0,25.67,0,12,5.5248
4765,16,6,0,569.3350166,0,25.67,0,12,9.3664
4766,30,6,0,574.7404473,-10.812,25.67,0,12,12
4767,57,7,0,591.6112726,-33.7428,25.67,0,14,14
4768,59,7,0,609.442481,-35.6636,25.67,0,14,14
4769,30,7,0,613.3478715,-7.812,25.67,0,14,14
4770,42,8,0,621.5156582,-16.3368,25.67,0,16,16
4771,48,7,0,634.0646367,-25.0992,25.67,0,14,14
4772,16,14,0,634.0640026,0,25.67,0,28,1.3664
4773,19,31,0,627.4242598,13.27821741,25.67,0,62,0
4774,17,6,0,627.4236324,0,25.67,0,12,10.3268
4775,77,6,0,655.398405,-55.9508,25.67,0,12,12
4776,76,7,0,681.3929496,-51.9904,25.67,0,14,14
4777,52,19,0,681.3922682,0,25.67,0,38,30.9408
4778,52,31,0,681.3915868,0,25.67,0,62,18.9408
4779,66,26,0,681.3909054,0,25.67,0,52,37.3864
4780,70,39,0,681.390224,0,25.67,0,78,28.228
4781,54,19,0,681.3895426,0,25.67,0,38,32.8616
4782,51,14,0,684.8790612,-6.9804,25.67,0,28,28
4783,50,34,0,684.8783764,0,25.67,0,68,14.02
4784,47,25,0,684.8776915,0,25.67,0,50,20.1388
4785,11,10,0,684.8770066,0,25.67,0,20,0.5644
4786,10,11,0,684.1495412,1.453561016,25.67,0,22,0
4787,6,12,0,680.9014601,6.494793836,25.67,0,24,0
4788,1,10,0,676.1946151,9.412328197,25.67,0,20,0
4789,0,11,0,670.4671584,11.45356102,25.67,0,22,0
4790,0,11,0,664.7397075,11.45356102,25.67,0,22,0
4791,0,10,0,659.5328786,10.4123282,25.67,0,20,0
4792,0,12,0,653.2848222,12.49479384,25.67,0,24,0
4793,0,6,0,650.1604704,6.247396918,25.67,0,12,0
4794,0,7,0,646.5155054,7.288629738,25.67,0,14,0
4795,0,6,0,643.3911604,6.247396918,25.67,0,12,0
4796,0,7,0,639.7462022,7.288629738,25.67,0,14,0
4797,0,6,0,636.621864,6.247396918,25.67,0,12,0
4798,0,7,0,632.9769125,7.288629738,25.67,0,14,0
4799,0,6,0,629.852581,6.247396918,25.67,0,12,0
4800,0,8,0,625.6870199,8.329862557,25.67,0,16,0
4801,0,7,0,622.0420793,7.288629738,25.67,0,14,0
4802,0,7,0,618.3971424,7.288629738,25.67,0,14,0
4803,0,7,0,614.7522092,7.288629738,25.67,0,14,0
4804,0,7,0,611.1072796,7.288629738,25.67,0,14,0
4805,0,7,0,607.4623536,7.288629738,25.67,0,14,0
4806,0,8,0,603.2968148,8.329862557,25.67,0,16,0
4807,0,7,0,599.6518967,7.288629738,25.67,0,14,0
4808,0,7,0,596.0069821,7.288629738,25.67,0,14,0
4809,0,7,0,592.3620713,7.288629738,25.67,0,14,0
4810,2,7,0,589.717164,5.288629738,25.67,0,14,0
4811,4,7,0,588.0722595,3.288629738,25.67,0,14,0
4812,20,8,0,588.0716714,0,25.67,0,16,11.208
4813,26,7,0,590.0562833,-3.9704,25.67,0,14,14
4814,21,7,0,590.0556933,0,25.67,0,14,13.1684
4815,23,9,0,590.0551032,0,25.67,0,18,13.0892
4816,30,8,0,592.4605131,-4.812,25.67,0,16,16
4817,18,16,0,592.4599207,0,25.67,0,32,1.2872
4818,33,25,0,592.4593282,0,25.67,0,50,6.6932
4819,47,29,0,592.4587358,0,25.67,0,58,16.1388
4820,27,29,0,590.8602674,3.19575177,25.67,0,58,0
4821,30,28,0,590.8596766,0,25.67,0,56,0.812
4822,29,29,0,590.2612098,1.19575177,25.67,0,58,0
4823,29,15,0,590.2606196,0,25.67,0,30,12.8516
4824,25,26,0,589.2240026,2.072053311,25.67,0,52,0
4825,22,26,0,586.6873868,5.072053311,25.67,0,52,0
4826,19,30,0,580.5683078,12.23698459,25.67,0,60,0
4827,22,28,0,576.9904677,7.15451895,25.67,0,56,0
4828,31,25,0,576.9898907,0,25.67,0,50,4.7724
4829,17,26,0,571.9532871,10.07205331,25.67,0,52,0
4830,10,24,0,564.4579213,14.98958767,25.67,0,48,0
4831,10,23,0,557.4831794,13.94835485,25.67,0,46,0
4832,11,23,0,551.0084445,12.94835485,25.67,0,46,0
4833,9,5,0,551.0078935,0,25.67,0,10,3.6436
4834,6,6,0,550.883644,0.247396918,25.67,0,12,0
4835,0,5,0,548.2800111,5.206164098,25.67,0,10,0
4836,0,6,0,545.1557644,6.247396918,25.67,0,12,0
4837,0,8,0,540.9902879,8.329862557,25.67,0,16,0
4838,0,7,0,537.3454321,7.288629738,25.67,0,14,0
4839,0,7,0,533.7005799,7.288629738,25.67,0,14,0
4840,0,6,0,530.5763477,6.247396918,25.67,0,12,0
4841,0,6,0,527.4521187,6.247396918,25.67,0,12,0
4842,0,6,0,524.3278928,6.247396918,25.67,0,12,0
4843,0,6,0,521.20367,6.247396918,25.67,0,12,0
4844,0,6,0,518.0794503,6.247396918,25.67,0,12,0
4845,0,5,0,515.4758502,5.206164098,25.67,0,10,0
4846,0,5,0,512.8722527,5.206164098,25.67,0,10,0
4847,0,6,0,509.7480413,6.247396918,25.67,0,12,0
4848,0,5,0,507.1444495,5.206164098,25.67,0,10,0
4849,0,5,0,504.5408603,5.206164098,25.67,0,10,0
4850,0,5,0,501.9372737,5.206164098,25.67,0,10,0
4851,0,6,0,498.8130733,6.247396918,25.67,0,12,0
4852,0,5,0,496.2094925,5.206164098,25.67,0,10,0
4853,0,6,0,493.0852978,6.247396918,25.67,0,12,0
4854,0,6,0,489.9611063,6.247396918,25.67,0,12,0
4855,0,6,0,486.8369178,6.247396918,25.67,0,12,0
4856,0,6,0,483.7127326,6.247396918,25.67,0,12,0
4857,0,6,0,480.5885504,6.247396918,25.67,0,12,0
4858,0,6,0,477.4643713,6.247396918,25.67,0,12,0
4859,0,6,0,474.3401954,6.247396918,25.67,0,12,0
4860,2,6,0,472.2160226,4.247396918,25.67,0,12,0
4861,8,6,0,472.2155504,0,25.67,0,12,1.6832
4862,11,6,0,472.2150782,0,25.67,0,12,4.5644
4863,10,6,0,472.214606,0,25.67,0,12,3.604
4864,12,6,0,472.2141337,0,25.67,0,12,5.5248
4865,22,6,0,473.7780615,-3.1288,25.67,0,12,12
4866,26,6,0,477.2627878,-6.9704,25.67,0,12,12
4867,21,6,0,478.3465105,-2.1684,25.67,0,12,12
4868,24,7,0,479.3708321,-2.0496,25.67,0,14,14
4869,21,6,0,480.4545528,-2.1684,25.67,0,12,12
4870,24,6,0,482.9788723,-5.0496,25.67,0,12,12
4871,20,6,0,483.5823893,-1.208,25.67,0,12,12
4872,22,6,0,485.1463058,-3.1288,25.67,0,12,12
4873,30,6,0,490.5518206,-10.812,25.67,0,12,12
4874,18,7,0,490.5513301,0,25.67,0,14,10.2872
4875,13,6,0,490.5508395,0,25.67,0,12,6.4852
4876,10,5,0,490.550349,0,25.67,0,10,4.604
4877,5,6,0,489.92616,1.247396918,25.67,0,12,0
4878,7,5,0,489.92567,0,25.67,0,10,1.7228
4879,4,5,0,489.322098,1.206164098,25.67,0,10,0
4880,2,5,0,487.7185267,3.206164098,25.67,0,10,0
4881,0,6,0,484.5943405,6.247396918,25.67,0,12,0
4882,0,6,0,481.4701574,6.247396918,25.67,0,12,0
4883,0,7,0,477.8253611,7.288629738,25.67,0,14,0
4884,0,7,0,474.1805684,7.288629738,25.67,0,14,0
4885,0,7,0,470.5357794,7.288629738,25.67,0,14,0
4886,0,7,0,466.890994,7.288629738,25.67,0,14,0
4887,0,7,0,463.2462122,7.288629738,25.67,0,14,0
4888,0,6,0,460.1220505,6.247396918,25.67,0,12,0
4889,0,6,0,456.9978919,6.247396918,25.67,0,12,0
4890,0,7,0,453.35312,7.288629738,25.67,0,14,0
4891,0,5,0,450.7495846,5.206164098,25.67,0,10,0
4892,0,6,0,447.6254354,6.247396918,25.67,0,12,0
4893,0,6,0,444.5012894,6.247396918,25.67,0,12,0
4894,0,6,0,441.3771464,6.247396918,25.67,0,12,0
4895,0,7,0,437.7323901,7.288629738,25.67,0,14,0
4896,0,6,0,434.608254,6.247396918,25.67,0,12,0
4897,0,6,0,431.4841209,6.247396918,25.67,0,12,0
4898,0,6,0,428.3599909,6.247396918,25.67,0,12,0
4899,0,6,0,425.2358641,6.247396918,25.67,0,12,0
4900,0,6,0,422.1117404,6.247396918,25.67,0,12,0
4901,0,6,0,418.9876199,6.247396918,25.67,0,12,0
4902,0,6,0,415.8635024,6.247396918,25.67,0,12,0
4903,0,6,0,412.7393881,6.247396918,25.67,0,12,0
4904,0,6,0,409.6152769,6.247396918,25.67,0,12,0
4905,0,6,0,406.4911688,6.247396918,25.67,0,12,0
4906,0,6,0,403.3670639,6.247396918,25.67,0,12,0
4907,3,6,0,401.742962,3.247396918,25.67,0,12,0
4908,14,6,0,401.7425603,0,25.67,0,12,7.4456
4909,14,6,0,401.7421586,0,25.67,0,12,7.4456
4910,31,6,0,407.6279568,-11.7724,25.67,0,12,12
4911,33,7,0,412.9741492,-10.6932,25.67,0,14,14
4912,40,6,0,423.1817362,-20.416,25.67,0,12,12
4913,33,6,0,430.027913,-13.6932,25.67,0,12,12
4914,46,7,0,441.616683,-23.1784,25.67,0,14,14
4915,45,6,0,454.2252414,-25.218,25.67,0,12,12
4916,36,6,0,462.5119872,-16.5744,25.67,0,12,12
4917,24,7,0,463.5363246,-2.0496,25.67,0,14,14
4918,22,6,0,465.1002611,-3.1288,25.67,0,12,12
4919,32,6,0,471.466196,-12.7328,25.67,0,12,12
4920,29,7,0,474.8915245,-6.8516,25.67,0,14,14
4921,20,6,0,475.4950497,-1.208,25.67,0,12,12
4922,13,6,0,475.4945742,0,25.67,0,12,6.4852
4923,10,6,0,475.4940987,0,25.67,0,12,3.604
4924,17,6,0,475.4936232,0,25.67,0,12,10.3268
4925,13,7,0,475.4931477,0,25.67,0,14,5.4852
4926,10,5,0,475.4926722,0,25.67,0,10,4.604
4927,6,6,0,475.3684982,0.247396918,25.67,0,12,0
4928,4,5,0,474.7649408,1.206164098,25.67,0,10,0
4929,3,5,0,473.661384,2.206164098,25.67,0,10,0
4930,1,5,0,471.5578283,4.206164098,25.67,0,10,0
4931,0,6,0,468.4336583,6.247396918,25.67,0,12,0
4932,0,6,0,465.3094914,6.247396918,25.67,0,12,0
4933,0,6,0,462.1853276,6.247396918,25.67,0,12,0
4934,0,7,0,458.5405506,7.288629738,25.67,0,14,0
4935,0,6,0,455.4163936,6.247396918,25.67,0,12,0
4936,0,6,0,452.2922397,6.247396918,25.67,0,12,0
4937,0,6,0,449.1680889,6.247396918,25.67,0,12,0
4938,0,6,0,446.0439413,6.247396918,25.67,0,12,0
4939,0,6,0,442.9197968,6.247396918,25.67,0,12,0
4940,0,6,0,439.7956554,6.247396918,25.67,0,12,0
4941,0,6,0,436.6715172,6.247396918,25.67,0,12,0
4942,0,6,0,433.547382,6.247396918,25.67,0,12,0
4943,0,6,0,430.42325,6.247396918,25.67,0,12,0
4944,0,6,0,427.2991211,6.247396918,25.67,0,12,0
4945,0,6,0,424.1749954,6.247396918,25.67,0,12,0
4946,0,6,0,421.0508728,6.247396918,25.67,0,12,0
4947,0,6,0,417.9267532,6.247396918,25.67,0,12,0
4948,0,6,0,414.8026369,6.247396918,25.67,0,12,0
4949,0,6,0,411.6785236,6.247396918,25.67,0,12,0
4950,0,5,0,409.0750299,5.206164098,25.67,0,10,0
4951,0,5,0,406.4715387,5.206164098,25.67,0,10,0
4952,0,5,0,403.8680502,5.206164098,25.67,0,10,0
4953,0,5,0,401.2645643,5.206164098,25.67,0,10,0
4954,0,6,0,398.1404646,6.247396918,25.67,0,12,0
4955,5,5,0,398.0369844,0.206164098,25.67,0,10,0
4956,12,5,0,398.0365864,0,25.67,0,10,6.5248
4957,33,5,0,406.3827883,-16.6932,25.67,0,10,10
4958,39,7,0,414.6101819,-16.4556,25.67,0,14,14
4959,55,6,0,432.0207673,-34.822,25.67,0,12,12
4960,67,8,0,452.1937353,-40.3468,25.67,0,16,16
4961,76,7,0,478.1884831,-51.9904,25.67,0,14,14
4962,91,9,0,508.3862049,-60.3964,25.67,0,18,18
4963,89,8,0,539.1234965,-61.4756,25.67,0,16,16
4964,47,7,0,551.1923574,-24.1388,25.67,0,14,14
4965,41,8,0,558.8800062,-15.3764,25.67,0,16,16
4966,59,8,0,575.2112473,-32.6636,25.67,0,16,16
4967,72,7,0,599.2850721,-48.1488,25.67,0,14,14
4968,59,8,0,615.6162728,-32.6636,25.67,0,16,16
4969,65,8,0,634.8286572,-38.426,25.67,0,16,16
4970,73,7,0,659.3826224,-49.1092,25.67,0,14,14
4971,91,8,0,691.080163,-63.3964,25.67,0,16,16
4972,54,6,0,708.0102719,-33.8616,25.67,0,12,12
4973,12,7,0,708.0095639,0,25.67,0,14,4.5248
4974,15,7,0,708.0088559,0,25.67,0,14,7.406
4975,17,6,0,708.0081479,0,25.67,0,12,10.3268
4976,19,6,0,708.1312399,-0.2476,25.67,0,12,12
4977,12,7,0,708.1305318,0,25.67,0,14,4.5248
4978,7,6,0,708.1298236,0,25.67,0,12,0.7228
4979,2,7,0,705.4848006,5.288629738,25.67,0,14,0
4980,1,6,0,702.8603967,5.247396918,25.67,0,12,0
4981,0,7,0,699.215379,7.288629738,25.67,0,14,0
4982,0,7,0,695.5703649,7.288629738,25.67,0,14,0
4983,0,6,0,692.4459709,6.247396918,25.67,0,12,0
4984,0,6,0,689.32158,6.247396918,25.67,0,12,0
4985,0,5,0,686.7178086,5.206164098,25.67,0,10,0
4986,0,6,0,683.5934234,6.247396918,25.67,0,12,0
4987,0,5,0,680.9896578,5.206164098,25.67,0,10,0
4988,0,5,0,678.3858947,5.206164098,25.67,0,10,0
4989,0,6,0,675.2615179,6.247396918,25.67,0,12,0
4990,0,6,0,672.1371442,6.247396918,25.67,0,12,0
4991,0,6,0,669.0127736,6.247396918,25.67,0,12,0
4992,0,6,0,665.8884061,6.247396918,25.67,0,12,0
4993,0,6,0,662.7640417,6.247396918,25.67,0,12,0
4994,0,6,0,659.6396805,6.247396918,25.67,0,12,0
4995,0,6,0,656.5153224,6.247396918,25.67,0,12,0
4996,0,6,0,653.3909674,6.247396918,25.67,0,12,0
4997,0,6,0,650.2666156,6.247396918,25.67,0,12,0
4998,0,5,0,647.6628833,5.206164098,25.67,0,10,0
4999,0,5,0,645.0591536,5.206164098,25.67,0,10,0
5000,0,6,0,641.9348101,6.247396918,25.67,0,12,0
5001,0,5,0,639.3310861,5.206164098,25.67,0,10,0
5002,1,5,0,637.2273647,4.206164098,25.67,0,10,0
5003,7,5,0,637.2267275,0,25.67,0,10,1.7228
5004,9,6,0,637.2260902,0,25.67,0,12,2.6436
5005,22,5,0,640.289853,-6.1288,25.67,0,10,10
5006,30,6,0,645.6952127,-10.812,25.67,0,12,12
5007,64,6,0,667.427367,-43.4656,25.67,0,12,12
5008,67,7,0,689.1000996,-43.3468,25.67,0,14,14
5009,70,7,0,712.2134105,-46.228,25.67,0,14,14
5010,70,7,0,735.3266983,-46.228,25.67,0,14,14
5011,85,8,0,764.142963,-57.634,25.67,0,16,16
5012,87,7,0,795.4195988,-62.5548,25.67,0,14,14
5013,105,8,0,833.8398034,-76.842,25.67,0,16,16
5014,101,7,0,871.8391696,-76.0004,25.67,0,14,14
5015,105,8,0,910.2592977,-76.842,25.67,0,16,16
5016,105,7,0,950.1793875,-79.842,25.67,0,14,14
5017,104,8,0,988.1192373,-75.8816,25.67,0,16,16
5018,98,7,0,1024.677849,-73.1192,25.67,0,14,14
5019,84,7,0,1054.513624,-59.6736,25.67,0,14,14
5020,74,8,0,1078.04737,-47.0696,25.67,0,16,16
5021,55,7,0,1093.957292,-31.822,25.67,0,14,14
5022,54,7,0,1109.386998,-30.8616,25.67,0,14,14
5023,54,8,0,1123.316689,-27.8616,25.67,0,16,16
5024,44,7,0,1133.944365,-21.2576,25.67,0,14,14
5025,22,7,0,1134.007631,-0.1288,25.67,0,14,14
5026,16,8,0,1134.006497,0,25.67,0,16,7.3664
5027,5,7,0,1132.861048,2.288629738,25.67,0,14,0
5028,3,7,0,1130.715601,4.288629738,25.67,0,14,0
5029,0,6,0,1127.590772,6.247396918,25.67,0,12,0
5030,0,6,0,1124.465945,6.247396918,25.67,0,12,0
5031,0,7,0,1120.820506,7.288629738,25.67,0,14,0
5032,0,6,0,1117.695687,6.247396918,25.67,0,12,0
5033,0,5,0,1115.091487,5.206164098,25.67,0,10,0
5034,0,5,0,1112.48729,5.206164098,25.67,0,10,0
5035,0,6,0,1109.362479,6.247396918,25.67,0,12,0
5036,0,5,0,1106.758288,5.206164098,25.67,0,10,0
5037,0,6,0,1103.633482,6.247396918,25.67,0,12,0
5038,0,5,0,1101.029297,5.206164098,25.67,0,10,0
5039,0,5,0,1098.425114,5.206164098,25.67,0,10,0
5040,0,6,0,1095.300317,6.247396918,25.67,0,12,0
5041,0,6,0,1092.175523,6.247396918,25.67,0,12,0
5042,0,7,0,1088.530116,7.288629738,25.67,0,14,0
5043,0,6,0,1085.405329,6.247396918,25.67,0,12,0
5044,0,6,0,1082.280545,6.247396918,25.67,0,12,0
5045,0,6,0,1079.155764,6.247396918,25.67,0,12,0
5046,0,6,0,1076.030987,6.247396918,25.67,0,12,0
5047,0,6,0,1072.906212,6.247396918,25.67,0,12,0
5048,0,6,0,1069.781441,6.247396918,25.67,0,12,0
5049,0,6,0,1066.656673,6.247396918,25.67,0,12,0
5050,2,6,0,1064.531908,4.247396918,25.67,0,12,0
5051,10,6,0,1064.530843,0,25.67,0,12,3.604
5052,15,6,0,1064.529778,0,25.67,0,12,8.406
5053,32,6,0,1070.895114,-12.7328,25.67,0,12,12
5054,38,6,0,1080.141643,-18.4952,25.67,0,12,12
5055,56,5,0,1099.531763,-38.7824,25.67,0,10,10
5056,61,6,0,1119.822863,-40.5844,25.67,0,12,12
5057,78,8,0,1145.277344,-50.9112,25.67,0,16,16
5058,83,7,0,1174.632798,-58.7132,25.67,0,14,14
5059,96,8,0,1208.730824,-68.1984,25.67,0,16,16
5060,102,8,0,1245.710015,-73.9608,25.67,0,16,16
5061,102,7,0,1284.189169,-76.9608,25.67,0,14,14
5062,102,8,0,1321.168285,-73.9608,25.67,0,16,16
5063,105,8,0,1359.587964,-76.842,25.67,0,16,16
5064,105,8,0,1398.007604,-76.842,25.67,0,16,16
5065,99,7,0,1435.046006,-74.0796,25.67,0,14,14
5066,82,8,0,1462.420971,-54.7528,25.67,0,16,16
5067,78,7,0,1489.375109,-53.9112,25.67,0,14,14
5068,70,8,0,1510.987619,-43.228,25.67,0,16,16
5069,55,8,0,1525.397108,-28.822,25.67,0,16,16
5070,57,8,0,1540.766983,-30.7428,25.67,0,16,16
5071,50,7,0,1554.275442,-27.02,25.67,0,14,14
5072,45,8,0,1563.882888,-19.218,25.67,0,16,16
5073,29,8,0,1565.807124,-3.8516,25.67,0,16,16
5074,22,8,0,1565.805558,0,25.67,0,16,13.1288
5075,6,8,0,1564.639061,2.329862557,25.67,0,16,0
5076,4,7,0,1562.993182,3.288629738,25.67,0,14,0
5077,0,7,0,1559.347304,7.288629738,25.67,0,14,0
5078,0,6,0,1556.222046,6.247396918,25.67,0,12,0
5079,0,6,0,1553.096791,6.247396918,25.67,0,12,0
5080,0,6,0,1549.97154,6.247396918,25.67,0,12,0
5081,0,6,0,1546.846291,6.247396918,25.67,0,12,0
5082,0,6,0,1543.721046,6.247396918,25.67,0,12,0
5083,0,6,0,1540.595804,6.247396918,25.67,0,12,0
5084,0,5,0,1537.991181,5.206164098,25.67,0,10,0
5085,0,6,0,1534.865945,6.247396918,25.67,0,12,0
5086,0,6,0,1531.740711,6.247396918,25.67,0,12,0
5087,0,5,0,1529.136098,5.206164098,25.67,0,10,0
5088,0,6,0,1526.01087,6.247396918,25.67,0,12,0
5089,0,6,0,1522.885646,6.247396918,25.67,0,12,0
5090,0,6,0,1519.760424,6.247396918,25.67,0,12,0
5091,0,6,0,1516.635206,6.247396918,25.67,0,12,0
5092,0,6,0,1513.509991,6.247396918,25.67,0,12,0
5093,0,6,0,1510.384779,6.247396918,25.67,0,12,0
5094,0,6,0,1507.25957,6.247396918,25.67,0,12,0
5095,0,6,0,1504.134364,6.247396918,25.67,0,12,0
5096,0,6,0,1501.009162,6.247396918,25.67,0,12,0
5097,0,5,0,1498.404579,5.206164098,25.67,0,10,0
5098,1,5,0,1496.299998,4.206164098,25.67,0,10,0
5099,9,5,0,1496.298502,0,25.67,0,10,3.6436
5100,14,6,0,1496.297006,0,25.67,0,12,7.4456
5101,31,5,0,1503.681709,-14.7724,25.67,0,10,10
5102,37,7,0,1510.947606,-14.5348,25.67,0,14,14
5103,56,6,0,1528.837295,-35.7824,25.67,0,12,12
5104,61,7,0,1547.627966,-37.5844,25.67,0,14,14
5105,78,7,0,1574.582018,-53.9112,25.67,0,14,14
5106,83,8,0,1602.437044,-55.7132,25.67,0,16,16
5107,92,7,0,1636.113841,-67.3568,25.67,0,14,14
5108,96,8,0,1670.211405,-68.1984,25.67,0,16,16
5109,105,7,0,1710.130735,-79.842,25.67,0,14,14
5110,105,8,0,1748.550025,-76.842,25.67,0,16,16
5111,75,8,0,1772.563276,-48.03,25.67,0,16,16
5112,90,8,0,1803.779504,-62.436,25.67,0,16,16
5113,68,9,0,1822.9313,-38.3072,25.67,0,18,18
5114,87,8,0,1852.706877,-59.5548,25.67,0,16,16
5115,82,8,0,1880.081424,-54.7528,25.67,0,16,16
5116,66,8,0,1899.772744,-39.3864,25.67,0,16,16
5117,52,8,0,1912.741244,-25.9408,25.67,0,16,16
5118,43,8,0,1921.387932,-17.2972,25.67,0,16,16
5119,46,9,0,1929.97521,-17.1784,25.67,0,18,18
5120,33,9,0,1932.31988,-4.6932,25.67,0,18,18
5121,21,8,0,1932.317948,0,25.67,0,16,12.1684
5122,9,8,0,1932.316016,0,25.67,0,16,0.6436
5123,3,8,0,1929.649152,5.329862557,25.67,0,16,0
5124,0,8,0,1925.482291,8.329862557,25.67,0,16,0
5125,0,7,0,1921.836051,7.288629738,25.67,0,14,0
5126,0,7,0,1918.189814,7.288629738,25.67,0,14,0
5127,0,6,0,1915.064197,6.247396918,25.67,0,12,0
5128,0,6,0,1911.938584,6.247396918,25.67,0,12,0
5129,0,5,0,1909.33359,5.206164098,25.67,0,10,0
5130,0,6,0,1906.207982,6.247396918,25.67,0,12,0
5131,0,5,0,1903.602994,5.206164098,25.67,0,10,0
5132,0,6,0,1900.477392,6.247396918,25.67,0,12,0
5133,0,5,0,1897.872409,5.206164098,25.67,0,10,0
5134,0,6,0,1894.746813,6.247396918,25.67,0,12,0
5135,0,6,0,1891.62122,6.247396918,25.67,0,12,0
5136,0,6,0,1888.49563,6.247396918,25.67,0,12,0
5137,0,6,0,1885.370043,6.247396918,25.67,0,12,0
5138,0,7,0,1881.723843,7.288629738,25.67,0,14,0
5139,0,6,0,1878.598262,6.247396918,25.67,0,12,0
5140,0,6,0,1875.472685,6.247396918,25.67,0,12,0
5141,0,6,0,1872.347111,6.247396918,25.67,0,12,0
5142,0,6,0,1869.221541,6.247396918,25.67,0,12,0
5143,0,6,0,1866.095973,6.247396918,25.67,0,12,0
5144,0,7,0,1862.449792,7.288629738,25.67,0,14,0
5145,0,6,0,1859.324231,6.247396918,25.67,0,12,0
5146,0,5,0,1856.71929,5.206164098,25.67,0,10,0
5147,4,6,0,1855.593734,2.247396918,25.67,0,12,0
5148,15,5,0,1855.591879,0,25.67,0,10,9.406
5149,27,6,0,1859.555423,-7.9308,25.67,0,12,12
5150,41,5,0,1871.741764,-24.3764,25.67,0,10,10
5151,51,7,0,1885.730092,-27.9804,25.67,0,14,14
5152,63,7,0,1905.480806,-39.5052,25.67,0,14,14
5153,71,20,0,1909.573101,-8.1884,25.67,0,40,40
5154,80,31,0,1909.571191,0,25.67,0,62,45.832
5155,70,31,0,1909.569282,0,25.67,0,62,36.228
5156,83,32,0,1909.567372,0,25.67,0,64,47.7132
5157,93,34,0,1909.565462,0,25.67,0,68,55.3172
5158,101,31,0,1911.563753,-4.0004,25.67,0,62,62
5159,79,14,0,1928.497641,-33.8716,25.67,0,28,28
5160,93,27,0,1932.654313,-8.3172,25.67,0,54,54
5161,92,30,0,1932.65238,0,25.67,0,60,58.3568
5162,77,31,0,1932.650448,0,25.67,0,62,42.9508
5163,36,33,0,1932.648515,0,25.67,0,66,1.5744
5164,24,29,0,1929.548706,6.19575177,25.67,0,58,0
5165,55,27,0,1929.546777,0,25.67,0,54,25.822
5166,59,25,0,1929.544847,0,25.67,0,50,31.6636
5167,41,26,0,1929.542918,0,25.67,0,52,13.3764
5168,33,26,0,1929.540988,0,25.67,0,52,5.6932
5169,18,11,0,1929.539059,0,25.67,0,22,6.2872
5170,10,6,0,1929.537129,0,25.67,0,12,3.604
5171,2,7,0,1926.890885,5.288629738,25.67,0,14,0
5172,0,7,0,1923.244643,7.288629738,25.67,0,14,0
5173,0,7,0,1919.598405,7.288629738,25.67,0,14,0
5174,0,7,0,1915.95217,7.288629738,25.67,0,14,0
5175,0,7,0,1912.30594,7.288629738,25.67,0,14,0
5176,0,7,0,1908.659712,7.288629738,25.67,0,14,0
5177,0,5,0,1906.054722,5.206164098,25.67,0,10,0
5178,0,6,0,1902.929117,6.247396918,25.67,0,12,0
5179,0,5,0,1900.324132,5.206164098,25.67,0,10,0
5180,0,5,0,1897.71915,5.206164098,25.67,0,10,0
5181,0,6,0,1894.593554,6.247396918,25.67,0,12,0
5182,0,5,0,1891.988577,5.206164098,25.67,0,10,0
5183,0,5,0,1889.383603,5.206164098,25.67,0,10,0
5184,0,6,0,1886.258015,6.247396918,25.67,0,12,0
5185,0,5,0,1883.653047,5.206164098,25.67,0,10,0
5186,0,6,0,1880.527465,6.247396918,25.67,0,12,0
5187,0,6,0,1877.401886,6.247396918,25.67,0,12,0
5188,0,7,0,1873.755693,7.288629738,25.67,0,14,0
5189,0,6,0,1870.630121,6.247396918,25.67,0,12,0
5190,0,6,0,1867.504552,6.247396918,25.67,0,12,0
5191,0,6,0,1864.378986,6.247396918,25.67,0,12,0
5192,0,6,0,1861.253423,6.247396918,25.67,0,12,0
5193,0,7,0,1857.607247,7.288629738,25.67,0,14,0
5194,0,6,0,1854.481691,6.247396918,25.67,0,12,0
5195,4,5,0,1853.876755,1.206164098,25.67,0,10,0
5196,7,5,0,1853.874901,0,25.67,0,10,1.7228
5197,25,6,0,1856.878047,-6.01,25.67,0,12,12
5198,36,6,0,1865.16339,-16.5744,25.67,0,12,12
5199,53,7,0,1880.112125,-29.9012,25.67,0,14,14
5200,63,8,0,1898.362845,-36.5052,25.67,0,16,16
5201,71,8,0,1920.455146,-44.1884,25.67,0,16,16
5202,80,7,0,1948.369226,-55.832,25.67,0,14,14
5203,84,8,0,1976.704077,-56.6736,25.67,0,16,16
5204,87,8,0,2006.479501,-59.5548,25.67,0,16,16
5205,93,9,0,2037.636094,-62.3172,25.67,0,18,18
5206,96,8,0,2071.733257,-68.1984,25.67,0,16,16
5207,100,8,0,2107.751185,-72.04,25.67,0,16,16
5208,92,9,0,2138.427477,-61.3568,25.67,0,18,18
5209,78,8,0,2163.880939,-50.9112,25.67,0,16,16
5210,86,8,0,2193.175975,-58.5944,25.67,0,16,16
5211,66,8,0,2212.866982,-39.3864,25.67,0,16,16
5212,77,8,0,2237.840169,-49.9508,25.67,0,16,16
5213,68,8,0,2258.491531,-41.3072,25.67,0,16,16
5214,46,8,0,2268.578472,-20.1784,25.67,0,16,16
5215,42,8,0,2276.744604,-16.3368,25.67,0,16,16
5216,31,8,0,2279.628527,-5.7724,25.67,0,16,16
5217,17,8,0,2279.626248,0,25.67,0,16,8.3268
5218,13,7,0,2279.623968,0,25.67,0,14,5.4852
5219,4,9,0,2276.936141,5.371095377,25.67,0,18,0
5220,0,8,0,2272.768932,8.329862557,25.67,0,16,0
5221,0,8,0,2268.601728,8.329862557,25.67,0,16,0
5222,0,7,0,2264.955145,7.288629738,25.67,0,14,0
5223,0,8,0,2260.787949,8.329862557,25.67,0,16,0
5224,0,7,0,2257.141373,7.288629738,25.67,0,14,0
5225,0,6,0,2254.015417,6.247396918,25.67,0,12,0
5226,0,6,0,2250.889465,6.247396918,25.67,0,12,0
5227,0,6,0,2247.763516,6.247396918,25.67,0,12,0
5228,0,7,0,2244.116953,7.288629738,25.67,0,14,0
5229,0,6,0,2240.99101,6.247396918,25.67,0,12,0
5230,0,6,0,2237.865071,6.247396918,25.67,0,12,0
5231,0,6,0,2234.739135,6.247396918,25.67,0,12,0
5232,0,6,0,2231.613201,6.247396918,25.67,0,12,0
5233,0,6,0,2228.487271,6.247396918,25.67,0,12,0
5234,0,7,0,2224.840728,7.288629738,25.67,0,14,0
5235,0,6,0,2221.714805,6.247396918,25.67,0,12,0
5236,0,6,0,2218.588884,6.247396918,25.67,0,12,0
5237,0,6,0,2215.462967,6.247396918,25.67,0,12,0
5238,0,6,0,2212.337053,6.247396918,25.67,0,12,0
5239,0,6,0,2209.211143,6.247396918,25.67,0,12,0
5240,0,5,0,2206.605851,5.206164098,25.67,0,10,0
5241,0,5,0,2204.000563,5.206164098,25.67,0,10,0
5242,0,6,0,2200.87466,6.247396918,25.67,0,12,0
5243,6,6,0,2200.748761,0.247396918,25.67,0,12,0
5244,16,6,0,2200.74656,0,25.67,0,12,9.3664
5245,29,6,0,2205.670159,-9.8516,25.67,0,12,12
5246,41,7,0,2214.856154,-18.3764,25.67,0,14,14
5247,54,7,0,2230.284739,-30.8616,25.67,0,14,14
5248,63,7,0,2250.035109,-39.5052,25.67,0,14,14
5249,73,9,0,2271.587459,-43.1092,25.67,0,18,18
5250,78,53,0,2271.585187,0,25.67,0,106,21.9112
5251,98,61,0,2271.582915,0,25.67,0,122,33.1192
5252,101,57,0,2271.580644,0,25.67,0,114,40.0004
5253,93,59,0,2271.578372,0,25.67,0,118,30.3172
5254,99,72,0,2271.576101,0,25.67,0,144,23.0796
5255,104,28,0,2279.514629,-15.8816,25.67,0,56,56
5256,105,35,0,2279.51235,0,25.67,0,70,65.842
5257,93,74,0,2279.51007,0,25.67,0,148,15.3172
5258,65,55,0,2279.507791,0,25.67,0,110,7.426
5259,86,60,0,2279.505511,0,25.67,0,120,22.5944
5260,48,39,0,2279.503232,0,25.67,0,78,7.0992
5261,10,55,0,2255.86705,47.26780508,25.67,0,110,0
5262,10,53,0,2233.272124,45.18533944,25.67,0,106,0
5263,9,25,0,2224.75448,17.03082049,25.67,0,50,0
5264,9,20,0,2218.839928,11.82465639,25.67,0,40,0
5265,8,15,0,2215.028463,7.618492295,25.67,0,30,0
5266,9,8,0,2215.026247,0,25.67,0,16,0.6436
5267,5,7,0,2213.879718,2.288629738,25.67,0,14,0
5268,0,7,0,2210.233189,7.288629738,25.67,0,14,0
5269,0,7,0,2206.586664,7.288629738,25.67,0,14,0
5270,0,6,0,2203.460759,6.247396918,25.67,0,12,0
5271,0,7,0,2199.81424,7.288629738,25.67,0,14,0
5272,0,6,0,2196.688342,6.247396918,25.67,0,12,0
5273,0,5,0,2194.083063,5.206164098,25.67,0,10,0
5274,0,6,0,2190.957171,6.247396918,25.67,0,12,0
5275,0,6,0,2187.831281,6.247396918,25.67,0,12,0
5276,0,5,0,2185.226012,5.206164098,25.67,0,10,0
5277,0,6,0,2182.100128,6.247396918,25.67,0,12,0
5278,0,5,0,2179.494864,5.206164098,25.67,0,10,0
5279,0,5,0,2176.889602,5.206164098,25.67,0,10,0
5280,0,6,0,2173.763727,6.247396918,25.67,0,12,0
5281,0,5,0,2171.158471,5.206164098,25.67,0,10,0
5282,0,7,0,2167.511985,7.288629738,25.67,0,14,0
5283,0,6,0,2164.386119,6.247396918,25.67,0,12,0
5284,0,6,0,2161.260256,6.247396918,25.67,0,12,0
5285,0,6,0,2158.134396,6.247396918,25.67,0,12,0
5286,0,6,0,2155.00854,6.247396918,25.67,0,12,0
5287,0,6,0,2151.882686,6.247396918,25.67,0,12,0
5288,0,6,0,2148.756836,6.247396918,25.67,0,12,0
5289,0,6,0,2145.630989,6.247396918,25.67,0,12,0
5290,0,6,0,2142.505145,6.247396918,25.67,0,12,0
5291,6,7,0,2141.858687,1.288629738,25.67,0,14,0
5292,18,6,0,2141.856545,0,25.67,0,12,11.2872
5293,29,6,0,2146.780204,-9.8516,25.67,0,12,12
5294,41,5,0,2158.966257,-24.3764,25.67,0,10,10
5295,53,6,0,2175.414698,-32.9012,25.67,0,12,12
5296,63,42,0,2175.412522,0,25.67,0,84,18.5052
5297,72,56,0,2175.410347,0,25.67,0,112,13.1488
5298,80,72,0,2175.408172,0,25.67,0,144,4.832
5299,95,79,0,2175.405996,0,25.67,0,158,12.238
5300,98,79,0,2175.403821,0,25.67,0,158,15.1192
5301,97,68,0,2175.401645,0,25.67,0,136,25.1588
5302,97,64,0,2175.39947,0,25.67,0,128,29.1588
5303,97,18,0,2194.976695,-39.1588,25.67,0,36,36
5304,95,65,0,2194.9745,0,25.67,0,130,26.238
5305,94,82,0,2194.972305,0,25.67,0,164,8.2776
5306,75,94,0,2183.532167,22.87588505,25.67,0,188,0
5307,78,88,0,2176.71574,13.62848813,25.67,0,176,0
5308,79,90,0,2169.358086,14.71095377,25.67,0,180,0
5309,68,67,0,2168.474617,1.762598917,25.67,0,134,0
5310,63,72,0,2162.488067,11.96876302,25.67,0,144,0
5311,47,74,0,2147.46029,30.05122865,25.67,0,148,0
5312,40,32,0,2147.458143,0,25.67,0,64,6.416
5313,20,8,0,2147.455995,0,25.67,0,16,11.208
5314,7,7,0,2147.309533,0.288629738,25.67,0,14,0
5315,1,8,0,2143.642455,7.329862557,25.67,0,16,0
5316,0,7,0,2139.995996,7.288629738,25.67,0,14,0
5317,0,6,0,2136.870158,6.247396918,25.67,0,12,0
5318,0,7,0,2133.223706,7.288629738,25.67,0,14,0
5319,0,6,0,2130.097874,6.247396918,25.67,0,12,0
5320,0,6,0,2126.972046,6.247396918,25.67,0,12,0
5321,0,6,0,2123.84622,6.247396918,25.67,0,12,0
5322,0,6,0,2120.720398,6.247396918,25.67,0,12,0
5323,0,5,0,2118.115195,5.206164098,25.67,0,10,0
5324,0,6,0,2114.989379,6.247396918,25.67,0,12,0
5325,0,6,0,2111.863565,6.247396918,25.67,0,12,0
5326,0,6,0,2108.737755,6.247396918,25.67,0,12,0
5327,0,5,0,2106.132564,5.206164098,25.67,0,10,0
5328,0,6,0,2103.006759,6.247396918,25.67,0,12,0
5329,0,7,0,2099.360341,7.288629738,25.67,0,14,0
5330,0,6,0,2096.234544,6.247396918,25.67,0,12,0
5331,0,6,0,2093.108749,6.247396918,25.67,0,12,0
5332,0,6,0,2089.982957,6.247396918,25.67,0,12,0
5333,0,6,0,2086.857169,6.247396918,25.67,0,12,0
5334,0,6,0,2083.731384,6.247396918,25.67,0,12,0
5335,0,6,0,2080.605601,6.247396918,25.67,0,12,0
5336,0,5,0,2078.000439,5.206164098,25.67,0,10,0
5337,0,5,0,2075.395279,5.206164098,25.67,0,10,0
5338,0,6,0,2072.269505,6.247396918,25.67,0,12,0
5339,4,5,0,2071.664351,1.206164098,25.67,0,10,0
5340,15,5,0,2071.662279,0,25.67,0,10,9.406
5341,28,6,0,2076.105807,-8.8912,25.67,0,12,12
5342,43,7,0,2086.252331,-20.2972,25.67,0,14,14
5343,55,7,0,2102.161245,-31.822,25.67,0,14,14
5344,65,7,0,2122.872143,-41.426,25.67,0,14,14
5345,73,8,0,2145.92462,-46.1092,25.67,0,16,16
5346,79,16,0,2159.858274,-27.8716,25.67,0,32,32
5347,96,33,0,2159.856114,0,25.67,0,66,59.1984
5348,100,25,0,2170.373954,-21.04,25.67,0,50,50
5349,79,21,0,2176.807584,-12.8716,25.67,0,42,42
5350,81,36,0,2176.805407,0,25.67,0,72,41.7924
5351,83,14,0,2195.65983,-37.7132,25.67,0,28,28
5352,86,14,0,2215.954835,-40.5944,25.67,0,28,28
5353,88,14,0,2237.210219,-42.5152,25.67,0,28,28
5354,90,35,0,2237.207981,0,25.67,0,70,51.436
5355,27,17,0,2237.205744,0,25.67,0,34,8.9308
5356,17,28,0,2231.126248,12.15451895,25.67,0,56,0
5357,6,30,0,2218.505524,25.23698459,25.67,0,60,0
5358,5,18,0,2211.63221,13.74219075,25.67,0,36,0
5359,1,8,0,2207.965067,7.329862557,25.67,0,16,0
5360,0,7,0,2204.318544,7.288629738,25.67,0,14,0
5361,0,6,0,2201.192642,6.247396918,25.67,0,12,0
5362,0,7,0,2197.546126,7.288629738,25.67,0,14,0
5363,3,6,0,2195.92023,3.247396918,25.67,0,12,0
5364,0,7,0,2192.273719,7.288629738,25.67,0,14,0
5365,0,8,0,2188.106595,8.329862557,25.67,0,16,0
5366,0,7,0,2184.460092,7.288629738,25.67,0,14,0
5367,0,7,0,2180.813593,7.288629738,25.67,0,14,0
5368,0,7,0,2177.167097,7.288629738,25.67,0,14,0
5369,0,6,0,2174.041222,6.247396918,25.67,0,12,0
5370,0,7,0,2170.394733,7.288629738,25.67,0,14,0
5371,0,6,0,2167.268864,6.247396918,25.67,0,12,0
5372,0,7,0,2163.622382,7.288629738,25.67,0,14,0
5373,0,7,0,2159.975903,7.288629738,25.67,0,14,0
5374,0,7,0,2156.329428,7.288629738,25.67,0,14,0
5375,0,8,0,2152.162341,8.329862557,25.67,0,16,0
5376,0,6,0,2149.03649,6.247396918,25.67,0,12,0
5377,0,7,0,2145.390026,7.288629738,25.67,0,14,0
5378,0,7,0,2141.743566,7.288629738,25.67,0,14,0
5379,0,7,0,2138.097109,7.288629738,25.67,0,14,0
5380,0,6,0,2134.971273,6.247396918,25.67,0,12,0
5381,0,7,0,2131.324823,7.288629738,25.67,0,14,0
5382,0,6,0,2128.198993,6.247396918,25.67,0,12,0
5383,0,6,0,2125.073167,6.247396918,25.67,0,12,0
5384,0,6,0,2121.947343,6.247396918,25.67,0,12,0
5385,0,6,0,2118.821523,6.247396918,25.67,0,12,0
5386,0,6,0,2115.695705,6.247396918,25.67,0,12,0
5387,6,5,0,2115.69359,0,25.67,0,10,0.7624
5388,15,6,0,2115.691474,0,25.67,0,12,8.406
5389,30,7,0,2119.595358,-7.812,25.67,0,14,14
5390,43,7,0,2129.741839,-20.2972,25.67,0,14,14
5391,55,8,0,2144.150709,-28.822,25.67,0,16,16
5392,64,9,0,2161.381365,-34.4656,25.67,0,18,18
5393,73,30,0,2161.379203,0,25.67,0,60,40.1092
5394,80,33,0,2161.377042,0,25.67,0,66,43.832
5395,87,30,0,2161.374881,0,25.67,0,60,53.5548
5396,97,28,0,2165.952119,-9.1588,25.67,0,56,56
5397,105,23,0,2181.870953,-31.842,25.67,0,46,46
5398,105,17,0,2206.789771,-49.842,25.67,0,34,34
5399,105,12,0,2239.208565,-64.842,25.67,0,24,24
5400,105,28,0,2247.627325,-16.842,25.67,0,56,56
5401,62,49,0,2247.625078,0,25.67,0,98,10.5448
5402,35,52,0,2238.050777,19.14410662,25.67,0,104,0
5403,4,45,0,2216.6208,42.85547688,25.67,0,90,0
5404,11,37,0,2202.855777,27.52561433,25.67,0,74,0
5405,54,37,0,2202.853574,0,25.67,0,74,14.8616
5406,59,36,0,2202.851371,0,25.67,0,72,20.6636
5407,47,23,0,2202.849168,0,25.67,0,46,22.1388
5408,35,20,0,2202.846965,0,25.67,0,40,13.614
5409,21,12,0,2202.844762,0,25.67,0,24,8.1684
5410,10,6,0,2202.84256,0,25.67,0,12,3.604
5411,1,7,0,2199.696042,6.288629738,25.67,0,14,0
5412,0,7,0,2196.049527,7.288629738,25.67,0,14,0
5413,0,7,0,2192.403016,7.288629738,25.67,0,14,0
5414,0,7,0,2188.756509,7.288629738,25.67,0,14,0
5415,0,7,0,2185.110005,7.288629738,25.67,0,14,0
5416,0,7,0,2181.463505,7.288629738,25.67,0,14,0
5417,0,5,0,2178.858242,5.206164098,25.67,0,10,0
5418,0,5,0,2176.252981,5.206164098,25.67,0,10,0
5419,0,5,0,2173.647723,5.206164098,25.67,0,10,0
5420,0,5,0,2171.042467,5.206164098,25.67,0,10,0
5421,0,6,0,2167.916598,6.247396918,25.67,0,12,0
5422,0,5,0,2165.311348,5.206164098,25.67,0,10,0
5423,0,5,0,2162.7061,5.206164098,25.67,0,10,0
5424,0,6,0,2159.580239,6.247396918,25.67,0,12,0
5425,0,5,0,2156.974997,5.206164098,25.67,0,10,0
5426,0,6,0,2153.849142,6.247396918,25.67,0,12,0
5427,0,6,0,2150.72329,6.247396918,25.67,0,12,0
5428,0,6,0,2147.59744,6.247396918,25.67,0,12,0
5429,0,6,0,2144.471594,6.247396918,25.67,0,12,0
5430,0,6,0,2141.345752,6.247396918,25.67,0,12,0
5431,0,6,0,2138.219912,6.247396918,25.67,0,12,0
5432,0,6,0,2135.094075,6.247396918,25.67,0,12,0
5433,0,6,0,2131.968241,6.247396918,25.67,0,12,0
5434,0,6,0,2128.842411,6.247396918,25.67,0,12,0
5435,6,6,0,2128.716584,0.247396918,25.67,0,12,0
5436,11,6,0,2128.714455,0,25.67,0,12,4.5644
5437,21,5,0,2131.296526,-5.1684,25.67,0,10,10
5438,37,6,0,2140.061795,-17.5348,25.67,0,12,12
5439,55,5,0,2158.970655,-37.822,25.67,0,10,10
5440,70,11,0,2176.082496,-34.228,25.67,0,22,22
5441,74,19,0,2183.11512,-14.0696,25.67,0,38,38
5442,82,67,0,2183.112937,0,25.67,0,134,11.7528
5443,93,77,0,2183.110754,0,25.67,0,154,12.3172
5444,95,64,0,2183.108571,0,25.67,0,128,27.238
5445,105,49,0,2183.106387,0,25.67,0,98,51.842
5446,100,42,0,2183.104204,0,25.67,0,84,54.04
5447,101,25,0,2194.102221,-22.0004,25.67,0,50,50
5448,105,23,0,2210.021027,-31.842,25.67,0,46,46
5449,105,60,0,2210.018817,0,25.67,0,120,40.842
5450,100,29,0,2214.536607,-9.04,25.67,0,58,58
5451,93,24,0,2223.192993,-17.3172,25.67,0,48,48
5452,86,24,0,2228.487969,-10.5944,25.67,0,48,48
5453,66,31,0,2228.485741,0,25.67,0,62,32.3864
5454,63,32,0,2228.483512,0,25.67,0,64,28.5052
5455,48,27,0,2228.481284,0,25.67,0,54,19.0992
5456,43,26,0,2228.479055,0,25.67,0,52,15.2972
5457,20,19,0,2228.476827,0,25.67,0,38,0.208
5458,8,7,0,2228.474598,0,25.67,0,14,0.6832
5459,1,7,0,2225.328055,6.288629738,25.67,0,14,0
5460,0,7,0,2221.681515,7.288629738,25.67,0,14,0
5461,0,7,0,2218.034978,7.288629738,25.67,0,14,0
5462,0,7,0,2214.388445,7.288629738,25.67,0,14,0
5463,0,8,0,2210.2213,8.329862557,25.67,0,16,0
5464,0,7,0,2206.574775,7.288629738,25.67,0,14,0
5465,0,5,0,2203.969486,5.206164098,25.67,0,10,0
5466,0,6,0,2200.843584,6.247396918,25.67,0,12,0
5467,0,5,0,2198.238301,5.206164098,25.67,0,10,0
5468,0,5,0,2195.63302,5.206164098,25.67,0,10,0
5469,0,6,0,2192.507126,6.247396918,25.67,0,12,0
5470,0,5,0,2189.901852,5.206164098,25.67,0,10,0
5471,0,6,0,2186.775963,6.247396918,25.67,0,12,0
5472,0,5,0,2184.170695,5.206164098,25.67,0,10,0
5473,0,5,0,2181.565428,5.206164098,25.67,0,10,0
5474,0,6,0,2178.439548,6.247396918,25.67,0,12,0
5475,0,7,0,2174.793055,7.288629738,25.67,0,14,0
5476,0,6,0,2171.667182,6.247396918,25.67,0,12,0
5477,0,6,0,2168.541312,6.247396918,25.67,0,12,0
5478,0,6,0,2165.415445,6.247396918,25.67,0,12,0
5479,0,6,0,2162.289581,6.247396918,25.67,0,12,0
5480,0,6,0,2159.16372,6.247396918,25.67,0,12,0
5481,0,6,0,2156.037862,6.247396918,25.67,0,12,0
5482,0,7,0,2152.391392,7.288629738,25.67,0,14,0
5483,1,6,0,2149.765541,5.247396918,25.67,0,12,0
5484,7,5,0,2149.763391,0,25.67,0,10,1.7228
5485,25,5,0,2154.266241,-9.01,25.67,0,10,10
5486,37,6,0,2163.031487,-17.5348,25.67,0,12,12
5487,28,7,0,2165.974924,-5.8912,25.67,0,14,14
5488,22,7,0,2166.037158,-0.1288,25.67,0,14,14
5489,23,8,0,2166.034992,0,25.67,0,16,14.0892
5490,43,7,0,2176.181426,-20.2972,25.67,0,14,14
5491,44,7,0,2186.80805,-21.2576,25.67,0,14,14
5492,51,8,0,2199.296063,-24.9804,25.67,0,16,16
5493,82,7,0,2228.170264,-57.7528,25.67,0,14,14
5494,76,8,0,2252.663235,-48.9904,25.67,0,16,16
5495,9,7,0,2252.660983,0,25.67,0,14,1.6436
5496,11,6,0,2252.65873,0,25.67,0,12,4.5644
5497,26,6,0,2256.141677,-6.9704,25.67,0,12,12
5498,33,7,0,2261.486021,-10.6932,25.67,0,14,14
5499,75,6,0,2288.49876,-54.03,25.67,0,12,12
5500,59,7,0,2306.328271,-35.6636,25.67,0,14,14
5501,40,7,0,2315.033965,-17.416,25.67,0,14,14
5502,40,8,0,2322.23965,-14.416,25.67,0,16,16
5503,31,6,0,2328.123528,-11.7724,25.67,0,12,12
5504,29,7,0,2331.547,-6.8516,25.67,0,14,14
5505,13,6,0,2331.544668,0,25.67,0,12,6.4852
5506,7,6,0,2331.542336,0,25.67,0,12,0.7228
5507,1,7,0,2328.39569,6.288629738,25.67,0,14,0
5508,0,7,0,2324.749047,7.288629738,25.67,0,14,0
5509,0,7,0,2321.102407,7.288629738,25.67,0,14,0
5510,0,7,0,2317.455771,7.288629738,25.67,0,14,0
5511,0,6,0,2314.329755,6.247396918,25.67,0,12,0
5512,0,6,0,2311.203742,6.247396918,25.67,0,12,0
5513,0,6,0,2308.077733,6.247396918,25.67,0,12,0
5514,0,5,0,2305.472343,5.206164098,25.67,0,10,0
5515,0,5,0,2302.866955,5.206164098,25.67,0,10,0
5516,0,6,0,2299.740954,6.247396918,25.67,0,12,0
5517,0,5,0,2297.135572,5.206164098,25.67,0,10,0
5518,0,6,0,2294.009576,6.247396918,25.67,0,12,0
5519,0,6,0,2290.883584,6.247396918,25.67,0,12,0
5520,0,5,0,2288.278211,5.206164098,25.67,0,10,0
5521,0,6,0,2285.152224,6.247396918,25.67,0,12,0
5522,0,7,0,2281.505624,7.288629738,25.67,0,14,0
5523,0,6,0,2278.379644,6.247396918,25.67,0,12,0
5524,0,6,0,2275.253668,6.247396918,25.67,0,12,0
5525,0,6,0,2272.127694,6.247396918,25.67,0,12,0
5526,0,6,0,2269.001723,6.247396918,25.67,0,12,0
5527,0,6,0,2265.875756,6.247396918,25.67,0,12,0
5528,0,6,0,2262.749791,6.247396918,25.67,0,12,0
5529,0,5,0,2260.144447,5.206164098,25.67,0,10,0
5530,0,5,0,2257.539104,5.206164098,25.67,0,10,0
5531,1,6,0,2254.913148,5.247396918,25.67,0,12,0
5532,7,5,0,2254.910894,0,25.67,0,10,1.7228
5533,9,6,0,2254.908639,0,25.67,0,12,2.6436
5534,19,6,0,2255.030184,-0.2476,25.67,0,12,12
5535,20,6,0,2255.631929,-1.208,25.67,0,12,12
5536,31,7,0,2260.015873,-8.7724,25.67,0,14,14
5537,35,6,0,2267.820613,-15.614,25.67,0,12,12
5538,43,7,0,2277.966945,-20.2972,25.67,0,14,14
5539,64,7,0,2298.197467,-40.4656,25.67,0,14,14
5540,84,8,0,2326.531969,-56.6736,25.67,0,16,16
5541,102,9,0,2362.010042,-70.9608,25.67,0,18,18
5542,93,8,0,2394.66628,-65.3172,25.67,0,16,16
5543,81,9,0,2420.060086,-50.7924,25.67,0,18,18
5544,86,9,0,2447.854866,-55.5944,25.67,0,18,18
5545,83,8,0,2475.709018,-55.7132,25.67,0,16,16
5546,78,9,0,2499.662142,-47.9112,25.67,0,18,18
5547,88,8,0,2529.917243,-60.5152,25.67,0,16,16
5548,80,9,0,2554.830713,-49.832,25.67,0,18,18
5549,61,8,0,2572.120358,-34.5844,25.67,0,16,16
5550,57,7,0,2588.989186,-33.7428,25.67,0,14,14
5551,41,8,0,2596.674797,-15.3764,25.67,0,16,16
5552,39,7,0,2604.9,-16.4556,25.67,0,14,14
5553,13,8,0,2604.897395,0,25.67,0,16,4.4852
5554,9,7,0,2604.89479,0,25.67,0,14,1.6436
5555,0,8,0,2600.727254,8.329862557,25.67,0,16,0
5556,0,6,0,2597.600955,6.247396918,25.67,0,12,0
5557,0,6,0,2594.474659,6.247396918,25.67,0,12,0
5558,0,7,0,2590.827749,7.288629738,25.67,0,14,0
5559,0,6,0,2587.70146,6.247396918,25.67,0,12,0
5560,0,6,0,2584.575174,6.247396918,25.67,0,12,0
5561,0,5,0,2581.969507,5.206164098,25.67,0,10,0
5562,0,6,0,2578.843227,6.247396918,25.67,0,12,0
5563,0,5,0,2576.237566,5.206164098,25.67,0,10,0
5564,0,6,0,2573.111291,6.247396918,25.67,0,12,0
5565,0,5,0,2570.505636,5.206164098,25.67,0,10,0
5566,0,6,0,2567.379367,6.247396918,25.67,0,12,0
5567,0,5,0,2564.773718,5.206164098,25.67,0,10,0
5568,0,6,0,2561.647455,6.247396918,25.67,0,12,0
5569,0,7,0,2558.000578,7.288629738,25.67,0,14,0
5570,0,6,0,2554.874322,6.247396918,25.67,0,12,0
5571,0,6,0,2551.748068,6.247396918,25.67,0,12,0
5572,0,6,0,2548.621818,6.247396918,25.67,0,12,0
5573,0,6,0,2545.495571,6.247396918,25.67,0,12,0
5574,0,6,0,2542.369327,6.247396918,25.67,0,12,0
5575,0,6,0,2539.243086,6.247396918,25.67,0,12,0
5576,0,7,0,2535.596232,7.288629738,25.67,0,14,0
5577,0,5,0,2532.990614,5.206164098,25.67,0,10,0
5578,0,6,0,2529.864383,6.247396918,25.67,0,12,0
5579,2,6,0,2527.738155,4.247396918,25.67,0,12,0
5580,5,5,0,2527.632545,0.206164098,25.67,0,10,0
5581,12,5,0,2527.630017,0,25.67,0,10,6.5248
5582,24,6,0,2530.15229,-5.0496,25.67,0,12,12
5583,52,6,0,2546.120159,-31.9408,25.67,0,12,12
5584,56,11,0,2556.508813,-20.7824,25.67,0,22,22
5585,57,41,0,2556.506257,0,25.67,0,82,13.7428
5586,75,36,0,2556.5037,0,25.67,0,72,36.03
5587,80,72,0,2556.501144,0,25.67,0,144,4.832
5588,78,96,0,2545.519412,21.95835069,25.67,0,192,0
5589,83,92,0,2539.120157,12.79341941,25.67,0,184,0
5590,74,93,0,2527.700292,22.83465223,25.67,0,186,0
5591,88,52,0,2527.697764,0,25.67,0,104,32.5152
5592,83,86,0,2524.422225,6.546022491,25.67,0,172,0
5593,98,87,0,2524.4197,0,25.67,0,174,7.1192
5594,94,84,0,2524.417176,0,25.67,0,168,6.2776
5595,77,79,0,2521.785955,5.257392753,25.67,0,158,0
5596,70,78,0,2516.175353,11.21615993,25.67,0,156,0
5597,61,72,0,2509.188456,13.96876302,25.67,0,144,0
5598,54,76,0,2496.619099,25.13369429,25.67,0,152,0
5599,45,72,0,2481.632221,29.96876302,25.67,0,144,0
5600,45,71,0,2467.165975,28.9275302,25.67,0,142,0
5601,25,23,0,2467.163507,0,25.67,0,46,1.01
5602,9,8,0,2467.16104,0,25.67,0,16,0.6436
5603,0,7,0,2463.514258,7.288629738,25.67,0,14,0
5604,0,7,0,2459.86748,7.288629738,25.67,0,14,0
5605,0,7,0,2456.220705,7.288629738,25.67,0,14,0
5606,0,6,0,2453.09455,6.247396918,25.67,0,12,0
5607,0,7,0,2449.447782,7.288629738,25.67,0,14,0
5608,0,6,0,2446.321635,6.247396918,25.67,0,12,0
5609,0,5,0,2443.716106,5.206164098,25.67,0,10,0
5610,0,5,0,2441.11058,5.206164098,25.67,0,10,0
5611,0,6,0,2437.984441,6.247396918,25.67,0,12,0
5612,0,6,0,2434.858304,6.247396918,25.67,0,12,0
5613,0,5,0,2432.252788,5.206164098,25.67,0,10,0
5614,0,6,0,2429.126657,6.247396918,25.67,0,12,0
5615,0,6,0,2426.000529,6.247396918,25.67,0,12,0
5616,0,6,0,2422.874405,6.247396918,25.67,0,12,0
5617,0,6,0,2419.748283,6.247396918,25.67,0,12,0
5618,0,6,0,2416.622165,6.247396918,25.67,0,12,0
5619,0,6,0,2413.49605,6.247396918,25.67,0,12,0
5620,0,6,0,2410.369938,6.247396918,25.67,0,12,0
5621,0,7,0,2406.723213,7.288629738,25.67,0,14,0
5622,0,6,0,2403.597108,6.247396918,25.67,0,12,0
5623,0,6,0,2400.471006,6.247396918,25.67,0,12,0
5624,0,5,0,2397.865523,5.206164098,25.67,0,10,0
5625,0,6,0,2394.739427,6.247396918,25.67,0,12,0
5626,1,5,0,2392.63395,4.206164098,25.67,0,10,0
5627,4,5,0,2392.028475,1.206164098,25.67,0,10,0
5628,13,6,0,2392.026083,0,25.67,0,12,6.4852
5629,26,5,0,2397.008891,-9.9704,25.67,0,10,10
5630,38,7,0,2404.754094,-15.4952,25.67,0,14,14
5631,47,6,0,2418.32109,-27.1388,25.67,0,12,12
5632,60,7,0,2436.630671,-36.624,25.67,0,14,14
5633,71,29,0,2436.628235,0,25.67,0,58,39.1884
5634,79,30,0,2436.625798,0,25.67,0,60,45.8716
5635,83,83,0,2434.912199,3.422324032,25.67,0,166,0
5636,92,97,0,2430.409973,8.999583507,25.67,0,194,0
5637,104,86,0,2430.407542,0,25.67,0,172,13.8816
5638,105,60,0,2430.405112,0,25.67,0,120,40.842
5639,105,29,0,2437.323681,-13.842,25.67,0,58,58
5640,105,96,0,2437.321244,0,25.67,0,192,4.842
5641,87,94,0,2431.880864,10.87588505,25.67,0,188,0
5642,82,80,0,2431.22912,1.298625573,25.67,0,160,0
5643,68,71,0,2428.262923,5.927530196,25.67,0,142,0
5644,65,93,0,2412.343169,31.83465223,25.67,0,186,0
5645,40,96,0,2382.361581,59.95835069,25.67,0,192,0
5646,36,93,0,2351.941873,60.83465223,25.67,0,186,0
5647,15,95,0,2309.980962,83.91711787,25.67,0,190,0
5648,19,68,0,2284.076736,51.80383174,25.67,0,136,0
5649,1,55,0,2255.940549,56.26780508,25.67,0,110,0
5650,0,10,0,2250.732129,10.4123282,25.67,0,20,0
5651,0,7,0,2247.085564,7.288629738,25.67,0,14,0
5652,0,7,0,2243.439002,7.288629738,25.67,0,14,0
5653,0,6,0,2240.31306,6.247396918,25.67,0,12,0
5654,0,6,0,2237.187121,6.247396918,25.67,0,12,0
5655,0,6,0,2234.061186,6.247396918,25.67,0,12,0
5656,0,6,0,2230.935253,6.247396918,25.67,0,12,0
5657,0,6,0,2227.809324,6.247396918,25.67,0,12,0
5658,0,5,0,2225.204014,5.206164098,25.67,0,10,0
5659,0,5,0,2222.598706,5.206164098,25.67,0,10,0
5660,0,6,0,2219.472785,6.247396918,25.67,0,12,0
5661,0,6,0,2216.346867,6.247396918,25.67,0,12,0
5662,0,6,0,2213.220953,6.247396918,25.67,0,12,0
5663,0,6,0,2210.095041,6.247396918,25.67,0,12,0
5664,0,6,0,2206.969132,6.247396918,25.67,0,12,0
5665,0,7,0,2203.322611,7.288629738,25.67,0,14,0
5666,0,6,0,2200.196709,6.247396918,25.67,0,12,0
5667,0,6,0,2197.07081,6.247396918,25.67,0,12,0
5668,0,6,0,2193.944915,6.247396918,25.67,0,12,0
5669,0,6,0,2190.819022,6.247396918,25.67,0,12,0
5670,0,6,0,2187.693133,6.247396918,25.67,0,12,0
5671,0,6,0,2184.567247,6.247396918,25.67,0,12,0
5672,0,5,0,2181.96198,5.206164098,25.67,0,10,0
5673,0,6,0,2178.8361,6.247396918,25.67,0,12,0
5674,0,5,0,2176.230839,5.206164098,25.67,0,10,0
5675,5,5,0,2176.125581,0.206164098,25.67,0,10,0
5676,14,6,0,2176.123404,0,25.67,0,12,7.4456
5677,23,5,0,2179.665828,-7.0892,25.67,0,10,10
5678,35,6,0,2187.470649,-15.614,25.67,0,12,12
5679,51,7,0,2201.458661,-27.9804,25.67,0,14,14
5680,63,15,0,2209.20906,-15.5052,25.67,0,30,30
5681,70,95,0,2194.748292,28.91711787,25.67,0,190,0
5682,74,67,0,2194.746097,0,25.67,0,134,4.0696
5683,76,64,0,2194.743902,0,25.67,0,128,8.9904
5684,89,86,0,2194.468696,0.546022491,25.67,0,172,0
5685,105,88,0,2194.466502,0,25.67,0,176,12.842
5686,105,83,0,2194.464307,0,25.67,0,166,17.842
5687,105,42,0,2194.462113,0,25.67,0,84,58.842
5688,105,96,0,2194.459918,0,25.67,0,192,4.842
5689,59,89,0,2177.622863,33.66972095,25.67,0,178,0
5690,47,85,0,2156.868291,41.50478967,25.67,0,170,0
5691,7,75,0,2121.319903,71.09246147,25.67,0,150,0
5692,5,58,0,2093.62203,55.39150354,25.67,0,116,0
5693,4,52,0,2068.547883,50.14410662,25.67,0,104,0
5694,7,41,0,2050.700542,35.69054561,25.67,0,82,0
5695,6,43,0,2031.311986,38.77301125,25.67,0,86,0
5696,11,38,0,2017.026531,28.56684715,25.67,0,76,0
5697,19,18,0,2017.024514,0,25.67,0,36,0.2476
5698,11,6,0,2017.022497,0,25.67,0,12,4.5644
5699,0,8,0,2012.855548,8.329862557,25.67,0,16,0
5700,0,7,0,2009.209221,7.288629738,25.67,0,14,0
5701,0,7,0,2005.562897,7.288629738,25.67,0,14,0
5702,0,8,0,2001.39596,8.329862557,25.67,0,16,0
5703,0,7,0,1997.749643,7.288629738,25.67,0,14,0
5704,0,8,0,1993.582714,8.329862557,25.67,0,16,0
5705,0,7,0,1989.936406,7.288629738,25.67,0,14,0
5706,0,7,0,1986.290101,7.288629738,25.67,0,14,0
5707,0,7,0,1982.6438,7.288629738,25.67,0,14,0
5708,0,7,0,1978.997502,7.288629738,25.67,0,14,0
5709,0,7,0,1975.351209,7.288629738,25.67,0,14,0
5710,0,8,0,1971.184302,8.329862557,25.67,0,16,0
5711,0,6,0,1968.058632,6.247396918,25.67,0,12,0
5712,0,6,0,1964.932966,6.247396918,25.67,0,12,0
5713,0,6,0,1961.807302,6.247396918,25.67,0,12,0
5714,0,6,0,1958.681642,6.247396918,25.67,0,12,0
5715,0,7,0,1955.035369,7.288629738,25.67,0,14,0
5716,0,6,0,1951.909715,6.247396918,25.67,0,12,0
5717,0,6,0,1948.784065,6.247396918,25.67,0,12,0
5718,0,6,0,1945.658418,6.247396918,25.67,0,12,0
5719,0,7,0,1942.012157,7.288629738,25.67,0,14,0
5720,0,7,0,1938.3659,7.288629738,25.67,0,14,0
5721,0,7,0,1934.719647,7.288629738,25.67,0,14,0
5722,1,7,0,1931.573397,6.288629738,25.67,0,14,0
5723,4,7,0,1929.927151,3.288629738,25.67,0,14,0
5724,14,7,0,1929.925221,0,25.67,0,14,6.4456
5725,26,7,0,1931.908491,-3.9704,25.67,0,14,14
5726,36,8,0,1937.193759,-10.5744,25.67,0,16,16
5727,50,7,0,1950.701822,-27.02,25.67,0,14,14
5728,62,12,0,1962.472271,-23.5448,25.67,0,24,24
5729,71,28,0,1962.470309,0,25.67,0,56,40.1884
5730,66,32,0,1962.468346,0,25.67,0,64,31.3864
5731,65,31,0,1962.466384,0,25.67,0,62,31.426
5732,64,47,0,1962.464421,0,25.67,0,94,14.4656
5733,83,51,0,1962.462459,0,25.67,0,102,28.7132
5734,93,54,0,1962.460496,0,25.67,0,108,35.3172
5735,105,35,0,1962.458534,0,25.67,0,70,65.842
5736,85,37,0,1962.456571,0,25.67,0,74,44.634
5737,33,33,0,1961.774267,1.360683049,25.67,0,66,0
5738,18,31,0,1954.633197,14.27821741,25.67,0,62,0
5739,50,30,0,1954.631242,0,25.67,0,60,18.02
5740,62,33,0,1954.629288,0,25.67,0,66,26.5448
5741,25,31,0,1950.988224,7.278217409,25.67,0,62,0
5742,46,29,0,1950.986273,0,25.67,0,58,15.1784
5743,45,41,0,1950.984322,0,25.67,0,82,2.218
5744,35,29,0,1950.982371,0,25.67,0,58,4.614
5745,15,22,0,1947.026859,7.907122032,25.67,0,44,0
5746,5,7,0,1945.880598,2.288629738,25.67,0,14,0
5747,1,7,0,1942.734337,6.288629738,25.67,0,14,0
5748,0,7,0,1939.088079,7.288629738,25.67,0,14,0
5749,0,6,0,1935.962442,6.247396918,25.67,0,12,0
5750,0,7,0,1932.316191,7.288629738,25.67,0,14,0
5751,0,6,0,1929.19056,6.247396918,25.67,0,12,0
5752,0,6,0,1926.064932,6.247396918,25.67,0,12,0
5753,0,6,0,1922.939308,6.247396918,25.67,0,12,0
5754,0,5,0,1920.334303,5.206164098,25.67,0,10,0
5755,0,6,0,1917.208684,6.247396918,25.67,0,12,0
5756,0,5,0,1914.603685,5.206164098,25.67,0,10,0
5757,0,6,0,1911.478072,6.247396918,25.67,0,12,0
5758,0,6,0,1908.352462,6.247396918,25.67,0,12,0
5759,0,6,0,1905.226855,6.247396918,25.67,0,12,0
5760,0,6,0,1902.101251,6.247396918,25.67,0,12,0
5761,0,6,0,1898.975651,6.247396918,25.67,0,12,0
5762,0,6,0,1895.850053,6.247396918,25.67,0,12,0
5763,0,6,0,1892.724459,6.247396918,25.67,0,12,0
5764,0,7,0,1889.078251,7.288629738,25.67,0,14,0
5765,0,6,0,1885.952664,6.247396918,25.67,0,12,0
5766,0,6,0,1882.827079,6.247396918,25.67,0,12,0
5767,0,6,0,1879.701498,6.247396918,25.67,0,12,0
5768,0,5,0,1877.096536,5.206164098,25.67,0,10,0
5769,0,6,0,1873.970961,6.247396918,25.67,0,12,0
5770,0,5,0,1871.366005,5.206164098,25.67,0,10,0
5771,5,5,0,1871.261051,0.206164098,25.67,0,10,0
5772,13,6,0,1871.25918,0,25.67,0,12,6.4852
5773,25,6,0,1874.262309,-6.01,25.67,0,12,12
5774,38,6,0,1883.508035,-18.4952,25.67,0,12,12
5775,51,8,0,1895.996351,-24.9804,25.67,0,16,16
5776,59,13,0,1904.826255,-17.6636,25.67,0,26,26
5777,70,76,0,1900.257503,9.133694294,25.67,0,152,0
5778,77,75,0,1899.709372,1.092461474,25.67,0,150,0
5779,87,57,0,1899.707472,0,25.67,0,114,26.5548
5780,94,51,0,1899.705573,0,25.67,0,102,39.2776
5781,74,46,0,1899.703673,0,25.67,0,92,25.0696
5782,93,47,0,1899.701773,0,25.67,0,94,42.3172
5783,77,41,0,1899.699874,0,25.67,0,82,32.9508
5784,93,41,0,1899.697974,0,25.67,0,82,48.3172
5785,92,38,0,1899.696074,0,25.67,0,76,50.3568
5786,86,65,0,1899.694175,0,25.67,0,130,17.5944
5787,78,83,0,1895.481113,8.422324032,25.67,0,166,0
5788,72,79,0,1890.350521,10.25739275,25.67,0,158,0
5789,62,76,0,1881.781784,17.13369429,25.67,0,152,0
5790,51,74,0,1868.754287,26.05122865,25.67,0,148,0
5791,39,58,0,1858.056667,21.39150354,25.67,0,116,0
5792,24,77,0,1829.967345,56.17492711,25.67,0,154,0
5793,17,61,0,1806.707914,46.515202,25.67,0,122,0
5794,7,26,0,1796.670081,20.07205331,25.67,0,52,0
5795,0,9,0,1791.982737,9.371095377,25.67,0,18,0
5796,0,6,0,1788.857246,6.247396918,25.67,0,12,0
5797,0,7,0,1785.211142,7.288629738,25.67,0,14,0
5798,0,6,0,1782.085659,6.247396918,25.67,0,12,0
5799,0,7,0,1778.439562,7.288629738,25.67,0,14,0
5800,0,6,0,1775.314085,6.247396918,25.67,0,12,0
5801,0,5,0,1772.709228,5.206164098,25.67,0,10,0
5802,0,6,0,1769.583756,6.247396918,25.67,0,12,0
5803,0,5,0,1766.978905,5.206164098,25.67,0,10,0
5804,0,6,0,1763.853439,6.247396918,25.67,0,12,0
5805,0,6,0,1760.727977,6.247396918,25.67,0,12,0
5806,0,7,0,1757.081901,7.288629738,25.67,0,14,0
5807,0,6,0,1753.956446,6.247396918,25.67,0,12,0
5808,0,6,0,1750.830993,6.247396918,25.67,0,12,0
5809,0,7,0,1747.184928,7.288629738,25.67,0,14,0
5810,0,6,0,1744.059482,6.247396918,25.67,0,12,0
5811,0,6,0,1740.93404,6.247396918,25.67,0,12,0
5812,0,6,0,1737.8086,6.247396918,25.67,0,12,0
5813,0,5,0,1735.20378,5.206164098,25.67,0,10,0
5814,0,6,0,1732.078347,6.247396918,25.67,0,12,0
5815,0,5,0,1729.473533,5.206164098,25.67,0,10,0
5816,0,5,0,1726.868721,5.206164098,25.67,0,10,0
5817,0,6,0,1723.743296,6.247396918,25.67,0,12,0
5818,0,5,0,1721.13849,5.206164098,25.67,0,10,0
5819,4,6,0,1720.01307,2.247396918,25.67,0,12,0
5820,12,6,0,1720.01135,0,25.67,0,12,5.5248
5821,23,6,0,1722.05423,-4.0892,25.67,0,12,12
5822,36,7,0,1728.839708,-13.5744,25.67,0,14,14
5823,52,11,0,1737.308379,-16.9408,25.67,0,22,22
5824,57,8,0,1752.678042,-30.7428,25.67,0,16,16
5825,65,8,0,1771.889289,-38.426,25.67,0,16,16
5826,73,8,0,1794.942117,-46.1092,25.67,0,16,16
5827,80,8,0,1821.356323,-52.832,25.67,0,16,16
5828,88,9,0,1850.112101,-57.5152,25.67,0,18,18
5829,99,12,0,1879.650051,-59.0796,25.67,0,24,24
5830,101,20,0,1898.148371,-37.0004,25.67,0,40,40
5831,93,15,0,1920.305073,-44.3172,25.67,0,30,30
5832,74,22,0,1922.837953,-5.0696,25.67,0,44,44
5833,75,72,0,1922.83603,0,25.67,0,144,0.03
5834,87,62,0,1922.834107,0,25.67,0,124,21.5548
5835,83,30,0,1922.832184,0,25.67,0,60,49.7132
5836,79,59,0,1922.830262,0,25.67,0,118,16.8716
5837,57,76,0,1911.761492,22.13369429,25.67,0,152,0
5838,35,54,0,1901.146294,21.22657226,25.67,0,108,0
5839,43,31,0,1901.144393,0,25.67,0,62,10.2972
5840,37,19,0,1901.142491,0,25.67,0,38,16.5348
5841,18,42,0,1888.274701,25.73177843,25.67,0,84,0
5842,14,7,0,1888.272813,0,25.67,0,14,6.4456
5843,0,8,0,1884.105993,8.329862557,25.67,0,16,0
5844,0,7,0,1880.459794,7.288629738,25.67,0,14,0
5845,0,6,0,1877.334215,6.247396918,25.67,0,12,0
5846,0,6,0,1874.20864,6.247396918,25.67,0,12,0
5847,0,6,0,1871.083067,6.247396918,25.67,0,12,0
5848,0,6,0,1867.957497,6.247396918,25.67,0,12,0
5849,0,5,0,1865.352547,5.206164098,25.67,0,10,0
5850,0,5,0,1862.7476,5.206164098,25.67,0,10,0
5851,0,5,0,1860.142655,5.206164098,25.67,0,10,0
5852,0,5,0,1857.537713,5.206164098,25.67,0,10,0
5853,0,5,0,1854.932773,5.206164098,25.67,0,10,0
5854,0,5,0,1852.327836,5.206164098,25.67,0,10,0
5855,0,6,0,1849.202286,6.247396918,25.67,0,12,0
5856,0,5,0,1846.597354,5.206164098,25.67,0,10,0
5857,0,5,0,1843.992426,5.206164098,25.67,0,10,0
5858,0,6,0,1840.866883,6.247396918,25.67,0,12,0
5859,0,5,0,1838.26196,5.206164098,25.67,0,10,0
5860,0,5,0,1835.65704,5.206164098,25.67,0,10,0
5861,0,6,0,1832.531506,6.247396918,25.67,0,12,0
5862,0,6,0,1829.405975,6.247396918,25.67,0,12,0
5863,0,5,0,1826.801063,5.206164098,25.67,0,10,0
5864,0,6,0,1823.675538,6.247396918,25.67,0,12,0
5865,0,6,0,1820.550016,6.247396918,25.67,0,12,0
5866,0,6,0,1817.424497,6.247396918,25.67,0,12,0
5867,5,6,0,1816.798981,1.247396918,25.67,0,12,0
5868,12,6,0,1816.797164,0,25.67,0,12,5.5248
5869,24,6,0,1819.320148,-5.0496,25.67,0,12,12
5870,37,6,0,1828.085728,-17.5348,25.67,0,12,12
5871,49,6,0,1842.6137,-29.0596,25.67,0,12,12
5872,60,7,0,1860.923858,-36.624,25.67,0,14,14
5873,69,6,0,1885.055797,-48.2676,25.67,0,12,12
5874,75,8,0,1909.068912,-48.03,25.67,0,16,16
5875,82,7,0,1937.943403,-57.7528,25.67,0,14,14
5876,88,8,0,1968.199065,-60.5152,25.67,0,16,16
5877,83,8,0,1996.053696,-55.7132,25.67,0,16,16
5878,91,8,0,2027.7499,-63.3964,25.67,0,16,16
5879,92,8,0,2059.926273,-64.3568,25.67,0,16,16
5880,90,8,0,2091.142213,-62.436,25.67,0,16,16
5881,89,8,0,2121.877922,-61.4756,25.67,0,16,16
5882,84,7,0,2151.7126,-59.6736,25.67,0,14,14
5883,76,8,0,2176.205648,-48.9904,25.67,0,16,16
5884,66,8,0,2195.896672,-39.3864,25.67,0,16,16
5885,40,7,0,2204.602476,-17.416,25.67,0,14,14
5886,45,8,0,2214.209271,-19.218,25.67,0,16,16
5887,35,7,0,2220.514057,-12.614,25.67,0,14,14
5888,25,7,0,2222.016837,-3.01,25.67,0,14,14
5889,13,8,0,2222.014614,0,25.67,0,16,4.4852
5890,3,7,0,2219.868078,4.288629738,25.67,0,14,0
5891,0,7,0,2216.221543,7.288629738,25.67,0,14,0
5892,0,8,0,2212.054395,8.329862557,25.67,0,16,0
5893,0,7,0,2208.407868,7.288629738,25.67,0,14,0
5894,0,7,0,2204.761345,7.288629738,25.67,0,14,0
5895,0,7,0,2201.114826,7.288629738,25.67,0,14,0
5896,0,7,0,2197.46831,7.288629738,25.67,0,14,0
5897,0,6,0,2194.342414,6.247396918,25.67,0,12,0
5898,0,6,0,2191.216521,6.247396918,25.67,0,12,0
5899,0,6,0,2188.090631,6.247396918,25.67,0,12,0
5900,0,6,0,2184.964745,6.247396918,25.67,0,12,0
5901,0,6,0,2181.838861,6.247396918,25.67,0,12,0
5902,0,5,0,2179.233597,5.206164098,25.67,0,10,0
5903,0,5,0,2176.628336,5.206164098,25.22,0,10,0
5904,0,5,0,2174.023077,5.206164098,25.22,0,10,0
5905,0,5,0,2171.417821,5.206164098,25.22,0,10,0
5906,0,6,0,2168.291951,6.247396918,25.22,0,12,0
5907,0,5,0,2165.686701,5.206164098,25.22,0,10,0
5908,0,5,0,2163.081453,5.206164098,25.22,0,10,0
5909,0,5,0,2160.476208,5.206164098,25.22,0,10,0
5910,0,6,0,2157.350349,6.247396918,25.22,0,12,0
5911,0,6,0,2154.224493,6.247396918,25.22,0,12,0
5912,0,6,0,2151.098641,6.247396918,25.22,0,12,0
5913,0,5,0,2148.493408,5.206164098,25.22,0,10,0
5914,0,6,0,2145.367561,6.247396918,25.22,0,12,0
5915,4,6,0,2144.241717,2.247396918,25.22,0,12,0
5916,14,6,0,2144.239573,0,25.22,0,12,7.4456
5917,26,5,0,2149.222628,-9.9704,25.22,0,10,10
5918,40,5,0,2160.928479,-23.416,25.22,0,10,10
5919,52,6,0,2176.896718,-31.9408,25.22,0,12,12
5920,63,9,0,2193.647141,-33.5052,25.22,0,18,18
5921,72,61,0,2193.644948,0,25.22,0,122,8.1488
5922,80,54,0,2193.642754,0,25.22,0,108,22.832
5923,95,81,0,2193.64056,0,25.22,0,162,10.238
5924,98,116,0,2182.246863,22.78300708,25.22,0,232,0
5925,95,106,0,2174.559341,15.37067888,25.22,0,212,0
5926,105,84,0,2174.557167,0,25.22,0,168,16.842
5927,105,46,0,2174.554992,0,25.22,0,92,54.842
5928,104,94,0,2174.552818,0,25.22,0,188,5.8816
5929,73,72,0,2173.566262,1.968763015,25.22,0,144,0
5930,77,91,0,2164.687995,17.75218659,25.22,0,182,0
5931,86,92,0,2159.789121,9.793419409,25.22,0,184,0
5932,79,83,0,2156.075799,7.422324032,25.22,0,166,0
5933,30,92,0,2123.176933,65.79341941,25.22,0,184,0
5934,31,90,0,2091.819333,62.71095377,25.22,0,180,0
5935,42,86,0,2068.04423,47.54602249,25.22,0,172,0
5936,36,41,0,2064.696889,6.690545606,25.22,0,82,0
5937,19,33,0,2057.014483,15.36068305,25.22,0,66,0
5938,14,7,0,2057.012426,0,25.22,0,14,6.4456
5939,0,7,0,2053.366054,7.288629738,25.22,0,14,0
5940,0,7,0,2049.719686,7.288629738,25.22,0,14,0
5941,0,7,0,2046.073321,7.288629738,25.22,0,14,0
5942,0,7,0,2042.42696,7.288629738,25.22,0,14,0
5943,0,6,0,2039.301219,6.247396918,25.22,0,12,0
5944,0,5,0,2036.696098,5.206164098,25.22,0,10,0
5945,0,5,0,2034.090979,5.206164098,25.22,0,10,0
5946,0,5,0,2031.485863,5.206164098,25.22,0,10,0
5947,0,5,0,2028.880749,5.206164098,25.22,0,10,0
5948,0,5,0,2026.275638,5.206164098,25.22,0,10,0
5949,0,5,0,2023.67053,5.206164098,25.22,0,10,0
5950,0,5,0,2021.065424,5.206164098,25.22,0,10,0
5951,0,5,0,2018.460321,5.206164098,25.22,0,10,0
5952,0,5,0,2015.855221,5.206164098,25.22,0,10,0
5953,0,5,0,2013.250123,5.206164098,25.22,0,10,0
5954,0,5,0,2010.645028,5.206164098,25.22,0,10,0
5955,0,5,0,2008.039935,5.206164098,25.22,0,10,0
5956,0,6,0,2004.914228,6.247396918,25.22,0,12,0
5957,0,6,0,2001.788525,6.247396918,25.22,0,12,0
5958,0,5,0,1999.183441,5.206164098,25.22,0,10,0
5959,0,6,0,1996.057744,6.247396918,25.22,0,12,0
5960,0,6,0,1992.932049,6.247396918,25.22,0,12,0
5961,0,6,0,1989.806358,6.247396918,25.22,0,12,0
5962,0,5,0,1987.201286,5.206164098,25.22,0,10,0
5963,4,6,0,1986.0756,2.247396918,25.22,0,12,0
5964,14,5,0,1986.073614,0,25.22,0,10,8.4456
5965,27,6,0,1990.037028,-7.9308,25.22,0,12,12
5966,40,5,0,2001.743038,-23.416,25.22,0,10,10
5967,54,6,0,2018.671836,-33.8616,25.22,0,12,12
5968,63,17,0,2023.422418,-9.5052,25.22,0,34,34
5969,72,64,0,2023.420394,0,25.22,0,128,5.1488
5970,79,66,0,2023.418371,0,25.22,0,132,9.8716
5971,83,66,0,2023.416347,0,25.22,0,132,13.7132
5972,89,68,0,2023.414324,0,25.22,0,136,17.4756
5973,90,68,0,2023.4123,0,25.22,0,136,18.436
5974,93,68,0,2023.410277,0,25.22,0,136,21.3172
5975,95,38,0,2023.408254,0,25.22,0,76,53.238
5976,105,88,0,2023.40623,0,25.22,0,176,12.842
5977,101,89,0,2023.404207,0,25.22,0,178,8.0004
5978,94,83,0,2023.402183,0,25.22,0,166,7.2776
5979,62,85,0,2010.147765,26.50478967,25.22,0,170,0
5980,73,106,0,1991.460416,37.37067888,25.22,0,212,0
5981,67,100,0,1972.896783,37.12328197,25.22,0,200,0
5982,59,86,0,1957.621799,30.54602249,25.22,0,172,0
5983,31,93,0,1924.702515,65.83465223,25.22,0,186,0
5984,22,89,0,1889.36573,70.66972095,25.22,0,178,0
5985,10,22,0,1882.91028,12.90712203,25.22,0,44,0
5986,11,6,0,1882.908397,0,25.22,0,12,4.5644
5987,1,7,0,1879.762199,6.288629738,25.22,0,14,0
5988,0,7,0,1876.116004,7.288629738,25.22,0,14,0
5989,0,6,0,1872.99043,6.247396918,25.22,0,12,0
5990,0,6,0,1869.864858,6.247396918,25.22,0,12,0
5991,0,6,0,1866.73929,6.247396918,25.22,0,12,0
5992,0,5,0,1864.134341,5.206164098,25.22,0,10,0
5993,0,5,0,1861.529395,5.206164098,25.22,0,10,0
5994,0,5,0,1858.924451,5.206164098,25.22,0,10,0
5995,0,5,0,1856.319511,5.206164098,25.22,0,10,0
5996,0,5,0,1853.714572,5.206164098,25.22,0,10,0
5997,0,6,0,1850.58902,6.247396918,25.22,0,12,0
5998,0,5,0,1847.984087,5.206164098,25.22,0,10,0
5999,0,5,0,1845.379157,5.206164098,25.22,0,10,0
6000,0,6,0,1842.253613,6.247396918,25.22,0,12,0
6001,0,5,0,1839.648689,5.206164098,25.22,0,10,0
6002,0,5,0,1837.043767,5.206164098,25.22,0,10,0
6003,0,5,0,1834.438848,5.206164098,25.22,0,10,0
6004,0,6,0,1831.313315,6.247396918,25.22,0,12,0
6005,0,6,0,1828.187786,6.247396918,25.22,0,12,0
6006,0,6,0,1825.062259,6.247396918,25.22,0,12,0
6007,0,5,0,1822.457352,5.206164098,25.22,0,10,0
6008,0,6,0,1819.331831,6.247396918,25.22,0,12,0
6009,0,5,0,1816.72693,5.206164098,25.22,0,10,0
6010,0,5,0,1814.122031,5.206164098,25.22,0,10,0
6011,4,5,0,1813.517135,1.206164098,25.22,0,10,0
6012,11,5,0,1813.515321,0,25.22,0,10,5.5644
6013,28,5,0,1819.459108,-11.8912,25.22,0,10,10
6014,40,6,0,1829.665288,-20.416,25.22,0,12,12
6015,51,6,0,1845.153659,-30.9804,25.22,0,12,12
6016,56,17,0,1846.543013,-2.7824,25.22,0,34,34
6017,50,53,0,1843.948497,5.185339442,25.22,0,106,0
6018,65,42,0,1843.946653,0,25.22,0,84,20.426
6019,82,45,0,1843.944809,0,25.22,0,90,33.7528
6020,73,47,0,1843.942965,0,25.22,0,94,23.1092
6021,64,47,0,1843.941121,0,25.22,0,94,14.4656
6022,61,43,0,1843.939277,0,25.22,0,86,15.5844
6023,59,19,0,1843.937433,0,25.22,0,38,37.6636
6024,68,46,0,1843.93559,0,25.22,0,92,19.3072
6025,69,43,0,1843.933746,0,25.22,0,86,23.2676
6026,48,70,0,1831.488753,24.88629738,25.22,0,140,0
6027,61,99,0,1810.445897,42.08204915,25.22,0,198,0
6028,56,117,0,1777.531966,65.8242399,25.22,0,234,0
6029,45,51,0,1773.478752,8.102873803,25.22,0,102,0
6030,43,39,0,1773.476979,0,25.22,0,78,2.2972
6031,30,41,0,1767.129932,12.69054561,25.22,0,82,0
6032,18,38,0,1756.344742,21.56684715,25.22,0,76,0
6033,12,25,0,1749.327575,14.03082049,25.22,0,50,0
6034,3,6,0,1747.702127,3.247396918,25.22,0,12,0
6035,0,6,0,1744.576681,6.247396918,25.22,0,12,0
6036,0,7,0,1740.930622,7.288629738,25.22,0,14,0
6037,0,6,0,1737.805182,6.247396918,25.22,0,12,0
6038,0,5,0,1735.200362,5.206164098,25.22,0,10,0
6039,0,6,0,1732.074929,6.247396918,25.22,0,12,0
6040,0,6,0,1728.949498,6.247396918,25.22,0,12,0
6041,0,4,0,1726.865304,4.164931279,25.22,0,8,0
6042,0,5,0,1724.260495,5.206164098,25.22,0,10,0
6043,0,5,0,1721.655688,5.206164098,25.22,0,10,0
6044,0,5,0,1719.050885,5.206164098,25.22,0,10,0
6045,0,5,0,1716.446084,5.206164098,25.22,0,10,0
6046,0,5,0,1713.841285,5.206164098,25.22,0,10,0
6047,0,5,0,1711.236489,5.206164098,25.22,0,10,0
6048,0,5,0,1708.631696,5.206164098,25.22,0,10,0
6049,0,5,0,1706.026905,5.206164098,25.22,0,10,0
6050,0,6,0,1702.901501,6.247396918,25.22,0,12,0
6051,0,6,0,1699.776099,6.247396918,25.22,0,12,0
6052,0,6,0,1696.650701,6.247396918,25.22,0,12,0
6053,0,5,0,1694.045922,5.206164098,25.22,0,10,0
6054,0,6,0,1690.92053,6.247396918,25.22,0,12,0
6055,0,6,0,1687.795141,6.247396918,25.22,0,12,0
6056,0,6,0,1684.669754,6.247396918,25.22,0,12,0
6057,0,5,0,1682.064988,5.206164098,25.22,0,10,0
6058,0,6,0,1678.939607,6.247396918,25.22,0,12,0
6059,1,4,0,1677.355462,3.164931279,25.22,0,8,0
6060,6,5,0,1677.353785,0,25.22,0,10,0.7624
6061,7,5,0,1677.352108,0,25.22,0,10,1.7228
6062,8,5,0,1677.35043,0,25.22,0,10,2.6832
6063,16,5,0,1677.531953,-0.3664,25.22,0,10,10
6064,16,11,0,1677.530276,0,25.22,0,22,4.3664
6065,22,29,0,1673.430722,8.19575177,25.22,0,58,0
6066,24,25,0,1672.413638,2.030820491,25.22,0,50,0
6067,41,38,0,1672.411966,0,25.22,0,76,1.3764
6068,43,45,0,1670.482555,3.855476885,25.22,0,90,0
6069,34,48,0,1662.491297,15.97917534,25.22,0,96,0
6070,35,61,0,1648.232034,28.515202,25.22,0,122,0
6071,38,10,0,1651.477985,-6.4952,25.22,0,20,20
6072,44,29,0,1651.476334,0,25.22,0,58,13.2576
6073,35,27,0,1651.474682,0,25.22,0,54,6.614
6074,27,24,0,1651.473031,0,25.22,0,48,1.9308
6075,20,26,0,1647.935353,7.072053311,25.22,0,52,0
6076,7,25,0,1638.418295,19.03082049,25.22,0,50,0
6077,2,24,0,1626.921862,22.98958767,25.22,0,48,0
6078,3,42,0,1606.554346,40.73177843,25.22,0,84,0
6079,0,24,0,1594.057946,24.98958767,25.22,0,48,0
6080,0,22,0,1582.602791,22.90712203,25.22,0,44,0
6081,0,15,0,1574.791962,15.61849229,25.22,0,30,0
6082,0,6,0,1571.666689,6.247396918,25.22,0,12,0
6083,0,6,0,1568.541419,6.247396918,25.22,0,12,0
6084,0,7,0,1564.895535,7.288629738,25.22,0,14,0
6085,0,6,0,1561.770272,6.247396918,25.22,0,12,0
6086,0,7,0,1558.124395,7.288629738,25.22,0,14,0
6087,0,7,0,1554.478522,7.288629738,25.22,0,14,0
6088,0,7,0,1550.832653,7.288629738,25.22,0,14,0
6089,0,6,0,1547.707404,6.247396918,25.22,0,12,0
6090,0,6,0,1544.582157,6.247396918,25.22,0,12,0
6091,0,7,0,1540.936298,7.288629738,25.22,0,14,0
6092,0,6,0,1537.811059,6.247396918,25.22,0,12,0
6093,0,7,0,1534.165206,7.288629738,25.22,0,14,0
6094,0,6,0,1531.039973,6.247396918,25.22,0,12,0
6095,0,7,0,1527.394127,7.288629738,25.22,0,14,0
6096,0,5,0,1524.789518,5.206164098,25.22,0,10,0
6097,0,6,0,1521.664295,6.247396918,25.22,0,12,0
6098,0,5,0,1519.059691,5.206164098,25.22,0,10,0
6099,0,6,0,1515.934473,6.247396918,25.22,0,12,0
6100,0,6,0,1512.809259,6.247396918,25.22,0,12,0
6101,0,5,0,1510.204664,5.206164098,25.22,0,10,0
6102,0,6,0,1507.079455,6.247396918,25.22,0,12,0
6103,0,6,0,1503.95425,6.247396918,25.22,0,12,0
6104,0,6,0,1500.829048,6.247396918,25.22,0,12,0
6105,0,7,0,1497.183232,7.288629738,25.22,0,14,0
6106,0,7,0,1493.53742,7.288629738,25.22,0,14,0
6107,0,6,0,1490.412228,6.247396918,25.22,0,12,0
6108,2,7,0,1487.766422,5.288629738,25.22,0,14,0
6109,7,6,0,1487.764935,0,25.22,0,12,0.7228
6110,14,7,0,1487.763447,0,25.22,0,14,6.4456
6111,8,6,0,1487.761959,0,25.22,0,12,1.6832
6112,9,13,0,1485.492458,4.536026656,25.22,0,26,0
6113,6,36,0,1469.748782,31.48438151,25.22,0,72,0
6114,10,27,0,1460.690669,18.11328613,25.22,0,54,0
6115,9,45,0,1441.76147,37.85547688,25.22,0,90,0
6116,12,38,0,1427.976605,27.56684715,25.22,0,76,0
6117,63,57,0,1427.975177,0,25.22,0,114,3.5052
6118,82,36,0,1427.973749,0,25.22,0,72,42.7528
6119,86,14,0,1448.269521,-40.5944,25.22,0,28,28
6120,77,78,0,1446.159992,4.216159933,25.22,0,156,0
6121,103,55,0,1446.158546,0,25.22,0,110,43.9212
6122,95,45,0,1446.1571,0,25.22,0,90,46.238
6123,43,37,0,1446.155654,0,25.22,0,74,4.2972
6124,47,37,0,1446.154208,0,25.22,0,74,8.1388
6125,51,39,0,1446.152762,0,25.22,0,78,9.9804
6126,41,38,0,1446.151315,0,25.22,0,76,1.3764
6127,10,55,0,1422.515967,47.26780508,25.22,0,110,0
6128,10,42,0,1405.648655,33.73177843,25.22,0,84,0
6129,8,19,0,1399.755538,11.78342357,25.22,0,38,0
6130,2,5,0,1398.151056,3.206164098,25.22,0,10,0
6131,0,6,0,1395.025959,6.247396918,25.22,0,12,0
6132,0,6,0,1391.900866,6.247396918,25.22,0,12,0
6133,0,6,0,1388.775775,6.247396918,25.22,0,12,0
6134,0,6,0,1385.650688,6.247396918,25.22,0,12,0
6135,0,6,0,1382.525604,6.247396918,25.22,0,12,0
6136,0,6,0,1379.400523,6.247396918,25.22,0,12,0
6137,0,5,0,1376.796062,5.206164098,25.22,0,10,0
6138,0,5,0,1374.191603,5.206164098,25.22,0,10,0
6139,0,6,0,1371.06653,6.247396918,25.22,0,12,0
6140,0,5,0,1368.462077,5.206164098,25.22,0,10,0
6141,0,5,0,1365.857626,5.206164098,25.22,0,10,0
6142,0,5,0,1363.253179,5.206164098,25.22,0,10,0
6143,0,6,0,1360.128117,6.247396918,25.22,0,12,0
6144,0,6,0,1357.003058,6.247396918,25.22,0,12,0
6145,0,5,0,1354.398619,5.206164098,25.22,0,10,0
6146,0,6,0,1351.273566,6.247396918,25.22,0,12,0
6147,0,6,0,1348.148517,6.247396918,25.22,0,12,0
6148,0,5,0,1345.544086,5.206164098,25.22,0,10,0
6149,0,5,0,1342.939659,5.206164098,25.22,0,10,0
6150,0,4,0,1340.85585,4.164931279,25.22,0,8,0
6151,0,5,0,1338.251427,5.206164098,25.22,0,10,0
6152,0,5,0,1335.647007,5.206164098,25.22,0,10,0
6153,0,5,0,1333.042589,5.206164098,25.22,0,10,0
6154,0,5,0,1330.438174,5.206164098,25.22,0,10,0
6155,2,4,0,1329.354378,2.164931279,25.22,0,8,0
6156,6,6,0,1329.22935,0.247396918,25.22,0,12,0
6157,8,5,0,1329.228021,0,25.22,0,10,2.6832
6158,21,5,0,1331.810892,-5.1684,25.22,0,10,10
6159,48,6,0,1345.85916,-28.0992,25.22,0,12,12
6160,63,6,0,1367.110414,-42.5052,25.22,0,12,12
6161,70,7,0,1390.223047,-46.228,25.22,0,14,14
6162,79,8,0,1416.157457,-51.8716,25.22,0,16,16
6163,85,7,0,1446.473041,-60.634,25.22,0,14,14
6164,91,7,0,1479.669794,-66.3964,25.22,0,14,14
6165,91,9,0,1509.866515,-60.3964,25.22,0,18,18
6166,92,8,0,1542.043405,-64.3568,25.22,0,16,16
6167,92,8,0,1574.220263,-64.3568,25.22,0,16,16
6168,89,9,0,1603.456488,-58.4756,25.22,0,18,18
6169,85,8,0,1632.271885,-57.634,25.22,0,16,16
6170,82,9,0,1658.146653,-51.7528,25.22,0,18,18
6171,79,8,0,1684.080795,-51.8716,25.22,0,16,16
6172,72,8,0,1706.653511,-45.1488,25.22,0,16,16
6173,62,8,0,1724.424204,-35.5448,25.22,0,16,16
6174,52,9,0,1735.892879,-22.9408,25.22,0,18,18
6175,40,7,0,1744.599144,-17.416,25.22,0,14,14
6176,26,7,0,1746.582599,-3.9704,25.22,0,14,14
6177,14,6,0,1746.580852,0,25.22,0,12,7.4456
6178,4,6,0,1745.455407,2.247396918,25.22,0,12,0
6179,0,6,0,1742.329963,6.247396918,25.22,0,12,0
6180,0,7,0,1738.683906,7.288629738,25.22,0,14,0
6181,0,6,0,1735.558469,6.247396918,25.22,0,12,0
6182,0,6,0,1732.433035,6.247396918,25.22,0,12,0
6183,0,6,0,1729.307604,6.247396918,25.22,0,12,0
6184,0,6,0,1726.182176,6.247396918,25.22,0,12,0
6185,0,5,0,1723.577368,5.206164098,25.22,0,10,0
6186,0,5,0,1720.972563,5.206164098,25.22,0,10,0
6187,0,5,0,1718.36776,5.206164098,25.22,0,10,0
6188,0,4,0,1716.283575,4.164931279,25.22,0,8,0
6189,0,5,0,1713.678777,5.206164098,25.22,0,10,0
6190,0,5,0,1711.073981,5.206164098,25.22,0,10,0
6191,0,5,0,1708.469188,5.206164098,25.22,0,10,0
6192,0,5,0,1705.864398,5.206164098,25.22,0,10,0
6193,0,6,0,1702.738993,6.247396918,25.22,0,12,0
6194,0,6,0,1699.613592,6.247396918,25.22,0,12,0
6195,0,5,0,1697.008811,5.206164098,25.22,0,10,0
6196,0,6,0,1693.883415,6.247396918,25.22,0,12,0
6197,0,5,0,1691.278639,5.206164098,25.22,0,10,0
6198,0,6,0,1688.153249,6.247396918,25.22,0,12,0
6199,0,6,0,1685.027863,6.247396918,25.22,0,12,0
6200,0,5,0,1682.423096,5.206164098,25.22,0,10,0
6201,0,6,0,1679.297715,6.247396918,25.22,0,12,0
6202,0,5,0,1676.692954,5.206164098,25.22,0,10,0
6203,4,5,0,1676.088195,1.206164098,25.22,0,10,0
6204,12,4,0,1676.086519,0,25.22,0,8,7.5248
6205,25,5,0,1680.589843,-9.01,25.22,0,10,10
6206,38,6,0,1689.835762,-18.4952,25.22,0,12,12
6207,52,6,0,1705.804472,-31.9408,25.22,0,12,12
6208,62,7,0,1725.075166,-38.5448,25.22,0,14,14
6209,70,7,0,1748.187441,-46.228,25.22,0,14,14
6210,78,8,0,1773.641293,-50.9112,25.22,0,16,16
6211,84,7,0,1803.47632,-59.6736,25.22,0,14,14
6212,88,8,0,1833.732116,-60.5152,25.22,0,16,16
6213,74,7,0,1858.765082,-50.0696,25.22,0,14,14
6214,77,7,0,1885.238624,-52.9508,25.22,0,14,14
6215,104,7,0,1924.677538,-78.8816,25.22,0,14,14
6216,101,7,0,1962.675814,-76.0004,25.22,0,14,14
6217,98,7,0,1999.233451,-73.1192,25.22,0,14,14
6218,96,7,0,2034.830652,-71.1984,25.22,0,14,14
6219,89,8,0,2065.566417,-61.4756,25.22,0,16,16
6220,82,7,0,2094.440751,-57.7528,25.22,0,14,14
6221,60,7,0,2112.750657,-36.624,25.22,0,14,14
6222,56,7,0,2129.139744,-32.7824,25.22,0,14,14
6223,38,7,0,2136.885215,-15.4952,25.22,0,14,14
6224,33,7,0,2142.229678,-10.6932,25.22,0,14,14
6225,9,7,0,2142.227536,0,25.22,0,14,1.6436
6226,1,6,0,2139.601695,5.247396918,25.22,0,12,0
6227,0,7,0,2135.955241,7.288629738,25.22,0,14,0
6228,0,6,0,2132.829406,6.247396918,25.22,0,12,0
6229,0,5,0,2130.224191,5.206164098,25.22,0,10,0
6230,0,6,0,2127.098363,6.247396918,25.22,0,12,0
6231,0,6,0,2123.972537,6.247396918,25.22,0,12,0
6232,0,6,0,2120.846715,6.247396918,25.22,0,12,0
6233,0,5,0,2118.241512,5.206164098,25.22,0,10,0
6234,0,6,0,2115.115695,6.247396918,25.22,0,12,0
6235,0,5,0,2112.510498,5.206164098,25.22,0,10,0
6236,0,5,0,2109.905303,5.206164098,25.22,0,10,0
6237,0,6,0,2106.779495,6.247396918,25.22,0,12,0
6238,0,5,0,2104.174306,5.206164098,25.22,0,10,0
6239,0,5,0,2101.56912,5.206164098,25.22,0,10,0
6240,0,5,0,2098.963936,5.206164098,25.22,0,10,0
6241,0,6,0,2095.838139,6.247396918,25.22,0,12,0
6242,0,6,0,2092.712345,6.247396918,25.22,0,12,0
6243,0,6,0,2089.586553,6.247396918,25.22,0,12,0
6244,0,5,0,2086.981382,5.206164098,25.22,0,10,0
6245,0,6,0,2083.855596,6.247396918,25.22,0,12,0
6246,0,6,0,2080.729814,6.247396918,25.22,0,12,0
6247,0,5,0,2078.124651,5.206164098,25.22,0,10,0
6248,0,5,0,2075.519491,5.206164098,25.22,0,10,0
6249,0,5,0,2072.914334,5.206164098,25.22,0,10,0
6250,0,5,0,2070.309179,5.206164098,25.22,0,10,0
6251,6,5,0,2070.307108,0,25.22,0,10,0.7624
6252,12,5,0,2070.305038,0,25.22,0,10,6.5248
6253,13,5,0,2070.302968,0,25.22,0,10,7.4852
6254,37,6,0,2079.068297,-17.5348,25.22,0,12,12
6255,51,6,0,2094.556418,-30.9804,25.22,0,12,12
6256,62,7,0,2113.826724,-38.5448,25.22,0,14,14
6257,77,7,0,2140.30001,-52.9508,25.22,0,14,14
6258,83,37,0,2140.29787,0,25.22,0,74,42.7132
6259,91,100,0,2133.734088,13.12328197,25.22,0,200,0
6260,86,93,0,2128.314629,10.83465223,25.22,0,186,0
6261,62,90,0,2112.457023,31.71095377,25.22,0,180,0
6262,60,64,0,2109.135461,6.638900458,25.22,0,128,0
6263,83,17,0,2123.489951,-28.7132,25.22,0,34,34
6264,81,56,0,2123.487828,0,25.22,0,112,21.7924
6265,66,72,0,2119.001323,8.968763015,25.22,0,144,0
6266,56,54,0,2118.885918,0.226572262,25.22,0,108,0
6267,26,88,0,2086.069555,65.62848813,25.22,0,176,0
6268,44,69,0,2072.144937,27.84506456,25.22,0,138,0
6269,34,57,0,2059.467729,25.35027072,25.22,0,114,0
6270,17,27,0,2053.909027,11.11328613,25.22,0,54,0
6271,15,26,0,2047.870946,12.07205331,25.22,0,52,0
6272,13,38,0,2034.585475,26.56684715,25.22,0,76,0
6273,5,11,0,2031.356659,6.453561016,25.22,0,22,0
6274,2,7,0,2028.710313,5.288629738,25.22,0,14,0
6275,0,6,0,2025.584586,6.247396918,25.22,0,12,0
6276,0,6,0,2022.458862,6.247396918,25.22,0,12,0
6277,0,6,0,2019.333141,6.247396918,25.22,0,12,0
6278,0,6,0,2016.207423,6.247396918,25.22,0,12,0
6279,0,5,0,2013.602325,5.206164098,25.22,0,10,0
6280,0,6,0,2010.476613,6.247396918,25.22,0,12,0
6281,0,5,0,2007.87152,5.206164098,25.22,0,10,0
6282,0,5,0,2005.266431,5.206164098,25.22,0,10,0
6283,0,5,0,2002.661343,5.206164098,25.22,0,10,0
6284,0,5,0,2000.056258,5.206164098,25.22,0,10,0
6285,0,5,0,1997.451176,5.206164098,25.22,0,10,0
6286,0,6,0,1994.32548,6.247396918,25.22,0,12,0
6287,0,5,0,1991.720404,5.206164098,25.22,0,10,0
6288,0,6,0,1988.594714,6.247396918,25.22,0,12,0
6289,0,6,0,1985.469027,6.247396918,25.22,0,12,0
6290,0,5,0,1982.863959,5.206164098,25.22,0,10,0
6291,0,6,0,1979.738278,6.247396918,25.22,0,12,0
6292,0,6,0,1976.6126,6.247396918,25.22,0,12,0
6293,0,5,0,1974.007541,5.206164098,25.22,0,10,0
6294,0,6,0,1970.881869,6.247396918,25.22,0,12,0
6295,0,6,0,1967.756199,6.247396918,25.22,0,12,0
6296,0,5,0,1965.15115,5.206164098,25.22,0,10,0
6297,0,6,0,1962.025486,6.247396918,25.22,0,12,0
6298,0,5,0,1959.420442,5.206164098,25.22,0,10,0
6299,2,4,0,1958.336017,2.164931279,25.22,0,8,0
6300,11,5,0,1958.334058,0,25.22,0,10,5.5644
6301,24,5,0,1962.3569,-8.0496,25.22,0,10,10
6302,37,6,0,1971.122338,-17.5348,25.22,0,12,12
6303,50,6,0,1986.130367,-30.02,25.22,0,12,12
6304,61,7,0,2004.920581,-37.5844,25.22,0,14,14
6305,69,47,0,2004.918576,0,25.22,0,94,19.2676
6306,76,55,0,2004.916571,0,25.22,0,110,17.9904
6307,84,29,0,2004.914566,0,25.22,0,58,51.6736
6308,86,35,0,2004.912561,0,25.22,0,70,47.5944
6309,91,54,0,2004.910556,0,25.22,0,108,33.3964
6310,76,40,0,2004.908551,0,25.22,0,80,32.9904
6311,94,20,0,2020.045346,-30.2776,25.22,0,40,40
6312,84,47,0,2020.043326,0,25.22,0,94,33.6736
6313,54,44,0,2020.041306,0,25.22,0,88,7.8616
6314,73,41,0,2020.039286,0,25.22,0,82,29.1092
6315,78,64,0,2020.037266,0,25.22,0,128,10.9112
6316,74,42,0,2020.035246,0,25.22,0,84,29.0696
6317,37,38,0,2018.749802,2.566847147,25.22,0,76,0
6318,42,36,0,2018.747784,0,25.22,0,72,4.3368
6319,25,37,0,2011.982958,13.52561433,25.22,0,74,0
6320,24,31,0,2007.841837,8.278217409,25.22,0,62,0
6321,13,27,0,2000.283186,15.11328613,25.22,0,54,0
6322,9,22,0,1993.327625,13.90712203,25.22,0,44,0
6323,1,17,0,1984.975152,16.70095793,25.22,0,34,0
6324,0,17,0,1976.122689,17.70095793,25.22,0,34,0
6325,0,6,0,1972.997014,6.247396918,25.22,0,12,0
6326,0,7,0,1969.350726,7.288629738,25.22,0,14,0
6327,0,7,0,1965.704442,7.288629738,25.22,0,14,0
6328,0,6,0,1962.578778,6.247396918,25.22,0,12,0
6329,0,6,0,1959.453117,6.247396918,25.22,0,12,0
6330,0,6,0,1956.327459,6.247396918,25.22,0,12,0
6331,0,6,0,1953.201804,6.247396918,25.22,0,12,0
6332,0,5,0,1950.596769,5.206164098,25.22,0,10,0
6333,0,6,0,1947.47112,6.247396918,25.22,0,12,0
6334,0,6,0,1944.345474,6.247396918,25.22,0,12,0
6335,0,6,0,1941.219831,6.247396918,25.22,0,12,0
6336,0,6,0,1938.094191,6.247396918,25.22,0,12,0
6337,0,6,0,1934.968555,6.247396918,25.22,0,12,0
6338,0,7,0,1931.322305,7.288629738,25.22,0,14,0
6339,0,6,0,1928.196675,6.247396918,25.22,0,12,0
6340,0,6,0,1925.071048,6.247396918,25.22,0,12,0
6341,0,6,0,1921.945425,6.247396918,25.22,0,12,0
6342,0,6,0,1918.819804,6.247396918,25.22,0,12,0
6343,0,5,0,1916.214804,5.206164098,25.22,0,10,0
6344,0,5,0,1913.609805,5.206164098,25.22,0,10,0
6345,0,6,0,1910.484193,6.247396918,25.22,0,12,0
6346,1,5,0,1908.379201,4.206164098,25.22,0,10,0
6347,7,5,0,1908.377292,0,25.22,0,10,1.7228
6348,13,6,0,1908.375384,0,25.22,0,12,6.4852
6349,29,9,0,1908.799276,-0.8516,25.22,0,18,18
6350,30,9,0,1909.703367,-1.812,25.22,0,18,18
6351,54,9,0,1922.132257,-24.8616,25.22,0,18,18
6352,52,9,0,1933.600735,-22.9408,25.22,0,18,18
6353,51,47,0,1933.598801,0,25.22,0,94,1.9804
6354,58,43,0,1933.596868,0,25.22,0,86,12.7032
6355,70,26,0,1933.594934,0,25.22,0,52,41.228
6356,77,48,0,1933.593001,0,25.22,0,96,25.9508
6357,65,37,0,1933.591067,0,25.22,0,74,25.426
6358,75,36,0,1933.589133,0,25.22,0,72,36.03
6359,69,14,0,1945.721,-24.2676,25.22,0,28,28
6360,47,54,0,1941.105768,9.226572262,25.22,0,108,0
6361,34,62,0,1925.825609,30.55643482,25.22,0,124,0
6362,31,29,0,1925.823684,0,25.22,0,58,0.7724
6363,16,30,0,1918.203266,15.23698459,25.22,0,60,0
6364,16,31,0,1910.062239,16.27821741,25.22,0,62,0
6365,11,25,0,1902.544918,15.03082049,25.22,0,50,0
6366,15,19,0,1900.151304,4.783423574,25.22,0,38,0
6367,20,25,0,1897.133994,6.030820491,25.22,0,50,0
6368,20,30,0,1891.513604,11.23698459,25.22,0,60,0
6369,13,20,0,1887.599384,7.824656393,25.22,0,40,0
6370,7,16,0,1882.767634,9.659725115,25.22,0,32,0
6371,0,14,0,1875.477122,14.57725948,25.22,0,28,0
6372,0,14,0,1868.186617,14.57725948,25.22,0,28,0
6373,0,7,0,1864.540433,7.288629738,25.22,0,14,0
6374,0,7,0,1860.894254,7.288629738,25.22,0,14,0
6375,0,6,0,1857.768695,6.247396918,25.22,0,12,0
6376,0,6,0,1854.643138,6.247396918,25.22,0,12,0
6377,0,6,0,1851.517585,6.247396918,25.22,0,12,0
6378,0,5,0,1848.912652,5.206164098,25.22,0,10,0
6379,0,5,0,1846.307721,5.206164098,25.22,0,10,0
6380,0,5,0,1843.702793,5.206164098,25.22,0,10,0
6381,0,6,0,1840.57725,6.247396918,25.22,0,12,0
6382,0,5,0,1837.972328,5.206164098,25.22,0,10,0
6383,0,6,0,1834.846791,6.247396918,25.22,0,12,0
6384,0,6,0,1831.721258,6.247396918,25.22,0,12,0
6385,0,6,0,1828.595728,6.247396918,25.22,0,12,0
6386,0,7,0,1824.949584,7.288629738,25.22,0,14,0
6387,0,6,0,1821.824061,6.247396918,25.22,0,12,0
6388,0,6,0,1818.698541,6.247396918,25.22,0,12,0
6389,0,6,0,1815.573023,6.247396918,25.22,0,12,0
6390,0,6,0,1812.447509,6.247396918,25.22,0,12,0
6391,0,6,0,1809.321999,6.247396918,25.22,0,12,0
6392,0,6,0,1806.196491,6.247396918,25.22,0,12,0
6393,0,6,0,1803.070986,6.247396918,25.22,0,12,0
6394,0,6,0,1799.945485,6.247396918,25.22,0,12,0
6395,0,6,0,1796.819986,6.247396918,25.22,0,12,0
6396,2,6,0,1794.694491,4.247396918,25.22,0,12,0
6397,14,6,0,1794.692696,0,25.22,0,12,7.4456
6398,19,6,0,1794.814702,-0.2476,25.22,0,12,12
6399,19,5,0,1796.436707,-3.2476,25.22,0,10,10
6400,32,9,0,1798.30131,-3.7328,25.22,0,18,18
6401,42,37,0,1798.299512,0,25.22,0,74,3.3368
6402,36,24,0,1798.297714,0,25.22,0,48,10.5744
6403,43,50,0,1793.765095,9.061640983,25.22,0,100,0
6404,51,40,0,1793.763301,0,25.22,0,80,8.9804
6405,73,41,0,1793.761507,0,25.22,0,82,29.1092
6406,83,43,0,1793.759714,0,25.22,0,86,36.7132
6407,54,12,0,1801.68872,-15.8616,25.22,0,24,24
6408,45,25,0,1801.686918,0,25.22,0,50,18.218
6409,34,41,0,1797.339844,8.690545606,25.22,0,82,0
6410,28,33,0,1794.157705,6.360683049,25.22,0,66,0
6411,38,24,0,1794.155911,0,25.22,0,48,12.4952
6412,36,23,0,1794.154116,0,25.22,0,46,11.5744
6413,22,29,0,1790.054446,8.19575177,25.22,0,58,0
6414,19,29,0,1784.45478,11.19575177,25.22,0,58,0
6415,22,20,0,1784.452996,0,25.22,0,40,1.1288
6416,18,16,0,1784.451212,0,25.22,0,32,1.2872
6417,14,17,0,1782.598948,3.700957934,25.22,0,34,0
6418,2,14,0,1776.308536,12.57725948,25.22,0,28,0
6419,0,12,0,1770.059363,12.49479384,25.22,0,24,0
6420,0,14,0,1762.768963,14.57725948,25.22,0,28,0
6421,0,7,0,1759.122885,7.288629738,25.22,0,14,0
6422,0,6,0,1755.997428,6.247396918,25.22,0,12,0
6423,0,6,0,1752.871973,6.247396918,25.22,0,12,0
6424,0,6,0,1749.746522,6.247396918,25.22,0,12,0
6425,0,5,0,1747.14169,5.206164098,25.22,0,10,0
6426,0,6,0,1744.016244,6.247396918,25.22,0,12,0
6427,0,5,0,1741.411418,5.206164098,25.22,0,10,0
6428,0,5,0,1738.806595,5.206164098,25.22,0,10,0
6429,0,6,0,1735.681158,6.247396918,25.22,0,12,0
6430,0,5,0,1733.07634,5.206164098,25.22,0,10,0
6431,0,6,0,1729.950908,6.247396918,25.22,0,12,0
6432,0,6,0,1726.82548,6.247396918,25.22,0,12,0
6433,0,6,0,1723.700055,6.247396918,25.22,0,12,0
6434,0,6,0,1720.574632,6.247396918,25.22,0,12,0
6435,0,6,0,1717.449213,6.247396918,25.22,0,12,0
6436,0,6,0,1714.323798,6.247396918,25.22,0,12,0
6437,0,6,0,1711.198385,6.247396918,25.22,0,12,0
6438,0,6,0,1708.072975,6.247396918,25.22,0,12,0
6439,0,6,0,1704.947569,6.247396918,25.22,0,12,0
6440,0,6,0,1701.822165,6.247396918,25.22,0,12,0
6441,0,6,0,1698.696765,6.247396918,25.22,0,12,0
6442,0,6,0,1695.571368,6.247396918,25.22,0,12,0
6443,3,5,0,1694.46659,2.206164098,25.22,0,10,0
6444,6,5,0,1694.464896,0,25.22,0,10,0.7624
6445,24,5,0,1698.488001,-8.0496,25.22,0,10,10
6446,50,6,0,1713.496303,-30.02,25.22,0,12,12
6447,38,6,0,1722.742189,-18.4952,25.22,0,12,12
6448,62,7,0,1742.012866,-38.5448,25.22,0,14,14
6449,70,43,0,1742.011124,0,25.22,0,86,24.228
6450,79,46,0,1742.009382,0,25.22,0,92,29.8716
6451,65,40,0,1742.00764,0,25.22,0,80,22.426
6452,64,31,0,1742.005898,0,25.22,0,62,30.4656
6453,33,21,0,1742.004156,0,25.22,0,42,10.6932
6454,63,21,0,1742.002414,0,25.22,0,42,39.5052
6455,59,22,0,1742.000672,0,25.22,0,44,34.6636
6456,66,44,0,1741.99893,0,25.22,0,88,19.3864
6457,24,25,0,1740.981778,2.030820491,25.22,0,50,0
6458,26,22,0,1740.980037,0,25.22,0,44,2.9704
6459,32,20,0,1740.978296,0,25.22,0,40,10.7328
6460,43,19,0,1740.976555,0,25.22,0,38,22.2972
6461,44,35,0,1740.974814,0,25.22,0,70,7.2576
6462,41,23,0,1740.973073,0,25.22,0,46,16.3764
6463,22,39,0,1731.667292,18.60807997,25.22,0,78,0
6464,20,21,0,1730.732616,1.865889213,25.22,0,42,0
6465,4,18,0,1723.35979,14.74219075,25.22,0,36,0
6466,0,15,0,1715.54882,15.61849229,25.22,0,30,0
6467,0,12,0,1709.299708,12.49479384,25.22,0,24,0
6468,0,13,0,1702.529985,13.53602666,25.22,0,26,0
6469,0,7,0,1698.883968,7.288629738,25.22,0,14,0
6470,0,6,0,1695.758571,6.247396918,25.22,0,12,0
6471,0,6,0,1692.633176,6.247396918,25.22,0,12,0
6472,0,6,0,1689.507785,6.247396918,25.22,0,12,0
6473,0,6,0,1686.382397,6.247396918,25.22,0,12,0
6474,0,6,0,1683.257012,6.247396918,25.22,0,12,0
6475,0,5,0,1680.652247,5.206164098,25.22,0,10,0
6476,0,6,0,1677.526868,6.247396918,25.22,0,12,0
6477,0,5,0,1674.922108,5.206164098,25.22,0,10,0
6478,0,6,0,1671.796735,6.247396918,25.22,0,12,0
6479,0,5,0,1669.191981,5.206164098,25.22,0,10,0
6480,0,6,0,1666.066614,6.247396918,25.22,0,12,0
6481,0,5,0,1663.461865,5.206164098,25.22,0,10,0
6482,0,7,0,1659.815887,7.288629738,25.22,0,14,0
6483,0,6,0,1656.690529,6.247396918,25.22,0,12,0
6484,0,6,0,1653.565174,6.247396918,25.22,0,12,0
6485,0,6,0,1650.439822,6.247396918,25.22,0,12,0
6486,0,6,0,1647.314473,6.247396918,25.22,0,12,0
6487,0,6,0,1644.189127,6.247396918,25.22,0,12,0
6488,0,6,0,1641.063784,6.247396918,25.22,0,12,0
6489,0,6,0,1637.938445,6.247396918,25.22,0,12,0
6490,1,6,0,1635.313108,5.247396918,25.22,0,12,0
6491,7,5,0,1635.311473,0,25.22,0,10,1.7228
6492,10,6,0,1635.309838,0,25.22,0,12,3.604
6493,16,5,0,1635.491403,-0.3664,25.22,0,10,10
6494,28,5,0,1641.435367,-11.8912,25.22,0,10,10
6495,43,6,0,1653.082326,-23.2972,25.22,0,12,12
6496,57,6,0,1671.452073,-36.7428,25.22,0,12,12
6497,84,42,0,1671.450401,0,25.22,0,84,38.6736
6498,50,24,0,1671.44873,0,25.22,0,48,24.02
6499,83,20,0,1681.303658,-19.7132,25.22,0,40,40
6500,74,29,0,1681.301977,0,25.22,0,58,42.0696
6501,68,22,0,1681.300296,0,25.22,0,44,43.3072
6502,69,25,0,1681.298614,0,25.22,0,50,41.2676
6503,65,11,0,1696.009933,-29.426,25.22,0,22,22
6504,58,33,0,1696.008237,0,25.22,0,66,22.7032
6505,56,31,0,1696.006541,0,25.22,0,62,22.7824
6506,62,29,0,1696.004845,0,25.22,0,58,30.5448
6507,39,29,0,1696.003149,0,25.22,0,58,8.4556
6508,26,25,0,1695.986043,0.030820491,25.22,0,50,0
6509,18,22,0,1693.530786,4.907122032,25.22,0,44,0
6510,18,21,0,1691.596148,3.865889213,25.22,0,42,0
6511,13,20,0,1687.682128,7.824656393,25.22,0,40,0
6512,12,19,0,1683.788728,7.783423574,25.22,0,38,0
6513,4,17,0,1676.936566,13.70095793,25.22,0,34,0
6514,1,15,0,1669.625642,14.61849229,25.22,0,30,0
6515,0,12,0,1663.376576,12.49479384,25.22,0,24,0
6516,0,13,0,1656.606899,13.53602666,25.22,0,26,0
6517,0,7,0,1652.960928,7.288629738,25.22,0,14,0
6518,0,6,0,1649.835576,6.247396918,25.22,0,12,0
6519,0,7,0,1646.189612,7.288629738,25.22,0,14,0
6520,0,6,0,1643.064267,6.247396918,25.22,0,12,0
6521,0,6,0,1639.938925,6.247396918,25.22,0,12,0
6522,0,6,0,1636.813587,6.247396918,25.22,0,12,0
6523,0,5,0,1634.208868,5.206164098,25.22,0,10,0
6524,0,6,0,1631.083535,6.247396918,25.22,0,12,0
6525,0,6,0,1627.958206,6.247396918,25.22,0,12,0
6526,0,5,0,1625.353496,5.206164098,25.22,0,10,0
6527,0,6,0,1622.228172,6.247396918,25.22,0,12,0
6528,0,6,0,1619.102851,6.247396918,25.22,0,12,0
6529,0,6,0,1615.977534,6.247396918,25.22,0,12,0
6530,0,6,0,1612.852219,6.247396918,25.22,0,12,0
6531,0,6,0,1609.726908,6.247396918,25.22,0,12,0
6532,0,6,0,1606.6016,6.247396918,25.22,0,12,0
6533,0,6,0,1603.476295,6.247396918,25.22,0,12,0
6534,0,6,0,1600.350993,6.247396918,25.22,0,12,0
6535,0,6,0,1597.225694,6.247396918,25.22,0,12,0
6536,0,6,0,1594.100398,6.247396918,25.22,0,12,0
6537,0,6,0,1590.975106,6.247396918,25.22,0,12,0
6538,0,6,0,1587.849816,6.247396918,25.22,0,12,0
6539,1,5,0,1585.745147,4.206164098,25.22,0,10,0
6540,10,5,0,1585.743561,0,25.22,0,10,4.604
6541,19,5,0,1587.365775,-3.2476,25.22,0,10,10
6542,24,6,0,1589.888988,-5.0496,25.22,0,12,12
6543,27,5,0,1595.352798,-10.9308,25.22,0,10,10
6544,36,7,0,1602.138402,-13.5744,25.22,0,14,14
6545,46,42,0,1602.1368,0,25.22,0,84,2.1784
6546,45,26,0,1602.135198,0,25.22,0,52,17.218
6547,56,19,0,1602.133596,0,25.22,0,38,34.7824
6548,71,23,0,1602.131994,0,25.22,0,46,45.1884
6549,79,30,0,1602.130392,0,25.22,0,60,45.8716
6550,55,22,0,1602.12879,0,25.22,0,44,30.822
6551,31,11,0,1602.127188,0,25.22,0,22,18.7724
6552,20,25,0,1599.110175,6.030820491,25.22,0,50,0
6553,38,25,0,1599.108576,0,25.22,0,50,11.4952
6554,43,24,0,1599.106977,0,25.22,0,48,17.2972
6555,36,23,0,1599.105378,0,25.22,0,46,11.5744
6556,34,23,0,1599.103779,0,25.22,0,46,9.6536
6557,28,21,0,1599.10218,0,25.22,0,42,5.8912
6558,30,21,0,1599.100581,0,25.22,0,42,7.812
6559,31,22,0,1599.098981,0,25.22,0,44,7.7724
6560,18,19,0,1598.205671,1.783423574,25.22,0,38,0
6561,8,19,0,1592.312361,11.78342357,25.22,0,38,0
6562,2,17,0,1584.460289,15.70095793,25.22,0,34,0
6563,0,15,0,1576.649459,15.61849229,25.22,0,30,0
6564,0,13,0,1569.879869,13.53602666,25.22,0,26,0
6565,0,7,0,1566.233984,7.288629738,25.22,0,14,0
6566,0,6,0,1563.108719,6.247396918,25.22,0,12,0
6567,0,6,0,1559.983458,6.247396918,25.22,0,12,0
6568,0,6,0,1556.858199,6.247396918,25.22,0,12,0
6569,0,6,0,1553.732944,6.247396918,25.22,0,12,0
6570,0,5,0,1551.128308,5.206164098,25.22,0,10,0
6571,0,5,0,1548.523675,5.206164098,25.22,0,10,0
6572,0,5,0,1545.919044,5.206164098,25.22,0,10,0
6573,0,6,0,1542.7938,6.247396918,25.22,0,12,0
6574,0,5,0,1540.189175,5.206164098,25.22,0,10,0
6575,0,6,0,1537.063937,6.247396918,25.22,0,12,0
6576,0,6,0,1533.938701,6.247396918,25.22,0,12,0
6577,0,6,0,1530.813469,6.247396918,25.22,0,12,0
6578,0,6,0,1527.688239,6.247396918,25.22,0,12,0
6579,0,6,0,1524.563013,6.247396918,25.22,0,12,0
6580,0,6,0,1521.43779,6.247396918,25.22,0,12,0
6581,0,7,0,1517.791954,7.288629738,25.22,0,14,0
6582,0,5,0,1515.187354,5.206164098,25.22,0,10,0
6583,0,5,0,1512.582757,5.206164098,25.22,0,10,0
6584,0,5,0,1509.978162,5.206164098,25.22,0,10,0
6585,0,6,0,1506.852954,6.247396918,25.22,0,12,0
6586,0,5,0,1504.248365,5.206164098,25.22,0,10,0
6587,0,5,0,1501.643778,5.206164098,25.22,0,10,0
6588,7,5,0,1501.642277,0,25.22,0,10,1.7228
6589,20,6,0,1502.244775,-1.208,25.22,0,12,12
6590,36,6,0,1510.530473,-16.5744,25.22,0,12,12
6591,48,7,0,1523.078562,-25.0992,25.22,0,14,14
6592,58,8,0,1538.928639,-31.7032,25.22,0,16,16
6593,66,7,0,1560.1203,-42.3864,25.22,0,14,14
6594,73,8,0,1583.17334,-46.1092,25.22,0,16,16
6595,74,8,0,1606.706557,-47.0696,25.22,0,16,16
6596,88,8,0,1636.96255,-60.5152,25.22,0,16,16
6597,51,8,0,1649.451113,-24.9804,25.22,0,16,16
6598,71,8,0,1671.543664,-44.1884,25.22,0,16,16
6599,85,7,0,1701.858992,-60.634,25.22,0,14,14
6600,61,8,0,1719.149491,-34.5844,25.22,0,16,16
6601,39,7,0,1727.375571,-16.4556,25.22,0,14,14
6602,62,8,0,1745.146244,-35.5448,25.22,0,16,16
6603,56,7,0,1761.535699,-32.7824,25.22,0,14,14
6604,53,7,0,1776.484537,-29.9012,25.22,0,14,14
6605,51,8,0,1788.972961,-24.9804,25.22,0,16,16
6606,51,7,0,1802.961372,-27.9804,25.22,0,14,14
6607,16,8,0,1802.959569,0,25.22,0,16,7.3664
6608,21,7,0,1802.957766,0,25.22,0,14,13.1684
6609,8,7,0,1802.955963,0,25.22,0,14,0.6832
6610,1,7,0,1799.809845,6.288629738,25.22,0,14,0
6611,0,6,0,1796.684347,6.247396918,25.22,0,12,0
6612,0,6,0,1793.558852,6.247396918,25.22,0,12,0
6613,0,7,0,1789.912743,7.288629738,25.22,0,14,0
6614,0,6,0,1786.787255,6.247396918,25.22,0,12,0
6615,0,6,0,1783.66177,6.247396918,25.22,0,12,0
6616,0,7,0,1780.015671,7.288629738,25.22,0,14,0
6617,0,5,0,1777.410809,5.206164098,25.22,0,10,0
6618,0,6,0,1774.285333,6.247396918,25.22,0,12,0
6619,0,6,0,1771.159861,6.247396918,25.22,0,12,0
6620,0,6,0,1768.034391,6.247396918,25.22,0,12,0
6621,0,7,0,1764.388308,7.288629738,25.22,0,14,0
6622,0,6,0,1761.262845,6.247396918,25.22,0,12,0
6623,0,6,0,1758.137385,6.247396918,25.22,0,12,0
6624,0,6,0,1755.011929,6.247396918,25.22,0,12,0
6625,0,6,0,1751.886475,6.247396918,25.22,0,12,0
6626,0,7,0,1748.240409,7.288629738,25.22,0,14,0
6627,0,5,0,1745.635578,5.206164098,25.22,0,10,0
6628,0,5,0,1743.030751,5.206164098,25.22,0,10,0
6629,0,5,0,1740.425926,5.206164098,25.22,0,10,0
6630,0,6,0,1737.300487,6.247396918,25.22,0,12,0
6631,0,5,0,1734.695667,5.206164098,25.22,0,10,0
6632,0,5,0,1732.090851,5.206164098,25.22,0,10,0
6633,0,5,0,1729.486036,5.206164098,25.22,0,10,0
6634,0,6,0,1726.360609,6.247396918,25.22,0,12,0
6635,0,5,0,1723.7558,5.206164098,25.22,0,10,0
6636,3,6,0,1722.130378,3.247396918,25.22,0,12,0
6637,19,6,0,1722.252456,-0.2476,25.22,0,12,12
6638,33,7,0,1727.597334,-10.6932,25.22,0,14,14
6639,46,6,0,1740.684806,-26.1784,25.22,0,12,12
6640,58,8,0,1756.534665,-31.7032,25.22,0,16,16
6641,66,21,0,1756.726109,-0.3864,25.22,0,42,42
6642,73,58,0,1756.724352,0,25.22,0,116,12.1092
6643,80,44,0,1756.722595,0,25.22,0,88,32.832
6644,86,29,0,1756.720839,0,25.22,0,58,53.5944
6645,87,31,0,1756.719082,0,25.22,0,62,52.5548
6646,93,31,0,1756.717325,0,25.22,0,62,58.3172
6647,57,19,0,1756.715568,0,25.22,0,38,35.7428
6648,66,32,0,1756.713812,0,25.22,0,64,31.3864
6649,68,30,0,1756.712055,0,25.22,0,60,35.3072
6650,62,26,0,1756.710298,0,25.22,0,52,33.5448
6651,56,26,0,1756.708542,0,25.22,0,52,27.7824
6652,48,23,0,1756.706785,0,25.22,0,46,23.0992
6653,19,19,0,1756.313316,0.783423574,25.22,0,38,0
6654,25,18,0,1756.31156,0,25.22,0,36,6.01
6655,13,30,0,1747.191311,18.23698459,25.22,0,60,0
6656,9,39,0,1731.385524,31.60807997,25.22,0,78,0
6657,1,6,0,1728.760094,5.247396918,25.22,0,12,0
6658,3,6,0,1727.134667,3.247396918,25.22,0,12,0
6659,0,6,0,1724.009242,6.247396918,25.22,0,12,0
6660,0,6,0,1720.883819,6.247396918,25.22,0,12,0
6661,0,6,0,1717.7584,6.247396918,25.22,0,12,0
6662,0,6,0,1714.632984,6.247396918,25.22,0,12,0
6663,0,6,0,1711.50757,6.247396918,25.22,0,12,0
6664,0,7,0,1707.861544,7.288629738,25.22,0,14,0
6665,0,5,0,1705.256754,5.206164098,25.22,0,10,0
6666,0,6,0,1702.13135,6.247396918,25.22,0,12,0
6667,0,6,0,1699.00595,6.247396918,25.22,0,12,0
6668,0,5,0,1696.401169,5.206164098,25.22,0,10,0
6669,0,6,0,1693.275774,6.247396918,25.22,0,12,0
6670,0,6,0,1690.150382,6.247396918,25.22,0,12,0
6671,0,6,0,1687.024994,6.247396918,25.22,0,12,0
6672,0,6,0,1683.899608,6.247396918,25.22,0,12,0
6673,0,6,0,1680.774226,6.247396918,25.22,0,12,0
6674,0,6,0,1677.648847,6.247396918,25.22,0,12,0
6675,0,7,0,1674.002854,7.288629738,25.22,0,14,0
6676,0,6,0,1670.877482,6.247396918,25.22,0,12,0
6677,0,6,0,1667.752112,6.247396918,25.22,0,12,0
6678,0,6,0,1664.626746,6.247396918,25.22,0,12,0
6679,0,5,0,1662.021999,5.206164098,25.22,0,10,0
6680,0,5,0,1659.417255,5.206164098,25.22,0,10,0
6681,0,5,0,1656.812514,5.206164098,25.22,0,10,0
6682,0,5,0,1654.207775,5.206164098,25.22,0,10,0
6683,2,6,0,1652.082422,4.247396918,25.22,0,12,0
6684,9,5,0,1652.08077,0,25.22,0,10,3.6436
6685,22,5,0,1655.143518,-6.1288,25.22,0,10,10
6686,35,6,0,1662.948863,-15.614,25.22,0,12,12
6687,42,6,0,1674.1156,-22.3368,25.22,0,12,12
6688,41,7,0,1683.302126,-18.3764,25.22,0,14,14
6689,62,32,0,1683.300443,0,25.22,0,64,27.5448
6690,74,24,0,1683.298759,0,25.22,0,48,47.0696
6691,78,22,0,1687.752676,-8.9112,25.22,0,44,44
6692,88,25,0,1692.508588,-9.5152,25.22,0,50,50
6693,94,21,0,1706.145696,-27.2776,25.22,0,42,42
6694,94,24,0,1715.28279,-18.2776,25.22,0,48,48
6695,90,10,0,1743.499074,-56.436,25.22,0,20,20
6696,90,22,0,1753.715331,-20.436,25.22,0,44,44
6697,83,35,0,1753.713577,0,25.22,0,70,44.7132
6698,67,30,0,1753.711823,0,25.22,0,60,34.3468
6699,72,27,0,1753.71007,0,25.22,0,54,42.1488
6700,69,40,0,1753.708316,0,25.22,0,80,26.2676
6701,37,45,0,1748.778824,9.855476885,25.22,0,90,0
6702,40,39,0,1748.473035,0.608079967,25.22,0,78,0
6703,27,22,0,1748.471287,0,25.22,0,44,3.9308
6704,12,21,0,1743.536593,9.865889213,25.22,0,42,0
6705,1,8,0,1739.869919,7.329862557,25.22,0,16,0
6706,0,6,0,1736.74448,6.247396918,25.22,0,12,0
6707,0,6,0,1733.619045,6.247396918,25.22,0,12,0
6708,0,6,0,1730.493613,6.247396918,25.22,0,12,0
6709,0,6,0,1727.368184,6.247396918,25.22,0,12,0
6710,0,6,0,1724.242758,6.247396918,25.22,0,12,0
6711,0,7,0,1720.596719,7.288629738,25.22,0,14,0
6712,0,6,0,1717.4713,6.247396918,25.22,0,12,0
6713,0,6,0,1714.345884,6.247396918,25.22,0,12,0
6714,0,5,0,1711.741088,5.206164098,25.22,0,10,0
6715,0,6,0,1708.615678,6.247396918,25.22,0,12,0
6716,0,5,0,1706.010887,5.206164098,25.22,0,10,0
6717,0,6,0,1702.885482,6.247396918,25.22,0,12,0
6718,0,5,0,1700.280698,5.206164098,25.22,0,10,0
6719,0,6,0,1697.155299,6.247396918,25.22,0,12,0
6720,0,5,0,1694.55052,5.206164098,25.22,0,10,0
6721,0,6,0,1691.425127,6.247396918,25.22,0,12,0
6722,0,6,0,1688.299737,6.247396918,25.22,0,12,0
6723,0,5,0,1685.694966,5.206164098,25.22,0,10,0
6724,0,6,0,1682.569582,6.247396918,25.22,0,12,0
6725,0,6,0,1679.444201,6.247396918,25.22,0,12,0
6726,0,6,0,1676.318823,6.247396918,25.22,0,12,0
6727,0,6,0,1673.193448,6.247396918,25.22,0,12,0
6728,0,6,0,1670.068077,6.247396918,25.22,0,12,0
6729,0,6,0,1666.942708,6.247396918,25.22,0,12,0
6730,0,6,0,1663.817343,6.247396918,25.22,0,12,0
6731,1,6,0,1661.191981,5.247396918,25.22,0,12,0
6732,10,6,0,1661.190319,0,25.22,0,12,3.604
6733,25,5,0,1665.693658,-9.01,25.22,0,10,10
6734,44,6,0,1677.820793,-24.2576,25.22,0,12,12
6735,56,5,0,1697.210315,-38.7824,25.22,0,10,10
6736,62,7,0,1716.481018,-38.5448,25.22,0,14,14
6737,60,30,0,1716.479301,0,25.22,0,60,27.624
6738,83,30,0,1716.477585,0,25.22,0,60,49.7132
6739,56,49,0,1716.475868,0,25.22,0,98,4.7824
6740,62,66,0,1713.113469,6.721366097,25.22,0,132,0
6741,78,102,0,1699.008882,28.20574761,25.22,0,204,0
6742,83,76,0,1699.007183,0,25.22,0,152,3.7132
6743,56,42,0,1699.005484,0,25.22,0,84,11.7824
6744,46,47,0,1697.534813,2.937942524,25.22,0,94,0
6745,35,47,0,1690.564145,13.93794252,25.22,0,94,0
6746,34,20,0,1690.562454,0,25.22,0,40,12.6536
6747,50,20,0,1690.560763,0,25.22,0,40,28.02
6748,38,19,0,1690.559073,0,25.22,0,38,17.4952
6749,42,78,0,1670.949302,39.21615993,25.22,0,156,0
6750,47,81,0,1652.277702,37.33985839,25.22,0,162,0
6751,21,51,0,1636.224613,32.1028738,25.22,0,102,0
6752,22,25,0,1634.207567,4.030820491,25.22,0,50,0
6753,2,6,0,1632.082234,4.247396918,25.22,0,12,0
6754,0,6,0,1628.956903,6.247396918,25.22,0,12,0
6755,0,6,0,1625.831576,6.247396918,25.22,0,12,0
6756,0,7,0,1622.185635,7.288629738,25.22,0,14,0
6757,0,6,0,1619.060315,6.247396918,25.22,0,12,0
6758,0,7,0,1615.414381,7.288629738,25.22,0,14,0
6759,0,6,0,1612.289067,6.247396918,25.22,0,12,0
6760,0,6,0,1609.163756,6.247396918,25.22,0,12,0
6761,0,6,0,1606.038448,6.247396918,25.22,0,12,0
6762,0,5,0,1603.43376,5.206164098,25.22,0,10,0
6763,0,7,0,1599.787842,7.288629738,25.22,0,14,0
6764,0,5,0,1597.18316,5.206164098,25.22,0,10,0
6765,0,6,0,1594.057865,6.247396918,25.22,0,12,0
6766,0,6,0,1590.932572,6.247396918,25.22,0,12,0
6767,0,6,0,1587.807283,6.247396918,25.22,0,12,0
6768,0,5,0,1585.202613,5.206164098,25.22,0,10,0
6769,0,6,0,1582.077329,6.247396918,25.22,0,12,0
6770,0,5,0,1579.472665,5.206164098,25.22,0,10,0
6771,0,7,0,1575.826771,7.288629738,25.22,0,14,0
6772,0,6,0,1572.701496,6.247396918,25.22,0,12,0
6773,0,6,0,1569.576225,6.247396918,25.22,0,12,0
6774,0,7,0,1565.930341,7.288629738,25.22,0,14,0
6775,0,6,0,1562.805076,6.247396918,25.22,0,12,0
6776,0,6,0,1559.679815,6.247396918,25.22,0,12,0
6777,0,6,0,1556.554557,6.247396918,25.22,0,12,0
6778,0,7,0,1552.908686,7.288629738,25.22,0,14,0
6779,0,6,0,1549.783434,6.247396918,25.22,0,12,0
6780,4,6,0,1548.658186,2.247396918,25.22,0,12,0
6781,29,6,0,1553.582437,-9.8516,25.22,0,12,12
6782,37,7,0,1560.848284,-14.5348,25.22,0,14,14
6783,39,7,0,1569.074523,-16.4556,25.22,0,14,14
6784,41,6,0,1579.761154,-21.3764,25.22,0,12,12
6785,55,21,0,1579.759574,0,25.22,0,42,31.822
6786,50,14,0,1582.767994,-6.02,25.22,0,28,28
6787,38,13,0,1582.766411,0,25.22,0,26,23.4952
6788,53,13,0,1588.715429,-11.9012,25.22,0,26,26
6789,84,14,0,1608.05064,-38.6736,25.22,0,28,28
6790,77,12,0,1627.024432,-37.9508,25.22,0,24,24
6791,85,18,0,1640.839805,-27.634,25.22,0,36,36
6792,85,21,0,1650.155164,-18.634,25.22,0,42,42
6793,97,13,0,1677.232914,-54.1588,25.22,0,26,26
6794,72,13,0,1692.305637,-30.1488,25.22,0,26,26
6795,40,15,0,1692.303944,0,25.22,0,30,23.416
6796,42,27,0,1692.302252,0,25.22,0,54,13.3368
6797,31,25,0,1692.30056,0,25.22,0,50,4.7724
6798,34,45,0,1685.871129,12.85547688,25.22,0,90,0
6799,36,19,0,1685.869443,0,25.22,0,38,15.5744
6800,22,16,0,1685.867757,0,25.22,0,32,5.1288
6801,3,6,0,1684.242373,3.247396918,25.22,0,12,0
6802,1,6,0,1681.61699,5.247396918,25.22,0,12,0
6803,0,6,0,1678.49161,6.247396918,25.22,0,12,0
6804,0,7,0,1674.845617,7.288629738,25.22,0,14,0
6805,0,6,0,1671.720244,6.247396918,25.22,0,12,0
6806,0,7,0,1668.074257,7.288629738,25.22,0,14,0
6807,0,6,0,1664.94889,6.247396918,25.22,0,12,0
6808,0,6,0,1661.823527,6.247396918,25.22,0,12,0
6809,0,6,0,1658.698167,6.247396918,25.22,0,12,0
6810,0,6,0,1655.57281,6.247396918,25.22,0,12,0
6811,0,5,0,1652.968072,5.206164098,25.22,0,10,0
6812,0,6,0,1649.84272,6.247396918,25.22,0,12,0
6813,0,5,0,1647.237989,5.206164098,25.22,0,10,0
6814,0,6,0,1644.112643,6.247396918,25.22,0,12,0
6815,0,6,0,1640.9873,6.247396918,25.22,0,12,0
6816,0,7,0,1637.341344,7.288629738,25.22,0,14,0
6817,0,6,0,1634.216009,6.247396918,25.22,0,12,0
6818,0,6,0,1631.090676,6.247396918,25.22,0,12,0
6819,0,7,0,1627.44473,7.288629738,25.22,0,14,0
6820,0,6,0,1624.319404,6.247396918,25.22,0,12,0
6821,0,6,0,1621.194081,6.247396918,25.22,0,12,0
6822,0,6,0,1618.068762,6.247396918,25.22,0,12,0
6823,0,7,0,1614.422829,7.288629738,25.22,0,14,0
6824,0,6,0,1611.297516,6.247396918,25.22,0,12,0
6825,0,6,0,1608.172206,6.247396918,25.22,0,12,0
6826,0,6,0,1605.046899,6.247396918,25.22,0,12,0
6827,1,7,0,1601.90098,6.288629738,25.22,0,14,0
6828,4,6,0,1600.775679,2.247396918,25.22,0,12,0
6829,1,5,0,1598.670996,4.206164098,25.22,0,10,0
6830,9,6,0,1598.669398,0,25.22,0,12,2.6436
6831,19,5,0,1600.291599,-3.2476,25.22,0,10,10
6832,34,6,0,1607.616799,-14.6536,25.22,0,12,12
6833,67,12,0,1621.788591,-28.3468,25.22,0,24,24
6834,72,52,0,1621.786969,0,25.22,0,104,17.1488
6835,65,44,0,1621.785348,0,25.22,0,88,18.426
6836,77,37,0,1621.783726,0,25.22,0,74,36.9508
6837,88,44,0,1621.782104,0,25.22,0,88,40.5152
6838,63,32,0,1621.780482,0,25.22,0,64,28.5052
6839,65,17,0,1627.49186,-11.426,25.22,0,34,34
6840,66,40,0,1627.490233,0,25.22,0,80,23.3864
6841,73,50,0,1627.488605,0,25.22,0,100,20.1092
6842,59,40,0,1627.486978,0,25.22,0,80,16.6636
6843,29,38,0,1622.201927,10.56684715,25.22,0,76,0
6844,22,35,0,1614.97873,14.44314869,25.22,0,70,0
6845,7,36,0,1599.734925,30.48438151,25.22,0,72,0
6846,10,33,0,1587.552983,24.36068305,25.22,0,66,0
6847,8,32,0,1574.891671,25.31945023,25.22,0,64,0
6848,8,12,0,1572.642699,4.494793836,25.22,0,24,0
6849,4,6,0,1571.517428,2.247396918,25.22,0,12,0
6850,0,5,0,1568.912774,5.206164098,25.22,0,10,0
6851,0,6,0,1565.787507,6.247396918,25.22,0,12,0
6852,0,7,0,1562.141626,7.288629738,25.22,0,14,0
6853,0,6,0,1559.016366,6.247396918,25.22,0,12,0
6854,0,6,0,1555.891108,6.247396918,25.22,0,12,0
6855,0,7,0,1552.245237,7.288629738,25.22,0,14,0
6856,0,6,0,1549.119987,6.247396918,25.22,0,12,0
6857,0,6,0,1545.994739,6.247396918,25.22,0,12,0
6858,0,6,0,1542.869495,6.247396918,25.22,0,12,0
6859,0,5,0,1540.26487,5.206164098,25.22,0,10,0
6860,0,6,0,1537.139631,6.247396918,25.22,0,12,0
6861,0,7,0,1533.493779,7.288629738,25.22,0,14,0
6862,0,6,0,1530.368547,6.247396918,25.22,0,12,0
6863,0,6,0,1527.243318,6.247396918,25.22,0,12,0
6864,0,7,0,1523.597476,7.288629738,25.22,0,14,0
6865,0,6,0,1520.472254,6.247396918,25.22,0,12,0
6866,0,6,0,1517.347035,6.247396918,25.22,0,12,0
6867,0,5,0,1514.742436,5.206164098,25.22,0,10,0
6868,0,5,0,1512.137839,5.206164098,25.22,0,10,0
6869,0,5,0,1509.533245,5.206164098,25.22,0,10,0
6870,0,6,0,1506.408037,6.247396918,25.22,0,12,0
6871,0,5,0,1503.803448,5.206164098,25.22,0,10,0
6872,0,6,0,1500.678246,6.247396918,25.22,0,12,0
6873,0,5,0,1498.073663,5.206164098,25.22,0,10,0
6874,0,6,0,1494.948467,6.247396918,25.22,0,12,0
6875,1,6,0,1492.323273,5.247396918,25.22,0,12,0
6876,5,6,0,1491.698083,1.247396918,25.22,0,12,0
6877,9,6,0,1491.696591,0,25.22,0,12,2.6436
6878,32,6,0,1498.061499,-12.7328,25.22,0,12,12
6879,33,6,0,1504.906601,-13.6932,25.22,0,12,12
6880,44,7,0,1515.533896,-21.2576,25.22,0,14,14
6881,34,6,0,1522.859181,-14.6536,25.22,0,12,12
6882,25,7,0,1524.362658,-3.01,25.22,0,14,14
6883,30,7,0,1528.267133,-7.812,25.22,0,14,14
6884,31,6,0,1534.151805,-11.7724,25.22,0,12,12
6885,60,7,0,1552.462271,-36.624,25.22,0,14,14
6886,72,7,0,1576.535119,-48.1488,25.22,0,14,14
6887,92,7,0,1610.211942,-67.3568,25.22,0,14,14
6888,94,7,0,1644.849132,-69.2776,25.22,0,14,14
6889,40,7,0,1653.555487,-17.416,25.22,0,14,14
6890,46,8,0,1663.643033,-20.1784,25.22,0,16,16
6891,68,7,0,1685.79497,-44.3072,25.22,0,14,14
6892,55,8,0,1700.204284,-28.822,25.22,0,16,16
6893,45,7,0,1711.311584,-22.218,25.22,0,14,14
6894,49,8,0,1722.839672,-23.0596,25.22,0,16,16
6895,25,7,0,1724.34295,-3.01,25.22,0,14,14
6896,16,7,0,1724.341225,0,25.22,0,14,8.3664
6897,0,6,0,1721.215802,6.247396918,25.22,0,12,0
6898,0,6,0,1718.090383,6.247396918,25.22,0,12,0
6899,0,7,0,1714.44435,7.288629738,25.22,0,14,0
6900,0,6,0,1711.318937,6.247396918,25.22,0,12,0
6901,0,7,0,1707.672911,7.288629738,25.22,0,14,0
6902,0,6,0,1704.547505,6.247396918,25.22,0,12,0
6903,0,6,0,1701.422102,6.247396918,25.22,0,12,0
6904,0,7,0,1697.776085,7.288629738,25.22,0,14,0
6905,0,5,0,1695.171305,5.206164098,25.22,0,10,0
6906,0,6,0,1692.045912,6.247396918,25.22,0,12,0
6907,0,5,0,1689.441138,5.206164098,25.22,0,10,0
6908,0,5,0,1686.836366,5.206164098,25.22,0,10,0
6909,0,6,0,1683.710981,6.247396918,25.22,0,12,0
6910,0,5,0,1681.106215,5.206164098,25.22,0,10,0
6911,0,6,0,1677.980836,6.247396918,25.22,0,12,0
6912,0,5,0,1675.376076,5.206164098,25.22,0,10,0
6913,0,6,0,1672.250702,6.247396918,25.22,0,12,0
6914,0,5,0,1669.645947,5.206164098,25.22,0,10,0
6915,0,6,0,1666.520579,6.247396918,25.22,0,12,0
6916,0,6,0,1663.395214,6.247396918,25.22,0,12,0
6917,0,6,0,1660.269853,6.247396918,25.22,0,12,0
6918,0,6,0,1657.144494,6.247396918,25.22,0,12,0
6919,0,6,0,1654.019138,6.247396918,25.22,0,12,0
6920,0,7,0,1650.373169,7.288629738,25.22,0,14,0
6921,0,6,0,1647.247821,6.247396918,25.22,0,12,0
6922,0,6,0,1644.122475,6.247396918,25.22,0,12,0
6923,0,7,0,1640.476516,7.288629738,25.22,0,14,0
6924,7,6,0,1640.474875,0,25.22,0,12,0.7228
6925,20,6,0,1641.077235,-1.208,25.22,0,12,12
6926,37,6,0,1649.842994,-17.5348,25.22,0,12,12
6927,54,7,0,1665.272144,-30.8616,25.22,0,14,14
6928,56,6,0,1683.161679,-35.7824,25.22,0,12,12
6929,40,18,0,1683.159995,0,25.22,0,36,20.416
6930,57,13,0,1691.029712,-15.7428,25.22,0,26,26
6931,78,18,0,1701.483621,-20.9112,25.22,0,36,36
6932,79,16,0,1715.41772,-27.8716,25.22,0,32,32
6933,72,16,0,1725.990404,-21.1488,25.22,0,32,32
6934,88,16,0,1744.246278,-36.5152,25.22,0,32,32
6935,103,30,0,1748.705134,-8.9212,25.22,0,60,60
6936,89,40,0,1748.703385,0,25.22,0,80,45.4756
6937,90,38,0,1748.701637,0,25.22,0,76,48.436
6938,90,26,0,1752.917888,-8.436,25.22,0,52,52
6939,75,21,0,1757.431135,-9.03,25.22,0,42,42
6940,73,22,0,1759.483978,-4.1092,25.22,0,44,44
6941,60,44,0,1759.482218,0,25.22,0,88,13.624
6942,55,37,0,1759.480459,0,25.22,0,74,15.822
6943,31,17,0,1759.478699,0,25.22,0,34,12.7724
6944,22,15,0,1759.47694,0,25.22,0,30,6.1288
6945,4,6,0,1758.351482,2.247396918,25.22,0,12,0
6946,0,6,0,1755.226025,6.247396918,25.22,0,12,0
6947,0,6,0,1752.100571,6.247396918,25.22,0,12,0
6948,0,7,0,1748.454504,7.288629738,25.22,0,14,0
6949,0,6,0,1745.329057,6.247396918,25.22,0,12,0
6950,0,7,0,1741.682997,7.288629738,25.22,0,14,0
6951,0,6,0,1738.557557,6.247396918,25.22,0,12,0
6952,0,6,0,1735.43212,6.247396918,25.22,0,12,0
6953,0,6,0,1732.306686,6.247396918,25.22,0,12,0
6954,0,5,0,1729.701872,5.206164098,25.22,0,10,0
6955,0,6,0,1726.576444,6.247396918,25.22,0,12,0
6956,0,6,0,1723.451019,6.247396918,25.22,0,12,0
6957,0,5,0,1720.846213,5.206164098,25.22,0,10,0
6958,0,6,0,1717.720794,6.247396918,25.22,0,12,0
6959,0,5,0,1715.115994,5.206164098,25.22,0,10,0
6960,0,6,0,1711.990581,6.247396918,25.22,0,12,0
6961,0,6,0,1708.86517,6.247396918,25.22,0,12,0
6962,0,7,0,1705.219146,7.288629738,25.22,0,14,0
6963,0,6,0,1702.093743,6.247396918,25.22,0,12,0
6964,0,6,0,1698.968342,6.247396918,25.22,0,12,0
6965,0,6,0,1695.842945,6.247396918,25.22,0,12,0
6966,0,7,0,1692.196934,7.288629738,25.22,0,14,0
6967,0,6,0,1689.071543,6.247396918,25.22,0,12,0
6968,0,6,0,1685.946156,6.247396918,25.22,0,12,0
6969,0,6,0,1682.820771,6.247396918,25.22,0,12,0
6970,0,7,0,1679.174774,7.288629738,25.22,0,14,0
6971,2,6,0,1677.049396,4.247396918,25.22,0,12,0
6972,4,6,0,1675.924021,2.247396918,25.22,0,12,0
6973,11,7,0,1675.922345,0,25.22,0,14,3.5644
6974,13,5,0,1675.920669,0,25.22,0,10,7.4852
6975,7,5,0,1675.918993,0,25.22,0,10,1.7228
6976,9,6,0,1675.917317,0,25.22,0,12,2.6436
6977,12,5,0,1675.915641,0,25.22,0,10,6.5248
6978,15,6,0,1675.913965,0,25.22,0,12,8.406
6979,30,5,0,1682.818289,-13.812,25.22,0,10,10
6980,30,6,0,1688.222606,-10.812,25.22,0,12,12
6981,16,5,0,1688.404118,-0.3664,25.22,0,10,10
6982,16,6,0,1688.40243,0,25.22,0,12,9.3664
6983,13,5,0,1688.400741,0,25.22,0,10,7.4852
6984,15,6,0,1688.399053,0,25.22,0,12,8.406
6985,28,6,0,1692.842964,-8.8912,25.22,0,12,12
6986,25,6,0,1695.846272,-6.01,25.22,0,12,12
6987,21,6,0,1696.928776,-2.1684,25.22,0,12,12
6988,17,7,0,1696.927079,0,25.22,0,14,9.3268
6989,12,6,0,1696.925382,0,25.22,0,12,5.5248
6990,12,6,0,1696.923685,0,25.22,0,12,5.5248
6991,14,6,0,1696.921988,0,25.22,0,12,7.4456
6992,11,7,0,1696.920291,0,25.22,0,14,3.5644
6993,2,6,0,1694.794896,4.247396918,25.22,0,12,0
6994,1,7,0,1691.648886,6.288629738,25.22,0,14,0
6995,0,7,0,1688.00288,7.288629738,25.22,0,14,0
6996,0,7,0,1684.356877,7.288629738,25.22,0,14,0
6997,0,7,0,1680.710877,7.288629738,25.22,0,14,0
6998,0,8,0,1676.544266,8.329862557,25.22,0,16,0
6999,0,7,0,1672.898274,7.288629738,25.22,0,14,0
7000,0,6,0,1669.772903,6.247396918,25.22,0,12,0
7001,0,6,0,1666.647534,6.247396918,25.22,0,12,0
7002,0,5,0,1664.042786,5.206164098,25.22,0,10,0
7003,0,6,0,1660.917423,6.247396918,25.22,0,12,0
7004,0,5,0,1658.31268,5.206164098,25.22,0,10,0
7005,0,6,0,1655.187324,6.247396918,25.22,0,12,0
7006,0,5,0,1652.582586,5.206164098,25.22,0,10,0
7007,0,6,0,1649.457235,6.247396918,25.22,0,12,0
7008,0,5,0,1646.852504,5.206164098,25.22,0,10,0
7009,0,6,0,1643.727158,6.247396918,25.22,0,12,0
7010,0,5,0,1641.122433,5.206164098,25.22,0,10,0
7011,0,6,0,1637.997093,6.247396918,25.22,0,12,0
7012,0,6,0,1634.871757,6.247396918,25.22,0,12,0
7013,0,5,0,1632.26704,5.206164098,25.22,0,10,0
7014,0,6,0,1629.141709,6.247396918,25.22,0,12,0
7015,0,6,0,1626.016381,6.247396918,25.22,0,12,0
7016,0,6,0,1622.891057,6.247396918,25.22,0,12,0
7017,0,7,0,1619.245119,7.288629738,25.22,0,14,0
7018,0,6,0,1616.119801,6.247396918,25.22,0,12,0
7019,3,7,0,1613.97387,4.288629738,25.22,0,14,0
7020,4,6,0,1612.848558,2.247396918,25.22,0,12,0
7021,10,6,0,1612.846945,0,25.22,0,12,3.604
7022,12,7,0,1612.845332,0,25.22,0,14,4.5248
7023,18,6,0,1612.84372,0,25.22,0,12,11.2872
7024,35,6,0,1620.649107,-15.614,25.22,0,12,12
7025,57,7,0,1637.518886,-33.7428,25.22,0,14,14
7026,64,15,0,1645.750048,-16.4656,25.22,0,30,30
7027,72,33,0,1645.748403,0,25.22,0,66,36.1488
7028,74,25,0,1645.746757,0,25.22,0,50,46.0696
7029,74,25,0,1645.745111,0,25.22,0,50,46.0696
7030,99,26,0,1654.283266,-17.0796,25.22,0,52,52
7031,96,9,0,1686.880811,-65.1984,25.22,0,18,18
7032,88,8,0,1717.136724,-60.5152,25.22,0,16,16
7033,96,9,0,1749.734207,-65.1984,25.22,0,18,18
7034,91,11,0,1776.930657,-54.3964,25.22,0,22,22
7035,74,76,0,1774.362033,5.133694294,25.22,0,152,0
7036,65,40,0,1774.360259,0,25.22,0,80,22.426
7037,47,31,0,1774.358485,0,25.22,0,62,14.1388
7038,43,36,0,1774.35671,0,25.22,0,72,5.2972
7039,26,36,0,1768.612745,11.48438151,25.22,0,72,0
7040,22,37,0,1760.348169,16.52561433,25.22,0,74,0
7041,5,8,0,1758.681478,3.329862557,25.22,0,16,0
7042,0,5,0,1756.076637,5.206164098,25.22,0,10,0
7043,0,6,0,1752.951183,6.247396918,25.22,0,12,0
7044,0,6,0,1749.825731,6.247396918,25.22,0,12,0
7045,0,7,0,1746.179666,7.288629738,25.22,0,14,0
7046,0,6,0,1743.054222,6.247396918,25.22,0,12,0
7047,0,6,0,1739.92878,6.247396918,25.22,0,12,0
7048,0,7,0,1736.282725,7.288629738,25.22,0,14,0
7049,0,5,0,1733.677907,5.206164098,25.22,0,10,0
7050,0,6,0,1730.552475,6.247396918,25.22,0,12,0
7051,0,5,0,1727.947662,5.206164098,25.22,0,10,0
7052,0,6,0,1724.822236,6.247396918,25.22,0,12,0
7053,0,6,0,1721.696813,6.247396918,25.22,0,12,0
7054,0,7,0,1718.050776,7.288629738,25.22,0,14,0
7055,0,6,0,1714.92536,6.247396918,25.22,0,12,0
7056,0,6,0,1711.799946,6.247396918,25.22,0,12,0
7057,0,7,0,1708.15392,7.288629738,25.22,0,14,0
7058,0,6,0,1705.028513,6.247396918,25.22,0,12,0
7059,0,7,0,1701.382493,7.288629738,25.22,0,14,0
7060,0,5,0,1698.77771,5.206164098,25.22,0,10,0
7061,0,6,0,1695.652312,6.247396918,25.22,0,12,0
7062,0,5,0,1693.047535,5.206164098,25.22,0,10,0
7063,0,6,0,1689.922143,6.247396918,25.22,0,12,0
7064,0,5,0,1687.317371,5.206164098,25.22,0,10,0
7065,0,6,0,1684.191985,6.247396918,25.22,0,12,0
7066,0,6,0,1681.066603,6.247396918,25.22,0,12,0
7067,0,5,0,1678.46184,5.206164098,25.22,0,10,0
7068,0,6,0,1675.336463,6.247396918,25.22,0,12,0
7069,3,5,0,1674.231705,2.206164098,25.22,0,10,0
7070,4,6,0,1673.106333,2.247396918,25.22,0,12,0
7071,7,7,0,1672.960345,0.288629738,25.22,0,14,0
7072,12,6,0,1672.958672,0,25.22,0,12,5.5248
7073,23,33,0,1667.276657,11.36068305,25.22,0,66,0
7074,42,21,0,1670.199831,-5.849681101,25.22,0,42,13.4871189
7075,39,42,0,1667.832271,4.731778426,25.22,0,84,0
7076,55,25,0,1681.741603,-27.822,25.22,0,50,0
7077,45,21,0,1692.848922,-22.218,25.22,0,42,0
7078,51,22,0,1706.337429,-26.9804,25.22,0,44,0
7079,47,11,0,1723.405122,-34.1388,25.22,0,22,0
7080,32,29,0,1724.269799,-1.7328,25.22,0,58,0
7081,37,23,0,1730.535475,-12.5348,25.22,0,46,0
7082,54,18,0,1747.464544,-33.8616,25.22,0,36,0
7083,26,19,0,1750.447997,-5.9704,25.22,0,38,0
7084,8,17,0,1745.595767,9.700957934,25.22,0,34,0
7085,11,17,0,1742.243543,6.700957934,25.22,0,34,0
7086,17,18,0,1741.370705,1.742190754,25.22,0,36,0
7087,19,16,0,1742.492764,-2.2476,25.22,0,32,0
7088,4,17,0,1735.640542,13.70095793,25.22,0,34,0
7089,0,7,0,1731.994492,7.288629738,25.22,0,14,0
7090,0,6,0,1728.869061,6.247396918,25.22,0,12,0
7091,0,6,0,1725.743634,6.247396918,25.22,0,12,0
7092,0,6,0,1722.61821,6.247396918,25.22,0,12,0
7093,0,7,0,1718.972172,7.288629738,25.22,0,14,0
7094,0,6,0,1715.846755,6.247396918,25.22,0,12,0
7095,0,6,0,1712.721341,6.247396918,25.22,0,12,0
7096,0,7,0,1709.075313,7.288629738,25.22,0,14,0
7097,0,5,0,1706.470522,5.206164098,25.22,0,10,0
7098,0,6,0,1703.345117,6.247396918,25.22,0,12,0
7099,0,6,0,1700.219715,6.247396918,25.22,0,12,0
7100,0,6,0,1697.094316,6.247396918,25.22,0,12,0
7101,0,6,0,1693.968921,6.247396918,25.22,0,12,0
7102,0,7,0,1690.322912,7.288629738,25.22,0,14,0
7103,0,6,0,1687.197523,6.247396918,25.22,0,12,0
7104,0,6,0,1684.072138,6.247396918,25.22,0,12,0
7105,0,6,0,1680.946755,6.247396918,25.22,0,12,0
7106,0,7,0,1677.300759,7.288629738,25.22,0,14,0
7107,0,6,0,1674.175383,6.247396918,25.22,0,12,0
7108,0,6,0,1671.050011,6.247396918,25.22,0,12,0
7109,0,7,0,1667.404025,7.288629738,25.22,0,14,0
7110,0,6,0,1664.278659,6.247396918,25.22,0,12,0
7111,0,6,0,1661.153296,6.247396918,25.22,0,12,0
7112,0,6,0,1658.027937,6.247396918,25.22,0,12,0
7113,0,6,0,1654.90258,6.247396918,25.22,0,12,0
7114,0,5,0,1652.297843,5.206164098,25.22,0,10,0
7115,1,6,0,1649.672493,5.247396918,25.22,0,12,0
7116,5,5,0,1649.567761,0.206164098,25.22,0,10,0
7117,15,6,0,1653.769111,-8.406,25.22,0,12,0
7118,36,5,0,1668.554657,-29.5744,25.22,0,10,0
7119,45,7,0,1686.661989,-36.218,25.22,0,14,0
7120,58,7,0,1711.011902,-48.7032,25.22,0,14,0
7121,59,39,0,1719.841991,-17.6636,25.22,0,78,0
7122,58,35,0,1730.191871,-20.7032,25.22,0,70,0
7123,76,61,0,1736.185341,-11.9904,25.22,0,122,0
7124,81,51,0,1749.579805,-26.7924,25.22,0,102,0
7125,35,50,0,1741.047235,17.06164098,25.22,0,100,0
7126,27,35,0,1736.32392,9.443148688,25.22,0,70,0
7127,59,18,0,1755.653983,-38.6636,25.22,0,36,0
7128,72,47,0,1766.726628,-22.1488,25.22,0,94,0
7129,21,30,0,1761.606369,10.23698459,25.22,0,60,0
7130,24,27,0,1759.547964,4.113286131,25.22,0,54,0
7131,17,23,0,1756.072027,6.948354852,25.22,0,46,0
7132,7,26,0,1746.034244,20.07205331,25.22,0,52,0
7133,8,22,0,1738.578937,14.90712203,25.22,0,44,0
7134,8,18,0,1733.206103,10.74219075,25.22,0,36,0
7135,7,18,0,1727.333275,11.74219075,25.22,0,36,0
7136,3,21,0,1717.898603,18.86588921,25.22,0,42,0
7137,1,8,0,1714.231953,7.329862557,25.22,0,16,0
7138,0,7,0,1710.585924,7.288629738,25.22,0,14,0
7139,0,7,0,1706.939899,7.288629738,25.22,0,14,0
7140,0,8,0,1702.773261,8.329862557,25.22,0,16,0
7141,0,7,0,1699.127243,7.288629738,25.22,0,14,0
7142,0,7,0,1695.481229,7.288629738,25.22,0,14,0
7143,0,8,0,1691.314602,8.329862557,25.22,0,16,0
7144,0,7,0,1687.668596,7.288629738,25.22,0,14,0
7145,0,7,0,1684.022594,7.288629738,25.22,0,14,0
7146,0,8,0,1679.855978,8.329862557,25.22,0,16,0
7147,0,7,0,1676.209984,7.288629738,25.22,0,14,0
7148,0,7,0,1672.563992,7.288629738,25.22,0,14,0
7149,0,7,0,1668.918005,7.288629738,25.22,0,14,0
7150,0,8,0,1664.751405,8.329862557,25.22,0,16,0
7151,0,7,0,1661.105425,7.288629738,25.22,0,14,0
7152,0,6,0,1657.980066,6.247396918,25.22,0,12,0
7153,0,6,0,1654.854709,6.247396918,25.22,0,12,0
7154,0,5,0,1652.249972,5.206164098,25.22,0,10,0
7155,0,6,0,1649.124622,6.247396918,25.22,0,12,0
7156,0,5,0,1646.51989,5.206164098,25.22,0,10,0
7157,0,6,0,1643.394545,6.247396918,25.22,0,12,0
7158,0,5,0,1640.78982,5.206164098,25.22,0,10,0
7159,0,6,0,1637.664481,6.247396918,25.22,0,12,0
7160,0,5,0,1635.059761,5.206164098,25.22,0,10,0
7161,0,6,0,1631.934428,6.247396918,25.22,0,12,0
7162,0,6,0,1628.809097,6.247396918,25.22,0,12,0
7163,0,6,0,1625.68377,6.247396918,25.22,0,12,0
7164,6,7,0,1625.037829,1.288629738,25.22,0,14,0
7165,10,6,0,1626.838204,-3.604,25.22,0,12,0
7166,26,6,0,1636.321777,-18.9704,25.22,0,12,0
7167,32,6,0,1648.686541,-24.7328,25.22,0,12,0
7168,34,10,0,1660.011692,-22.6536,25.22,0,20,0
7169,54,9,0,1681.440832,-42.8616,25.22,0,18,0
7170,70,11,0,1709.553151,-56.228,25.22,0,22,0
7171,66,9,0,1736.744641,-54.3864,25.22,0,18,0
7172,80,11,0,1769.658905,-65.832,25.22,0,22,0
7173,60,11,0,1792.969135,-46.624,25.22,0,22,0
7174,71,8,0,1823.061542,-60.1884,25.22,0,16,0
7175,96,8,0,1865.158919,-84.1984,25.22,0,16,0
7176,100,8,0,1909.177054,-88.04,25.22,0,16,0
7177,98,8,0,1952.234745,-86.1192,25.22,0,16,0
7178,78,7,0,1986.188392,-67.9112,25.22,0,14,0
7179,53,8,0,2007.637006,-42.9012,25.22,0,16,0
7180,50,7,0,2028.144999,-41.02,25.22,0,14,0
7181,57,8,0,2051.51437,-46.7428,25.22,0,16,0
7182,29,8,0,2061.438119,-19.8516,25.22,0,16,0
7183,18,7,0,2066.579658,-10.2872,25.22,0,14,0
7184,10,6,0,2068.379591,-3.604,25.22,0,12,0
7185,2,6,0,2066.253824,4.247396918,25.22,0,12,0
7186,0,7,0,2062.607443,7.288629738,25.22,0,14,0
7187,0,7,0,2058.961065,7.288629738,25.22,0,14,0
7188,0,7,0,2055.314692,7.288629738,25.22,0,14,0
7189,0,8,0,2051.147705,8.329862557,25.22,0,16,0
7190,0,7,0,2047.501339,7.288629738,25.22,0,14,0
7191,0,6,0,2044.375593,6.247396918,25.22,0,12,0
7192,0,6,0,2041.24985,6.247396918,25.22,0,12,0
7193,0,6,0,2038.124111,6.247396918,25.22,0,12,0
7194,0,5,0,2035.51899,5.206164098,25.22,0,10,0
7195,0,5,0,2032.913873,5.206164098,25.22,0,10,0
7196,0,6,0,2029.788141,6.247396918,25.22,0,12,0
7197,0,5,0,2027.18303,5.206164098,25.22,0,10,0
7198,0,6,0,2024.057304,6.247396918,25.22,0,12,0
7199,0,5,0,2021.452198,5.206164098,25.22,0,10,0
7200,0,6,0,2018.326478,6.247396918,25.22,0,12,0
7201,0,5,0,2015.721378,5.206164098,25.22,0,10,0
7202,0,5,0,2013.11628,5.206164098,25.22,0,10,0
7203,0,6,0,2009.990568,6.247396918,25.22,0,12,0
7204,0,5,0,2007.385476,5.206164098,25.22,0,10,0
7205,0,6,0,2004.25977,6.247396918,25.22,0,12,0
7206,0,5,0,2001.654684,5.206164098,25.22,0,10,0
7207,0,6,0,1998.528984,6.247396918,25.22,0,12,0
7208,0,5,0,1995.923903,5.206164098,25.22,0,10,0
7209,0,6,0,1992.798209,6.247396918,25.22,0,12,0
7210,0,5,0,1990.193134,5.206164098,25.22,0,10,0
7211,0,6,0,1987.067445,6.247396918,25.22,0,12,0
7212,8,5,0,1988.407058,-2.6832,25.22,0,10,0
7213,25,6,0,1997.41007,-18.01,25.22,0,12,0
7214,15,6,0,2001.611073,-8.406,25.22,0,12,0
7215,20,7,0,2007.713071,-12.208,25.22,0,14,0
7216,54,6,0,2030.641863,-45.8616,25.22,0,12,0
7217,55,7,0,2053.550833,-45.822,25.22,0,14,0
7218,37,6,0,2068.316179,-29.5348,25.22,0,12,0
7219,77,7,0,2101.789511,-66.9508,25.22,0,14,0
7220,62,7,0,2128.059809,-52.5448,25.22,0,14,0
7221,42,8,0,2144.226081,-32.3368,25.22,0,16,0
7222,42,7,0,2160.892337,-33.3368,25.22,0,14,0
7223,33,8,0,2172.736776,-23.6932,25.22,0,16,0
7224,42,7,0,2189.403003,-33.3368,25.22,0,14,0
7225,31,8,0,2200.287014,-21.7724,25.22,0,16,0
7226,28,7,0,2210.230413,-19.8912,25.22,0,14,0
7227,17,7,0,2214.891603,-9.3268,25.22,0,14,0
7228,23,7,0,2222.433988,-15.0892,25.22,0,14,0
7229,28,6,0,2232.877366,-20.8912,25.22,0,12,0
7230,30,6,0,2244.281133,-22.812,25.22,0,12,0
7231,17,7,0,2248.942289,-9.3268,25.22,0,14,0
7232,19,6,0,2255.06384,-12.2476,25.22,0,12,0
7233,6,7,0,2254.41727,1.288629738,25.22,0,14,0
7234,1,7,0,2251.2707,6.288629738,25.22,0,14,0
7235,0,7,0,2247.624134,7.288629738,25.22,0,14,0
7236,0,7,0,2243.977572,7.288629738,25.22,0,14,0
7237,0,7,0,2240.331013,7.288629738,25.22,0,14,0
7238,0,6,0,2237.205074,6.247396918,25.22,0,12,0
7239,0,7,0,2233.558522,7.288629738,25.22,0,14,0
7240,0,6,0,2230.43259,6.247396918,25.22,0,12,0
7241,0,5,0,2227.827278,5.206164098,25.22,0,10,0
7242,0,6,0,2224.701351,6.247396918,25.22,0,12,0
7243,0,5,0,2222.096045,5.206164098,25.22,0,10,0
7244,0,6,0,2218.970124,6.247396918,25.22,0,12,0
7245,0,5,0,2216.364823,5.206164098,25.22,0,10,0
7246,0,6,0,2213.238908,6.247396918,25.22,0,12,0
7247,0,5,0,2210.633613,5.206164098,25.22,0,10,0
7248,0,6,0,2207.507704,6.247396918,25.22,0,12,0
7249,0,5,0,2204.902414,5.206164098,25.22,0,10,0
7250,0,6,0,2201.776511,6.247396918,25.22,0,12,0
7251,0,5,0,2199.171227,5.206164098,25.22,0,10,0
7252,0,6,0,2196.045329,6.247396918,25.22,0,12,0
7253,0,7,0,2192.398819,7.288629738,25.22,0,14,0
7254,0,6,0,2189.272928,6.247396918,25.22,0,12,0
7255,0,6,0,2186.14704,6.247396918,25.22,0,12,0
7256,0,6,0,2183.021155,6.247396918,25.22,0,12,0
7257,0,6,0,2179.895274,6.247396918,25.22,0,12,0
7258,0,7,0,2176.248779,7.288629738,25.22,0,14,0
7259,0,6,0,2173.122904,6.247396918,25.22,0,12,0
7260,0,6,0,2169.997033,6.247396918,25.22,0,12,0
7261,0,6,0,2166.871164,6.247396918,25.22,0,12,0
7262,2,7,0,2164.224683,5.288629738,25.22,0,14,0
7263,3,6,0,2162.59882,3.247396918,25.22,0,12,0
7264,1,6,0,2159.972959,5.247396918,25.22,0,12,0
7265,24,8,0,2167.495599,-15.0496,25.22,0,16,0
7266,13,9,0,2169.236031,-3.4852,25.22,0,18,0
7267,40,9,0,2183.941862,-29.416,25.22,0,18,0
7268,38,35,0,2184.687278,-1.4952,25.22,0,70,0
7269,36,28,0,2187.972294,-6.5744,25.22,0,56,0
7270,33,15,0,2196.316706,-16.6932,25.22,0,30,0
7271,26,10,0,2203.799709,-14.9704,25.22,0,20,0
7272,10,27,0,2194.740862,18.11328613,25.22,0,54,0
7273,26,12,0,2201.223868,-12.9704,25.22,0,24,0
7274,17,15,0,2201.885066,-1.3268,25.22,0,30,0
7275,17,11,0,2204.546265,-5.3268,25.22,0,22,0
7276,25,18,0,2207.54906,-6.01,25.22,0,36,0
7277,48,24,0,2218.596452,-22.0992,25.22,0,48,0
7278,45,36,0,2222.203234,-7.218,25.22,0,72,0
7279,32,42,0,2216.335122,11.73177843,25.22,0,84,0
7280,20,38,0,2206.549482,19.56684715,25.22,0,76,0
7281,0,32,0,2189.887551,33.31945023,25.22,0,64,0
7282,0,15,0,2182.076115,15.61849229,25.22,0,30,0
7283,0,7,0,2178.429618,7.288629738,25.22,0,14,0
7284,0,7,0,2174.783125,7.288629738,25.22,0,14,0
7285,0,8,0,2170.616018,8.329862557,25.22,0,16,0
7286,0,7,0,2166.969533,7.288629738,25.22,0,14,0
7287,0,6,0,2163.843668,6.247396918,25.22,0,12,0
7288,0,6,0,2160.717805,6.247396918,25.22,0,12,0
7289,0,6,0,2157.591946,6.247396918,25.22,0,12,0
7290,0,6,0,2154.46609,6.247396918,25.22,0,12,0
7291,0,5,0,2151.860854,5.206164098,25.22,0,10,0
7292,0,5,0,2149.25562,5.206164098,25.22,0,10,0
7293,0,6,0,2146.129772,6.247396918,25.22,0,12,0
7294,0,5,0,2143.524544,5.206164098,25.22,0,10,0
7295,0,6,0,2140.398702,6.247396918,25.22,0,12,0
7296,0,5,0,2137.793479,5.206164098,25.22,0,10,0
7297,0,5,0,2135.188259,5.206164098,25.22,0,10,0
7298,0,6,0,2132.062426,6.247396918,25.22,0,12,0
7299,0,5,0,2129.457212,5.206164098,25.22,0,10,0
7300,0,6,0,2126.331384,6.247396918,25.22,0,12,0
7301,0,5,0,2123.726175,5.206164098,25.22,0,10,0
7302,0,5,0,2121.12097,5.206164098,25.22,0,10,0
7303,0,6,0,2117.99515,6.247396918,25.22,0,12,0
7304,0,5,0,2115.38995,5.206164098,25.22,0,10,0
7305,0,5,0,2112.784753,5.206164098,25.22,0,10,0
7306,0,6,0,2109.658941,6.247396918,25.22,0,12,0
7307,1,5,0,2107.55375,4.206164098,25.22,0,10,0
7308,8,6,0,2108.393242,-1.6832,25.22,0,12,0
7309,18,5,0,2114.534734,-12.2872,25.22,0,10,0
7310,34,7,0,2127.359419,-25.6536,25.22,0,14,0
7311,47,6,0,2146.926692,-39.1388,25.22,0,12,0
7312,61,7,0,2172.716745,-51.5844,25.22,0,14,0
7313,59,12,0,2195.046372,-44.6636,25.22,0,24,0
7314,65,15,0,2218.757177,-47.426,25.22,0,30,0
7315,84,21,0,2248.591758,-59.6736,25.22,0,42,0
7316,88,18,0,2281.84711,-66.5152,25.22,0,36,0
7317,83,24,0,2309.701428,-55.7132,25.22,0,48,0
7318,95,43,0,2333.818118,-48.238,25.22,0,86,0
7319,80,20,0,2362.231784,-56.832,25.22,0,40,0
7320,92,33,0,2389.907822,-55.3568,25.22,0,66,0
7321,91,36,0,2415.603632,-51.3964,25.22,0,72,0
7322,88,31,0,2442.358817,-53.5152,25.22,0,62,0
7323,77,31,0,2463.831774,-42.9508,25.22,0,62,0
7324,69,26,0,2483.96311,-40.2676,25.22,0,52,0
7325,33,21,0,2489.307226,-10.6932,25.22,0,42,0
7326,39,29,0,2493.532537,-8.4556,25.22,0,58,0
7327,27,42,0,2485.164154,16.73177843,25.22,0,84,0
7328,23,26,0,2483.125643,4.072053311,25.22,0,52,0
7329,1,7,0,2479.978845,6.288629738,25.22,0,14,0
7330,0,5,0,2477.373283,5.206164098,25.22,0,10,0
7331,0,7,0,2473.72649,7.288629738,25.22,0,14,0
7332,0,6,0,2470.600318,6.247396918,25.22,0,12,0
7333,0,6,0,2467.474149,6.247396918,25.22,0,12,0
7334,0,6,0,2464.347983,6.247396918,25.22,0,12,0
7335,0,7,0,2460.701204,7.288629738,25.22,0,14,0
7336,0,6,0,2457.575045,6.247396918,25.22,0,12,0
7337,0,5,0,2454.969505,5.206164098,25.22,0,10,0
7338,0,6,0,2451.843352,6.247396918,25.22,0,12,0
7339,0,5,0,2449.237818,5.206164098,25.22,0,10,0
7340,0,6,0,2446.11167,6.247396918,25.22,0,12,0
7341,0,5,0,2443.506142,5.206164098,25.22,0,10,0
7342,0,6,0,2440.38,6.247396918,25.22,0,12,0
,,,,,,,,,63242.7531